timestamp,open,high,low,close,volume,RSI,MACD,MACD_SIGNAL,ATR,SMA_50,Log_Ret,Target,time_diff
2025-12-26 20:00:00+05:30,88948.5,89024.0,88233.0,88372.0,517480.0,40.72458906407246,18.45300588202372,29.173344238464647,183.82142857142856,88826.32,-0.0064967519284037985,0,0 days 00:15:00
2025-12-26 20:15:00+05:30,88372.0,88408.5,87310.5,87353.5,670194.0,24.86176530821217,-94.25468016816012,4.487739357139695,256.4642857142857,88793.27,-0.011592072922263205,0,0 days 00:15:00
2025-12-26 20:30:00+05:30,87353.5,87356.0,86734.5,86746.5,589558.0,19.9310458052865,-229.90594781239636,-42.39099807676752,292.9642857142857,88744.2,-0.006973032274790118,1,0 days 00:15:00
2025-12-26 20:45:00+05:30,86738.5,87087.0,86628.5,86991.0,369212.0,26.37039331062249,-314.061146703898,-96.7250278021936,319.1428571428572,88700.85,0.0028145928358512514,0,0 days 00:15:00
2025-12-26 21:00:00+05:30,86982.0,87147.0,86875.0,86982.5,198576.0,22.620398897356893,-377.09372536014416,-152.79876731378374,325.5357142857143,88660.29,-9.77160315422742e-05,1,0 days 00:15:00
2025-12-26 21:15:00+05:30,86998.5,87195.5,86940.5,87109.0,154972.0,25.507336871682796,-412.08969182462897,-204.6569522159528,337.5357142857143,88626.31,0.001453259030608527,0,0 days 00:15:00
2025-12-26 21:30:00+05:30,87109.0,87242.0,86988.5,86988.5,176039.0,23.52402745995424,-444.4245408572024,-252.61046994420275,347.25,88591.78,-0.0013842820171709742,1,0 days 00:15:00
2025-12-26 21:45:00+05:30,86988.5,87295.5,86988.5,87225.5,145686.0,29.225862568860535,-445.7874619983049,-291.2458683550232,361.8571428571428,88560.2,0.00272079334845228,1,0 days 00:15:00
2025-12-26 22:00:00+05:30,87226.5,87357.0,87128.5,87242.5,110650.0,26.231489876095495,-440.4189533538884,-321.0804853547963,361.9285714285714,88531.21,0.00019487814445983583,0,0 days 00:15:00
2025-12-26 22:15:00+05:30,87242.5,87272.0,86809.0,86830.0,195879.0,23.74504171795924,-464.09982033215056,-349.6843523502672,387.8928571428572,88494.24,-0.00473941342983328,1,0 days 00:15:00
2025-12-26 22:30:00+05:30,86831.0,87058.0,86778.0,86955.5,159868.0,23.430847411069905,-467.35292328853393,-373.2180665379206,387.6785714285714,88453.45,0.0014443094713471696,1,0 days 00:15:00
2025-12-26 22:45:00+05:30,86970.0,87292.5,86955.0,87266.5,142358.0,28.045947341249345,-439.76657462713774,-386.527768155764,400.1071428571428,88420.09,0.003570161407114136,1,0 days 00:15:00
2025-12-26 23:00:00+05:30,87265.5,87446.5,87174.0,87354.0,201484.0,29.971917283635435,-406.1616966203292,-390.45455384867705,409.57142857142856,88389.15,0.0010021733682287492,0,0 days 00:15:00
2025-12-26 23:15:00+05:30,87353.0,87432.0,87239.5,87298.0,100269.0,29.103343465045597,-379.6717016392795,-388.2979834067976,416.4642857142857,88357.49,-0.0006412752435596992,1,0 days 00:15:00
2025-12-26 23:30:00+05:30,87298.0,87354.5,87200.0,87305.0,81159.0,34.211305119857954,-354.03228447018773,-381.4448436194756,371.0,88326.92,8.018189840662538e-05,0,0 days 00:15:00
2025-12-26 23:45:00+05:30,87302.0,87341.0,87183.5,87184.5,60235.0,46.59411527609834,-339.5224016799329,-373.0603552315671,303.82142857142856,88291.33,-0.0013811721525461053,1,0 days 00:15:00
2025-12-27 00:00:00+05:30,87183.5,87289.5,87178.0,87187.5,48634.0,61.74746936600959,-324.0457424946362,-363.2574326841809,267.3928571428572,88254.0,3.44091941399973e-05,1,0 days 00:15:00
2025-12-27 00:15:00+05:30,87188.5,87317.5,87098.5,87240.5,78323.0,57.40136458024325,-303.99940561162657,-351.40582726967006,250.28571428571428,88217.96,0.0006077006172298544,1,0 days 00:15:00
2025-12-27 00:30:00+05:30,87240.5,87349.5,87210.0,87280.5,49128.0,58.67792661619103,-281.6383222347795,-337.45232626269194,240.82142857142856,88179.41,0.00045839756476778417,1,0 days 00:15:00
2025-12-27 00:45:00+05:30,87280.5,87371.0,87208.5,87326.5,35638.0,56.64527956003666,-257.23988571748487,-321.4098381536505,234.2142857142857,88144.05,0.0005268975592526969,1,0 days 00:15:00
2025-12-27 01:00:00+05:30,87326.5,87437.0,87319.5,87436.0,36638.0,63.76499538603507,-226.457750147325,-302.4194205523854,224.5,88106.25,0.0012531294108207697,1,0 days 00:15:00
2025-12-27 01:15:00+05:30,87438.0,87560.5,87386.0,87462.0,86923.0,58.3598444680099,-197.68590318896167,-281.47271707970066,215.03571428571428,88067.91,0.00029731615217469445,1,0 days 00:15:00
2025-12-27 01:30:00+05:30,87463.0,87533.0,87354.0,87492.0,41089.0,58.73905429071804,-170.4978646524978,-259.27774659426007,211.5,88042.57,0.0003429472923630003,1,0 days 00:15:00
2025-12-27 01:45:00+05:30,87493.0,87606.5,87463.0,87568.5,58980.0,83.82959230416857,-141.1511351478257,-235.6524243049732,188.67857142857144,88025.1,0.0008739836213141296,1,0 days 00:15:00
2025-12-27 02:00:00+05:30,87568.5,87650.0,87531.5,87650.0,32014.0,83.15035799522673,-110.04869881056948,-210.5316792060925,177.14285714285714,88005.28,0.0009302671336358935,0,0 days 00:15:00
2025-12-27 02:15:00+05:30,87649.0,87759.0,87530.0,87556.0,67181.0,67.42925948223962,-91.92515240603824,-186.81037384608163,169.39285714285714,87982.34,-0.0010730227163353743,1,0 days 00:15:00
2025-12-27 02:30:00+05:30,87576.0,87667.0,87508.5,87619.5,26727.0,66.46001239925604,-71.6126855374605,-163.77083618435742,161.25,87962.54,0.000724987258849915,0,0 days 00:15:00
2025-12-27 02:45:00+05:30,87621.0,87626.5,87509.0,87544.0,20846.0,64.8910411622276,-60.90505268560082,-143.1976794846061,155.89285714285714,87939.11,-0.0008620517936162441,0,0 days 00:15:00
2025-12-27 03:00:00+05:30,87524.0,87524.0,87435.5,87467.5,23233.0,59.07314349525405,-57.92437107588921,-126.14301780286274,152.60714285714286,87915.24,-0.0008742283206789405,0,0 days 00:15:00
2025-12-27 03:15:00+05:30,87467.5,87519.0,87420.0,87438.5,16883.0,65.79601990049751,-57.24236273692805,-112.3628867896758,148.42857142857142,87889.56,-0.0003316066946330102,0,0 days 00:15:00
2025-12-27 03:30:00+05:30,87438.5,87561.0,87429.0,87429.0,16538.0,64.898210980876,-56.81352585896093,-101.25301460353285,149.89285714285714,87862.97,-0.00010865369504739952,0,0 days 00:15:00
2025-12-27 03:45:00+05:30,87430.0,87494.5,87358.5,87386.5,23821.0,59.125,-59.22040835220832,-92.84649335326796,143.96428571428572,87834.83,-0.0004862269173764198,1,0 days 00:15:00
2025-12-27 04:00:00+05:30,87399.0,87490.5,87278.5,87404.5,16153.0,57.969151670951156,-58.99536861496745,-86.07626840560786,149.14285714285714,87805.86,0.00020596026183986464,1,0 days 00:15:00
2025-12-27 04:15:00+05:30,87369.0,87514.5,87278.0,87514.5,12383.0,61.163895486935864,-49.37181476254773,-78.73537767699584,154.42857142857142,87780.12,0.0012577251699414976,0,0 days 00:15:00
2025-12-27 04:30:00+05:30,87513.5,87517.5,87438.0,87450.0,9933.0,50.87829360100376,-46.414650749837165,-72.2712322915641,151.71428571428572,87754.68,-0.0007372924555764427,0,0 days 00:15:00
2025-12-27 04:45:00+05:30,87450.0,87509.0,87416.0,87416.0,4018.0,47.142857142857146,-46.28109318146016,-67.07320446954333,145.89285714285714,87728.47,-0.00038886919616687346,0,0 days 00:15:00
2025-12-27 05:00:00+05:30,87416.0,87444.5,87303.0,87330.5,12770.0,40.615920976176646,-52.46954701613868,-64.1524729788624,143.21428571428572,87702.11,-0.000978560449826032,0,0 days 00:15:00
2025-12-27 05:15:00+05:30,87322.5,87377.0,87295.0,87329.5,18039.0,34.77707006369427,-56.79987925681053,-62.68195423445204,138.82142857142858,87677.08,-1.145081873370004e-05,0,0 days 00:15:00
2025-12-27 05:30:00+05:30,87339.0,87376.0,87241.0,87290.5,20621.0,25.7912457912458,-62.65640874158999,-62.67684513587963,140.0,87651.33,-0.00044668423603779725,0,0 days 00:15:00
2025-12-27 05:45:00+05:30,87290.5,87327.0,87211.5,87282.0,15720.0,29.147640791476405,-67.20888729812577,-63.583253568328864,131.89285714285714,87626.63,-9.73807444667796e-05,1,0 days 00:15:00
2025-12-27 06:00:00+05:30,87281.0,87371.0,87280.0,87356.0,9737.0,30.262172284644194,-64.10659685329301,-63.6879222253217,127.07142857142856,87600.33,0.0008474673831457449,1,0 days 00:15:00
2025-12-27 06:15:00+05:30,87357.0,87386.5,87346.5,87369.0,14440.0,35.53719008264463,-59.90843087111716,-62.9320239544808,121.53571428571428,87574.15,0.00014880526569159336,0,0 days 00:15:00
2025-12-27 06:30:00+05:30,87368.0,87375.0,87320.0,87366.5,11423.0,40.48964218455744,-56.1359825275722,-61.572815669099086,117.71428571428572,87547.0,-2.8614677614634448e-05,0,0 days 00:15:00
2025-12-27 06:45:00+05:30,87366.5,87366.5,87293.0,87347.5,8454.0,41.266794625719776,-54.05630382505478,-60.06951330029023,115.89285714285714,87520.78,-0.00021749831238370413,1,0 days 00:15:00
2025-12-27 07:00:00+05:30,87351.0,87448.0,87351.0,87404.5,16104.0,47.845206684256816,-47.26389112276957,-57.5083888647861,113.64285714285714,87492.56,0.0006523530720270527,1,0 days 00:15:00
2025-12-27 07:15:00+05:30,87401.5,87454.0,87378.0,87441.0,22670.0,54.84444444444445,-38.49189950563596,-53.70509099295607,109.35714285714286,87466.39,0.0004175114661825409,0,0 days 00:15:00
2025-12-27 07:30:00+05:30,87441.0,87468.5,87351.0,87441.0,16059.0,53.351698806244265,-31.18060237533064,-49.20019326943099,102.60714285714286,87437.41,0.0,0,0 days 00:15:00
2025-12-27 07:45:00+05:30,87442.0,87442.0,87379.0,87413.5,8134.0,39.06926406926407,-27.29077582168975,-44.818309779882746,90.21428571428572,87406.33,-0.0003145472404397232,1,0 days 00:15:00
2025-12-27 08:00:00+05:30,87412.5,87427.5,87381.0,87427.5,8750.0,47.26609963547995,-22.815375805905205,-40.41772298508724,87.85714285714286,87376.42,0.0001601455039713559,0,0 days 00:15:00
2025-12-27 08:15:00+05:30,87426.5,87435.0,87400.0,87420.0,7346.0,50.51948051948051,-19.647294587790384,-36.263637305627874,83.71428571428571,87345.86,-8.578904479156267e-05,0,0 days 00:15:00
2025-12-27 08:30:00+05:30,87420.0,87455.0,87347.0,87348.0,25691.0,52.35531628532974,-22.6848686238518,-33.54788356927266,81.32142857142857,87325.38,-0.0008239495110472701,1,0 days 00:15:00
2025-12-27 08:45:00+05:30,87348.0,87395.0,87348.0,87395.0,15020.0,57.84431137724551,-21.05692955100676,-31.049692765619483,78.82142857142857,87326.21,0.0005379328629287818,1,0 days 00:15:00
2025-12-27 09:00:00+05:30,87395.0,87486.5,87395.0,87474.0,27978.0,70.05464480874318,-13.239519399299752,-27.487658092355534,75.71428571428571,87340.76,0.0009035335636900899,1,0 days 00:15:00
2025-12-27 09:15:00+05:30,87473.0,87502.5,87463.5,87482.5,33795.0,71.91256830601093,-6.285827463929309,-23.247291966670293,70.25,87350.59,9.716701016190971e-05,0,0 days 00:15:00
2025-12-27 09:30:00+05:30,87481.5,87491.0,87442.0,87459.5,21561.0,62.730627306273064,-2.600902700170991,-19.11801411337043,67.25,87360.13,-0.00026294429162260663,0,0 days 00:15:00
2025-12-27 09:45:00+05:30,87458.5,87468.0,87425.0,87434.5,18838.0,57.82556750298686,-1.678515461346251,-15.630114382965596,67.46428571428571,87366.64,-0.0002858874537750964,1,0 days 00:15:00
2025-12-27 10:00:00+05:30,87434.5,87469.5,87421.5,87469.5,19668.0,61.4190687361419,1.85530377663963,-12.13303075104455,66.96428571428571,87376.26,0.00040021955435175477,0,0 days 00:15:00
2025-12-27 10:15:00+05:30,87469.0,87469.0,87431.5,87436.0,12013.0,59.50590762620838,1.9304578374139965,-9.320333033352842,64.42857142857143,87380.47,-0.0003830640020999143,0,0 days 00:15:00
2025-12-27 10:30:00+05:30,87437.0,87452.5,87410.0,87432.5,19176.0,53.39805825242718,1.6881374253425747,-7.118638941613759,60.285714285714285,87384.27,-4.003007975101428e-05,0,0 days 00:15:00
2025-12-27 10:45:00+05:30,87432.5,87437.0,87412.5,87424.0,12126.0,47.786458333333336,0.8009845392516581,-5.534714245440676,56.60714285714285,87396.15,-9.722257973477119e-05,1,0 days 00:15:00
2025-12-27 11:00:00+05:30,87423.0,87482.5,87423.0,87471.5,25496.0,53.53418308227115,3.885967496986268,-3.650577896955287,52.46428571428572,87406.47,0.0005431815131651566,1,0 days 00:15:00
2025-12-27 11:15:00+05:30,87471.5,87483.0,87450.0,87474.5,14137.0,57.4938574938575,6.498008646260132,-1.6208605883122031,50.32142857142857,87410.63,3.429629714640094e-05,1,0 days 00:15:00
2025-12-27 11:30:00+05:30,87474.5,87535.5,87438.5,87500.0,35927.0,58.661887694145754,10.504616285776136,0.8042347865054651,53.92857142857143,87413.55,0.00029147104498700865,0,0 days 00:15:00
2025-12-27 11:45:00+05:30,87500.5,87500.5,87408.5,87436.5,33013.0,51.73867228661749,8.458458552777302,2.3350795397598323,58.0,87416.32,-0.0007259777437978158,0,0 days 00:15:00
2025-12-27 12:00:00+05:30,87436.5,87441.0,87382.5,87422.5,38223.0,58.94357743097239,5.642141712931334,2.9964919743941327,54.46428571428572,87418.67,-0.0001601290185796734,1,0 days 00:15:00
2025-12-27 12:15:00+05:30,87423.5,87440.5,87404.5,87435.0,18978.0,55.23560209424084,4.368478756208788,3.270889330757064,53.67857142857143,87423.68,0.00014297356443163906,1,0 days 00:15:00
2025-12-27 12:30:00+05:30,87436.0,87523.5,87435.0,87519.5,29736.0,55.87096774193549,10.061552180355648,4.629021900676781,53.46428571428572,87430.32,0.0009659655118388235,1,0 days 00:15:00
2025-12-27 12:45:00+05:30,87518.5,87679.5,87499.0,87561.5,112699.0,59.38242280285035,17.75770312883833,7.254758146309092,63.57142857142857,87436.74,0.00047977794056071495,0,0 days 00:15:00
2025-12-27 13:00:00+05:30,87560.5,87561.5,87493.0,87512.5,49043.0,55.92841163310962,19.67625212689745,9.739056942426764,64.96428571428571,87441.38,-0.000559763314706374,0,0 days 00:15:00
2025-12-27 13:15:00+05:30,87513.5,87518.0,87481.0,87500.0,23614.0,57.537399309551205,19.95800701569533,11.782846957080478,64.53571428571429,87444.85,-0.0001428469397472638,1,0 days 00:15:00
2025-12-27 13:30:00+05:30,87499.0,87576.0,87499.0,87522.0,30348.0,56.22775800711743,21.706299227516865,13.767537411167757,66.60714285714286,87446.57,0.00025139696856243515,1,0 days 00:15:00
2025-12-27 13:45:00+05:30,87521.0,87644.0,87521.0,87573.0,38203.0,65.60364464692483,26.897054672939703,16.393440863522148,72.67857142857143,87448.79,0.0005825409228390529,1,0 days 00:15:00
2025-12-27 14:00:00+05:30,87572.0,87609.0,87556.0,87578.0,21797.0,66.51532349602724,31.056227119654068,19.325998114748533,73.42857142857143,87450.51,5.709359354334235e-05,0,0 days 00:15:00
2025-12-27 14:15:00+05:30,87577.0,87578.0,87548.0,87554.0,17100.0,64.25438596491227,32.04639097825566,21.87007668744996,73.82142857142857,87450.22,-0.00027407898214193064,1,0 days 00:15:00
2025-12-27 14:30:00+05:30,87555.0,87629.0,87546.0,87613.0,24747.0,65.13368983957218,37.16351205290994,24.92876376054196,75.5,87449.48,0.0006736428919962062,0,0 days 00:15:00
2025-12-27 14:45:00+05:30,87614.5,87632.0,87508.5,87532.5,39499.0,55.32110091743119,34.32748426748731,26.80850786193103,81.96428571428571,87449.01,-0.0009192357858866589,1,0 days 00:15:00
2025-12-27 15:00:00+05:30,87536.0,87618.0,87536.0,87567.0,19801.0,56.04693140794223,34.46646552658058,28.34009939486094,81.14285714285714,87447.96,0.0003940616671829583,1,0 days 00:15:00
2025-12-27 15:15:00+05:30,87566.0,87601.0,87566.0,87583.5,13668.0,64.49704142011834,35.49881305973395,29.771842127835544,77.07142857142857,87448.75,0.00018840939704781415,0,0 days 00:15:00
2025-12-27 15:30:00+05:30,87583.5,87584.5,87512.0,87513.0,29958.0,58.0301685891748,30.279155850003008,29.87330487226904,78.07142857142857,87449.66,-0.0008052702802135615,0,0 days 00:15:00
2025-12-27 15:45:00+05:30,87518.0,87594.0,87508.5,87509.5,22718.0,56.717763751127144,25.56541694380576,29.011727286576384,81.60714285714286,87451.08,-3.9994857809346156e-05,0,0 days 00:15:00
2025-12-27 16:00:00+05:30,87508.5,87521.0,87332.5,87412.0,133067.0,40.52863436123348,13.803195100554149,25.970020849371934,88.75,87450.74,-0.0011147858907832315,1,0 days 00:15:00
2025-12-27 16:15:00+05:30,87411.0,87485.5,87384.5,87469.0,37844.0,42.06008583690987,8.97748630483693,22.57151394046494,83.07142857142857,87452.39,0.0006518718673663726,1,0 days 00:15:00
2025-12-27 16:30:00+05:30,87470.0,87497.5,87412.5,87494.5,31463.0,48.38998211091234,7.12854082325066,19.482919317022084,84.25,87454.19,0.00029148936984625315,0,0 days 00:15:00
2025-12-27 16:45:00+05:30,87493.5,87523.0,87457.5,87462.0,31935.0,46.71848013816926,3.006107288383646,16.187556911294397,86.28571428571429,87453.14,-0.0003715209251880261,0,0 days 00:15:00
2025-12-27 17:00:00+05:30,87461.0,87502.5,87444.5,87453.0,21491.0,43.90459363957597,-0.9759259060228942,12.75486034783094,84.92857142857143,87453.2,-0.00010290712640933285,0,0 days 00:15:00
2025-12-27 17:15:00+05:30,87454.0,87518.0,87408.5,87443.0,22815.0,37.61904761904762,-4.882351617809036,9.227417954702943,83.96428571428571,87453.74,-0.00011435367316461627,0,0 days 00:15:00
2025-12-27 17:30:00+05:30,87442.0,87471.0,87386.0,87425.5,24968.0,35.81395348837209,-9.283313624284348,5.525271638905487,86.25,87455.64,-0.0002001503993963951,1,0 days 00:15:00
2025-12-27 17:45:00+05:30,87426.5,87467.5,87409.0,87461.5,16243.0,41.58325750682439,-9.753773160700804,2.469462678984229,88.28571428571429,87458.28,0.0004116944142042741,1,0 days 00:15:00
2025-12-27 18:00:00+05:30,87462.5,87499.0,87446.0,87467.0,19957.0,35.28225806451614,-9.57246626575943,0.0610768900354967,86.14285714285714,87461.81,6.288283500751174e-05,0,0 days 00:15:00
2025-12-27 18:15:00+05:30,87467.0,87483.5,87419.5,87440.0,17853.0,39.54802259887005,-11.475174923383747,-2.246173472648352,81.89285714285714,87464.97,-0.0003087355018892183,0,0 days 00:15:00
2025-12-27 18:30:00+05:30,87440.0,87449.0,87359.0,87406.0,37121.0,31.787330316742086,-15.54738056768838,-4.9064148916563575,82.21428571428571,87465.97,-0.0003889136775053691,0,0 days 00:15:00
2025-12-27 18:45:00+05:30,87406.0,87421.0,87364.0,87368.0,31277.0,26.752966558791798,-21.59201598056825,-8.243535109438735,83.78571428571429,87465.95,-0.0004348472953504836,1,0 days 00:15:00
2025-12-27 19:00:00+05:30,87367.0,87453.5,87286.0,87440.5,79494.0,42.21267454350161,-20.29830280283932,-10.654488648118852,90.57142857142856,87467.43,0.0008294791632772643,0,0 days 00:15:00
2025-12-27 19:15:00+05:30,87440.5,87449.5,87419.0,87419.0,19707.0,40.641158221303,-20.768489882349968,-12.677288894965075,86.64285714285714,87468.86,-0.0002459117189325872,0,0 days 00:15:00
2025-12-27 19:30:00+05:30,87420.0,87435.0,87367.5,87414.5,23044.0,50.32010243277849,-21.25916648445127,-14.393664412862314,78.0,87469.06,-5.147754865054451e-05,0,0 days 00:15:00
2025-12-27 19:45:00+05:30,87427.0,87434.0,87380.5,87396.5,20552.0,39.68705547652916,-22.837227452080697,-16.08237702070599,74.60714285714286,87468.17,-0.0002059366980751977,1,0 days 00:15:00
2025-12-27 20:00:00+05:30,87395.5,87490.0,87391.0,87490.0,37048.0,49.46364719904648,-16.35465724208916,-16.136833064982625,75.60714285714286,87469.15,0.001069265025126884,1,0 days 00:15:00
2025-12-27 20:15:00+05:30,87490.0,87527.0,87478.5,87510.0,62310.0,55.896805896805894,-9.493901012116112,-14.808246654409324,74.39285714285714,87471.08,0.00022857142956656868,1,0 days 00:15:00
2025-12-27 20:30:00+05:30,87509.0,87524.0,87437.0,87520.0,34133.0,58.21078431372549,-3.212751247760025,-12.489147573079466,76.46428571428571,87472.93,0.00011426612593133878,0,0 days 00:15:00
2025-12-27 20:45:00+05:30,87520.0,87520.5,87465.0,87502.0,19263.0,57.09134615384615,0.3090925989235984,-9.929499538678854,72.60714285714286,87474.57,-0.0002056884284657109,1,0 days 00:15:00
2025-12-27 21:00:00+05:30,87501.0,87564.0,87501.0,87561.0,39786.0,64.80874316939891,7.771402249767561,-6.389319180989571,71.03571428571429,87478.83,0.0006740430843047229,0,0 days 00:15:00
2025-12-27 21:15:00+05:30,87561.0,87564.0,87501.5,87524.0,31451.0,56.81570338058888,10.577811209819629,-2.995893102827732,71.32142857142857,87481.41,-0.0004226518611050864,0,0 days 00:15:00
2025-12-27 21:30:00+05:30,87524.5,87555.0,87457.0,87457.0,44241.0,49.03846153846154,7.311290466735954,-0.9344563889149946,74.53571428571429,87481.07,-0.0007657974668600638,0,0 days 00:15:00
2025-12-27 21:45:00+05:30,87460.0,87487.0,87404.5,87438.0,51048.0,49.8046875,3.1530615031661,-0.1169528104987757,75.85714285714286,87480.18,-0.00021727322193025939,1,0 days 00:15:00
2025-12-27 22:00:00+05:30,87437.0,87542.5,87437.0,87502.5,37114.0,58.894009216589865,5.004556628526188,0.9073490773062172,76.96428571428571,87481.04,0.0007373936043699845,0,0 days 00:15:00
2025-12-27 22:15:00+05:30,87502.5,87512.5,87453.5,87462.5,23238.0,58.67768595041322,3.2072430472180717,1.367327871288588,77.10714285714286,87481.6,-0.00045723431196956275,1,0 days 00:15:00
2025-12-27 22:30:00+05:30,87463.5,87486.5,87428.0,87486.5,18832.0,54.63709677419355,3.677071517158765,1.8292766004626235,69.32142857142857,87481.94,0.00027436567400272987,1,0 days 00:15:00
2025-12-27 22:45:00+05:30,87486.5,87505.5,87456.5,87501.0,17327.0,58.38445807770961,5.159961953555467,2.4954136710811925,70.64285714285714,87483.24,0.00016572612367383855,1,0 days 00:15:00
2025-12-27 23:00:00+05:30,87501.0,87511.5,87478.5,87511.5,12654.0,59.7979797979798,7.100574552387116,3.416445847342377,68.17857142857143,87484.82,0.00011999142932763385,1,0 days 00:15:00
2025-12-27 23:15:00+05:30,87511.5,87533.0,87508.5,87523.0,21049.0,62.94779938587513,9.457458217540989,4.6246483213821,66.10714285714286,87486.8,0.00013140266652054522,0,0 days 00:15:00
2025-12-27 23:30:00+05:30,87522.0,87544.0,87484.0,87488.0,18655.0,49.76744186046512,8.404219400006696,5.38056253710702,63.32142857142857,87487.13,-0.00039997486405544833,1,0 days 00:15:00
2025-12-27 23:45:00+05:30,87489.0,87516.0,87469.0,87491.5,14318.0,47.76299879081016,7.762459991397918,5.8569420279652,63.21428571428572,87487.47,4.000468626852212e-05,0,0 days 00:15:00
2025-12-28 00:00:00+05:30,87495.5,87503.0,87480.5,87481.5,6782.0,45.34461910519951,6.373475155691267,5.960248653510414,58.60714285714285,87487.1,-0.00011430334978414992,0,0 days 00:15:00
2025-12-28 00:15:00+05:30,87480.5,87487.5,87428.5,87461.0,15833.0,45.07211538461539,3.57727934246941,5.483654791302213,58.85714285714285,87487.59,-0.0002343627202518386,1,0 days 00:15:00
2025-12-28 00:30:00+05:30,87462.0,87545.5,87462.0,87514.5,14204.0,44.33617539585871,5.613567188600428,5.509637270761855,60.392857142857146,87489.43,0.0006115142024704516,1,0 days 00:15:00
2025-12-28 00:45:00+05:30,87520.5,87529.0,87498.5,87515.5,6158.0,48.865153538050734,7.224749208340654,5.852659658277616,58.10714285714285,87491.04,1.14266125808147e-05,0,0 days 00:15:00
2025-12-28 01:00:00+05:30,87515.5,87528.5,87506.5,87507.0,6861.0,57.91139240506328,7.726675301208161,6.227462786863725,52.67857142857143,87490.79,-9.713036902892348e-05,1,0 days 00:15:00
2025-12-28 01:15:00+05:30,87507.0,87543.0,87507.0,87531.5,9698.0,64.54121306376362,9.98628491468844,6.979227212428668,49.35714285714285,87490.19,0.00027993841537716997,1,0 days 00:15:00
2025-12-28 01:30:00+05:30,87531.5,87602.0,87530.5,87565.0,33626.0,60.75731497418245,14.315195182643947,8.446420806471725,46.92857142857143,87491.24,0.0003826461455111701,0,0 days 00:15:00
2025-12-28 01:45:00+05:30,87559.5,87561.0,87500.0,87512.5,11464.0,58.25082508250825,13.3556212309486,9.4282608913671,47.35714285714285,87491.49,-0.0005997344213118004,1,0 days 00:15:00
2025-12-28 02:00:00+05:30,87512.5,87525.0,87488.0,87517.0,6367.0,55.379188712522044,12.810591824556468,10.104727078004974,45.82142857142857,87491.39,5.141990351324082e-05,1,0 days 00:15:00
2025-12-28 02:15:00+05:30,87517.0,87524.0,87508.5,87524.0,7690.0,54.166666666666664,12.795989391364856,10.64297954067695,43.42857142857143,87490.41,7.99812615756203e-05,1,0 days 00:15:00
2025-12-28 02:30:00+05:30,87524.0,87593.5,87521.0,87582.0,12508.0,60.89644513137558,17.26550612442952,11.967484857427465,46.25,87490.49,0.0006624559080910507,1,0 days 00:15:00
2025-12-28 02:45:00+05:30,87582.0,87602.5,87576.5,87601.5,14612.0,61.84012066365007,22.126061899631168,13.999200265868208,46.35714285714285,87491.44,0.00022262370691920243,0,0 days 00:15:00
2025-12-28 03:00:00+05:30,87602.5,87641.0,87594.0,87600.5,27652.0,68.90756302521008,25.60226871041232,16.319813954777032,45.42857142857143,87491.19,-1.1415394801585147e-05,1,0 days 00:15:00
2025-12-28 03:15:00+05:30,87600.5,87636.5,87600.5,87632.0,5026.0,71.58218125960062,30.546849331833076,19.16522103018824,44.642857142857146,87493.18,0.00035952235275193896,1,0 days 00:15:00
2025-12-28 03:30:00+05:30,87633.0,87889.0,87592.5,87833.0,94237.0,84.027105517909,50.10688429926813,25.35355368400422,64.21428571428571,87498.5,0.0022910561983269387,0,0 days 00:15:00
2025-12-28 03:45:00+05:30,87833.0,87924.0,87652.5,87653.5,37533.0,64.24870466321244,50.54159107660234,30.391161162523847,79.39285714285714,87499.9,-0.002045742123770602,0,0 days 00:15:00
2025-12-28 04:00:00+05:30,87652.5,87656.0,87486.0,87545.0,31946.0,52.087611225188226,41.65093010640703,32.64311495130049,85.5,87500.54,-0.0012385952376416766,0,0 days 00:15:00
2025-12-28 04:15:00+05:30,87546.0,87622.0,87464.0,87534.5,16283.0,51.28378378378378,33.37305122541147,32.78910220612269,94.60714285714286,87501.04,-0.00011994551061188841,1,0 days 00:15:00
2025-12-28 04:30:00+05:30,87540.0,87608.5,87532.0,87578.5,5693.0,54.60992907801418,30.01718542150047,32.23471884919825,98.5,87504.37,0.0005025326609214511,1,0 days 00:15:00
2025-12-28 04:45:00+05:30,87578.5,87687.5,87578.5,87612.5,10796.0,55.159235668789805,29.758120356636937,31.73939915068599,103.71428571428572,87507.24,0.0003881477978534457,1,0 days 00:15:00
2025-12-28 05:00:00+05:30,87617.0,87659.0,87617.0,87654.0,7546.0,55.611601513240856,32.52656658379419,31.896832637307632,101.92857142857144,87510.43,0.0004735645519889073,1,0 days 00:15:00
2025-12-28 05:15:00+05:30,87650.0,87965.0,87647.5,87837.5,55798.0,67.58658008658008,48.96308067535574,35.310082244917254,119.96428571428572,87517.94,0.002091270139884027,0,0 days 00:15:00
2025-12-28 05:30:00+05:30,87837.5,87930.0,87776.5,87786.0,21844.0,63.851699279093715,57.174445497235865,39.68295489538098,128.28571428571428,87524.6,-0.0005864818942358977,0,0 days 00:15:00
2025-12-28 05:45:00+05:30,87786.0,87797.0,87682.5,87712.0,22353.0,59.05587668593449,57.05315644887742,43.15699520608027,135.35714285714286,87529.98,-0.000843314503704978,1,0 days 00:15:00
2025-12-28 06:00:00+05:30,87703.0,87876.0,87684.5,87850.0,23230.0,61.98568872987478,67.31649800416199,47.98889576569662,143.85714285714286,87538.47,0.0015720945127309244,0,0 days 00:15:00
2025-12-28 06:15:00+05:30,87859.0,87914.0,87807.5,87821.0,19357.0,59.73392461197339,72.27704767849355,52.846526148256,149.60714285714286,87545.66,-0.00033016263655855565,1,0 days 00:15:00
2025-12-28 06:30:00+05:30,87821.0,87920.5,87820.0,87827.0,37908.0,60.0,75.81848064066435,57.44091704673768,153.42857142857142,87552.86,6.831845511861758e-05,0,0 days 00:15:00
2025-12-28 06:45:00+05:30,87826.0,87826.0,87708.5,87785.0,20151.0,56.69291338582677,74.37865198547661,60.82846403448546,159.32142857142858,87559.76,-0.0004783272304943233,1,0 days 00:15:00
2025-12-28 07:00:00+05:30,87784.0,87841.0,87729.5,87792.0,23034.0,47.83983140147524,72.96136569457303,63.25504436650298,146.10714285714286,87567.48,7.973709544758732e-05,0,0 days 00:15:00
2025-12-28 07:15:00+05:30,87793.0,87793.0,87742.5,87757.5,11981.0,56.46766169154229,68.26735090032162,64.2575056732667,130.32142857142858,87575.27,-0.0003930515375339361,0,0 days 00:15:00
2025-12-28 07:30:00+05:30,87738.5,87771.5,87720.5,87751.5,12024.0,64.7184604419102,63.33309599428321,64.07262373747001,121.82142857142856,87581.49,-6.837256211748835e-05,1,0 days 00:15:00
2025-12-28 07:45:00+05:30,87751.5,87791.0,87750.5,87784.0,12701.0,67.24257083621285,61.33807467481529,63.52571392493907,113.42857142857144,87588.79,0.00037029547152977283,1,0 days 00:15:00
2025-12-28 08:00:00+05:30,87783.0,87856.5,87783.0,87809.5,18328.0,66.38297872340425,61.11020241967344,63.042611623885946,113.21428571428572,87596.69,0.0002904435549068443,0,0 days 00:15:00
2025-12-28 08:15:00+05:30,87809.5,87820.0,87775.5,87778.0,11454.0,61.77935943060498,57.72243695003272,61.97857668911531,108.60714285714286,87604.32,-0.0003587954761919828,0,0 days 00:15:00
2025-12-28 08:30:00+05:30,87777.0,87817.5,87748.5,87754.5,12842.0,57.34112490869248,52.53575532055402,60.09001241540305,110.21428571428572,87609.61,-0.0002677566848350129,0,0 days 00:15:00
2025-12-28 08:45:00+05:30,87753.5,87785.5,87708.0,87717.0,17507.0,38.811513463324054,44.88196480946499,57.04840289421544,93.07142857142856,87613.75,-0.0004274198439165217,1,0 days 00:15:00
2025-12-28 09:00:00+05:30,87717.0,87755.0,87717.0,87721.0,11746.0,43.38085539714867,38.69301822887792,53.37732596114794,84.82142857142857,87617.77,4.5600155048514206e-05,0,0 days 00:15:00
2025-12-28 09:15:00+05:30,87722.0,87732.0,87701.5,87701.5,10766.0,48.797250859106526,31.847626825532643,49.07138613402488,78.82142857142857,87621.76,-0.0002223203988122317,1,0 days 00:15:00
2025-12-28 09:30:00+05:30,87702.5,87810.0,87660.0,87779.0,39914.0,40.558510638297875,32.3038286966912,45.717874646558144,75.85714285714286,87626.12,0.0008832890838444634,0,0 days 00:15:00
2025-12-28 09:45:00+05:30,87777.5,87778.5,87734.0,87774.0,17789.0,43.32386363636363,31.8942566163023,42.95315104050698,71.46428571428571,87631.12,-5.696285453794234e-05,0,0 days 00:15:00
2025-12-28 10:00:00+05:30,87775.0,87775.0,87703.5,87723.0,13423.0,36.901763224181366,27.14152342948364,39.79082551830231,69.39285714285714,87636.44,-0.0005812065327116913,0,0 days 00:15:00
2025-12-28 10:15:00+05:30,87722.5,87738.0,87663.0,87690.5,24202.0,37.80645161290323,20.515974369380277,35.93585528851791,66.28571428571429,87641.49,-0.0003705530118477567,0,0 days 00:15:00
2025-12-28 10:30:00+05:30,87692.0,87693.0,87600.0,87668.0,41937.0,34.61538461538461,13.296345055976415,31.40795324200961,64.96428571428571,87644.8,-0.0002566171599720087,0,0 days 00:15:00
2025-12-28 10:45:00+05:30,87668.0,87669.0,87576.0,87589.0,38051.0,31.1731843575419,1.1864207214821365,25.36364673790412,68.0,87647.33,-0.0009015332380524657,1,0 days 00:15:00
2025-12-28 11:00:00+05:30,87589.0,87660.0,87580.0,87653.0,31159.0,40.25717111770524,-3.2095190929685486,19.649013571729583,70.07142857142857,87650.66,0.0007304185394527337,0,0 days 00:15:00
2025-12-28 11:15:00+05:30,87653.0,87686.5,87607.0,87629.0,24403.0,34.406438631790735,-8.531585681586876,14.012893721066296,72.85714285714286,87653.22,-0.0002738444352526726,1,0 days 00:15:00
2025-12-28 11:30:00+05:30,87629.0,87683.0,87614.5,87683.0,14256.0,37.963843958135115,-8.296377616454265,9.551039453562185,72.5,87656.65,0.0006160445572214179,1,0 days 00:15:00
2025-12-28 11:45:00+05:30,87680.5,87714.0,87665.0,87705.0,25753.0,42.92635658914729,-6.262566424513352,6.388318277947076,72.82142857142857,87660.29,0.00025087235290197757,1,0 days 00:15:00
2025-12-28 12:00:00+05:30,87705.0,87763.0,87698.0,87758.0,34794.0,50.320806599450044,-0.3698361012066016,5.036687402116341,72.53571428571429,87665.69,0.000604115985841879,0,0 days 00:15:00
2025-12-28 12:15:00+05:30,87759.0,87759.0,87703.5,87704.0,26047.0,48.843416370106766,-0.0565022456139558,4.018049472570282,70.96428571428571,87669.94,-0.0006155179093465106,0,0 days 00:15:00
2025-12-28 12:30:00+05:30,87705.0,87707.0,87645.0,87687.5,27808.0,47.08442123585726,-1.1266081736102933,2.989117943334167,72.67857142857143,87674.06,-0.0001881505095591869,0,0 days 00:15:00
2025-12-28 12:45:00+05:30,87687.5,87687.5,87649.0,87662.0,18420.0,46.597760551248925,-3.98635944853595,1.5940224649601435,73.25,87678.08,-0.0002908477090583375,0,0 days 00:15:00
2025-12-28 13:00:00+05:30,87662.0,87675.5,87641.0,87649.5,10088.0,37.439379243452954,-7.178627718662028,-0.1605075717642907,65.0,87680.78,-0.0001426033092088787,1,0 days 00:15:00
2025-12-28 13:15:00+05:30,87649.5,87707.0,87648.5,87707.0,13807.0,44.102112676056336,-5.010990292488714,-1.130604115909175,65.96428571428571,87684.61,0.0006558069083359184,1,0 days 00:15:00
2025-12-28 13:30:00+05:30,87707.0,87792.0,87706.0,87771.0,36187.0,54.13080895008606,1.849819546172512,-0.5345193834928379,67.0,87689.89,0.0007294362009794411,0,0 days 00:15:00
2025-12-28 13:45:00+05:30,87772.0,87782.5,87746.5,87756.0,78219.0,55.81188997338066,6.007436148589477,0.7738717229236252,64.21428571428571,87694.38,-0.00017091387691370245,1,0 days 00:15:00
2025-12-28 14:00:00+05:30,87756.0,87956.5,87732.5,87814.5,103723.0,62.2185154295246,13.863033929417725,3.3917041642224453,73.57142857142857,87699.37,0.0006663989925976414,0,0 days 00:15:00
2025-12-28 14:15:00+05:30,87814.0,87846.0,87752.0,87780.5,40043.0,67.2678088367899,17.147470550524304,6.142857441482818,73.64285714285714,87704.73,-0.0003872547672189001,1,0 days 00:15:00
2025-12-28 14:30:00+05:30,87780.5,87852.0,87774.0,87838.5,29183.0,66.90975387420238,24.15211496250413,9.74470894568708,73.5,87711.16,0.0006605208104900481,1,0 days 00:15:00
2025-12-28 14:45:00+05:30,87839.5,87877.0,87817.0,87860.0,22219.0,71.15384615384616,31.079946168902097,14.011756390330085,72.10714285714286,87717.88,0.0002447374349503108,0,0 days 00:15:00
2025-12-28 15:00:00+05:30,87858.5,87858.5,87684.0,87752.0,72470.0,55.74999999999999,27.53816211498633,16.717037535261337,79.78571428571429,87721.28,-0.0012299844386004868,1,0 days 00:15:00
2025-12-28 15:15:00+05:30,87751.0,87777.5,87736.0,87777.5,21673.0,56.006628003314,26.48362290335353,18.670354608879776,79.25,87724.8,0.00029054945384544405,1,0 days 00:15:00
2025-12-28 15:30:00+05:30,87777.5,87943.5,87776.5,87873.5,61251.0,58.932714617169374,33.0137289580307,21.539029478709963,86.53571428571429,87730.26,0.001093076720981111,1,0 days 00:15:00
2025-12-28 15:45:00+05:30,87874.5,87945.5,87847.5,87930.0,47762.0,67.41140215716487,42.26080659108993,25.68338490118596,89.57142857142857,87736.22,0.0006427631070510645,0,0 days 00:15:00
2025-12-28 16:00:00+05:30,87930.0,87990.5,87809.0,87824.0,68816.0,59.24170616113744,40.56822289514821,28.66035249997841,98.10714285714286,87736.04,-0.001206231583377356,1,0 days 00:15:00
2025-12-28 16:15:00+05:30,87823.5,87838.5,87814.0,87837.0,17273.0,62.05234159779614,39.81684566447802,30.891651132878334,97.10714285714286,87739.71,0.00014801236499548088,1,0 days 00:15:00
2025-12-28 16:30:00+05:30,87838.0,87906.0,87838.0,87895.5,31831.0,65.93264248704662,43.4410732397082,33.40153555424431,99.57142857142856,87746.72,0.0006657846688681825,0,0 days 00:15:00
2025-12-28 16:45:00+05:30,87896.5,87905.0,87848.0,87865.5,16358.0,60.644728005372734,43.392350419875584,35.39969852737057,99.46428571428572,87753.34,-0.00034137266277890175,0,0 days 00:15:00
2025-12-28 17:00:00+05:30,87865.5,87865.5,87780.0,87804.5,33616.0,52.25893459204316,37.99358068442962,35.91847495878238,99.42857142857144,87757.86,-0.000694484003549111,1,0 days 00:15:00
2025-12-28 17:15:00+05:30,87804.5,87860.0,87803.5,87859.0,15743.0,56.59411011523687,37.678378405282274,36.27045564808236,100.89285714285714,87762.79,0.0006205045641086717,0,0 days 00:15:00
2025-12-28 17:30:00+05:30,87863.5,87873.5,87790.5,87818.0,15849.0,50.229207596594634,33.73138655233197,35.76264182893229,90.82142857142856,87766.07,-0.00046676572054842123,1,0 days 00:15:00
2025-12-28 17:45:00+05:30,87816.0,87834.5,87791.5,87826.0,13332.0,53.08474576271186,30.892787390577723,34.78867094126138,87.17857142857143,87765.84,9.109334797123024e-05,0,0 days 00:15:00
2025-12-28 18:00:00+05:30,87826.0,87842.5,87774.5,87787.5,20648.0,46.448467966573816,25.24553405996994,32.88004356500309,86.46428571428571,87765.87,-0.00043846288146180495,1,0 days 00:15:00
2025-12-28 18:15:00+05:30,87787.5,87868.5,87787.5,87828.5,12610.0,47.86440677966102,23.804004709090805,31.064835793820635,87.96428571428571,87768.2,0.0004669278510489034,0,0 days 00:15:00
2025-12-28 18:30:00+05:30,87829.5,87932.5,87825.0,87826.0,41254.0,55.85443037974684,22.203900463151516,29.29264872768681,83.07142857142857,87767.72,-2.846496958710667e-05,0,0 days 00:15:00
2025-12-28 18:45:00+05:30,87825.0,87887.5,87783.0,87823.0,39204.0,53.732567678424935,20.457905393384863,27.525700060826424,87.57142857142857,87767.76,-3.4159033074941484e-05,1,0 days 00:15:00
2025-12-28 19:00:00+05:30,87824.0,87939.5,87823.0,87893.0,29584.0,51.670951156812336,24.440867599201734,26.90873356850149,83.96428571428571,87769.08,0.0007967402365518402,0,0 days 00:15:00
2025-12-28 19:15:00+05:30,87897.5,87909.0,87860.0,87872.0,24664.0,44.70802919708029,25.607679953056504,26.648522845412494,80.46428571428571,87770.82,-0.0002389554245716684,1,0 days 00:15:00
2025-12-28 19:30:00+05:30,87871.0,87967.0,87871.0,87945.0,55185.0,61.747572815533985,32.05338558695803,27.729495393721603,74.35714285714286,87773.88,0.0008304089387821523,1,0 days 00:15:00
2025-12-28 19:45:00+05:30,87945.0,87957.0,87895.0,87954.5,35649.0,61.48582600195504,37.49599386892805,29.68279508876289,77.03571428571429,87777.82,0.00010801622527902744,1,0 days 00:15:00
2025-12-28 20:00:00+05:30,87954.5,88077.5,87911.0,87972.5,92722.0,58.174097664543524,42.76873831925332,32.29998373486098,84.0,87782.24,0.00020463033033940296,0,0 days 00:15:00
2025-12-28 20:15:00+05:30,87972.5,88008.0,87880.0,87882.5,72487.0,51.60075329566855,39.23292569977639,33.686572127844066,89.07142857142857,87784.21,-0.0010235706446530257,1,0 days 00:15:00
2025-12-28 20:30:00+05:30,87881.5,87969.0,87828.0,87949.0,65410.0,63.466915191053126,41.320446573983645,35.21334701707198,93.03571428571428,87787.0,0.0007564060270277957,0,0 days 00:15:00
2025-12-28 20:45:00+05:30,87949.0,87976.5,87910.5,87928.5,30849.0,56.91542288557214,40.84975271104486,36.34062815586656,93.71428571428572,87790.01,-0.00023311680110114067,0,0 days 00:15:00
2025-12-28 21:00:00+05:30,87928.5,87928.5,87867.5,87893.0,24246.0,57.545271629778675,37.18354238868051,36.50921100242935,92.14285714285714,87792.78,-0.00040381865110251155,0,0 days 00:15:00
2025-12-28 21:15:00+05:30,87893.0,87930.5,87788.5,87806.0,53307.0,48.26388888888889,26.947240371009684,34.596816876145425,99.21428571428572,87794.56,-0.0009903301340413039,1,0 days 00:15:00
2025-12-28 21:30:00+05:30,87806.0,87886.0,87794.5,87844.0,44252.0,54.908774978279766,21.65159360079269,32.00777222107488,100.89285714285714,87797.02,0.0004326786290104602,0,0 days 00:15:00
2025-12-28 21:45:00+05:30,87843.0,87875.0,87711.0,87757.5,104927.0,44.283413848631234,10.355555890782853,27.67732895501648,106.82142857142856,87798.14,-0.000985185285960991,1,0 days 00:15:00
2025-12-28 22:00:00+05:30,87756.5,87816.0,87756.5,87778.5,26148.0,46.286161063330724,3.062585538020357,22.75438027161725,103.39285714285714,87798.13,0.0002392671600147752,1,0 days 00:15:00
2025-12-28 22:15:00+05:30,87778.5,87811.0,87778.5,87788.5,16041.0,47.33178654292343,-1.8884605849452785,17.82581210030475,98.25,87798.42,0.00011391662454588435,1,0 days 00:15:00
2025-12-28 22:30:00+05:30,87788.5,87882.5,87788.5,87881.5,36343.0,49.1411501120239,1.6728390119824326,14.595217482640289,96.64285714285714,87801.59,0.001058803537180592,0,0 days 00:15:00
2025-12-28 22:45:00+05:30,87881.5,87913.0,87858.5,87864.0,47936.0,49.3993993993994,3.047955915448256,12.285765169201882,97.03571428571428,87805.06,-0.00019915161478210367,0,0 days 00:15:00
2025-12-28 23:00:00+05:30,87865.0,87865.0,87791.0,87792.0,36379.0,38.49624060150376,-1.652997575190966,9.498012620323314,95.46428571428572,87807.54,-0.0008197841694251609,0,0 days 00:15:00
2025-12-28 23:15:00+05:30,87791.5,87807.0,87732.5,87738.5,38450.0,34.767277856135394,-9.585049482964678,5.681400199665715,96.35714285714286,87810.53,-0.0006095806900414933,0,0 days 00:15:00
2025-12-28 23:30:00+05:30,87738.5,87757.0,87594.0,87659.0,176946.0,29.656067488643743,-22.03226907471253,0.1386663447900655,96.10714285714286,87810.65,-0.0009065124125964714,1,0 days 00:15:00
2025-12-28 23:45:00+05:30,87658.0,87704.5,87486.0,87700.0,213265.0,37.35273735273736,-28.262628936339752,-5.541592711435898,102.57142857142856,87812.07,0.0004676121641557561,0,0 days 00:15:00
2025-12-29 00:00:00+05:30,87699.0,87741.0,87674.5,87689.5,34542.0,30.50338091660406,-33.659490606412874,-11.165172290431292,97.25,87812.2,-0.00011973350756507454,0,0 days 00:15:00
2025-12-29 00:15:00+05:30,87685.5,87689.5,87510.0,87578.5,77474.0,26.851851851851848,-46.35891794785857,-18.20392142191675,105.35714285714286,87809.67,-0.00126663184198251,1,0 days 00:15:00
2025-12-29 00:30:00+05:30,87579.5,87681.5,87498.5,87651.5,56112.0,34.78260869565217,-49.95694315330184,-24.55452576819377,114.07142857142856,87807.54,0.0008331907118997676,0,0 days 00:15:00
2025-12-29 00:45:00+05:30,87652.5,87652.5,87486.0,87494.5,37748.0,31.962941517081646,-64.73081540082057,-32.58978369471913,115.82142857142856,87803.35,-0.0017927904953708885,1,0 days 00:15:00
2025-12-29 01:00:00+05:30,87493.5,87618.0,87493.5,87583.5,30584.0,35.75724439584472,-68.46839832523256,-39.76550662082182,118.17857142857144,87801.27,0.0010166897915935135,0,0 days 00:15:00
2025-12-29 01:15:00+05:30,87580.0,87601.0,87495.0,87501.0,15563.0,35.91433278418451,-77.19763396884082,-47.25193209042562,114.03571428571428,87798.05,-0.0009424021670203845,0,0 days 00:15:00
2025-12-29 01:30:00+05:30,87498.0,87556.0,87423.0,87490.5,58626.0,34.0,-83.99464042503678,-54.60047375734786,119.28571428571428,87794.87,-0.00012000582899860033,1,0 days 00:15:00
2025-12-29 01:45:00+05:30,87490.5,87572.5,87490.5,87555.0,12941.0,37.768465165007854,-83.21742735881708,-60.323864477641706,122.82142857142856,87791.83,0.0007369512831708965,1,0 days 00:15:00
2025-12-29 02:00:00+05:30,87555.0,87595.5,87554.0,87587.5,11836.0,33.557046979865774,-79.06756039969332,-64.07260366205203,119.07142857142856,87788.16,0.0003711263727883022,0,0 days 00:15:00
2025-12-29 02:15:00+05:30,87586.5,87640.0,87486.5,87486.5,23636.0,30.690537084398983,-82.97216537017084,-67.8525160036758,126.14285714285714,87782.77,-0.0011537979506344245,1,0 days 00:15:00
2025-12-29 02:30:00+05:30,87487.5,87526.0,87413.5,87525.0,19341.0,35.85805084745762,-82.0145519952639,-70.68492320199343,128.89285714285714,87776.98,0.0004399710947115897,0,0 days 00:15:00
2025-12-29 02:45:00+05:30,87537.0,87567.0,87474.0,87516.0,9423.0,37.63201778765981,-81.04759505487164,-72.75745757256908,130.21428571428572,87771.69,-0.0001028330506330461,1,0 days 00:15:00
2025-12-29 03:00:00+05:30,87512.0,87578.5,87503.0,87563.5,8597.0,44.49567723342939,-75.57721460236644,-73.32140897852855,123.96428571428572,87766.19,0.0005426106559070897,1,0 days 00:15:00
2025-12-29 03:15:00+05:30,87563.5,87570.0,87539.0,87565.5,4854.0,41.88292094146047,-70.27048103298876,-72.7112233894206,110.57142857142856,87760.3,2.2840306289417713e-05,0,0 days 00:15:00
2025-12-29 03:30:00+05:30,87573.5,87573.5,87449.0,87498.5,5501.0,39.209039548022595,-70.65670993409003,-72.30032069835448,114.71428571428572,87755.23,-0.0007654343928074078,1,0 days 00:15:00
2025-12-29 03:45:00+05:30,87498.5,87609.0,87491.0,87603.5,7607.0,51.42207053469853,-61.77803787730227,-70.19586413414405,110.32142857142856,87751.75,0.0011993011226065938,1,0 days 00:15:00
2025-12-29 04:00:00+05:30,87602.5,87701.0,87565.5,87623.0,13680.0,48.273773470623865,-52.56223455216968,-66.66913821774918,106.92857142857144,87746.74,0.00022256907580178877,1,0 days 00:15:00
2025-12-29 04:15:00+05:30,87624.0,87977.5,87624.0,87878.0,73445.0,70.7634001082837,-24.400995655785664,-58.21550970535648,120.35714285714286,87745.7,0.0029059683927593486,0,0 days 00:15:00
2025-12-29 04:30:00+05:30,87892.5,88032.5,87664.0,87671.0,47279.0,54.2006721075372,-18.572093436072464,-50.28682645149968,137.78571428571428,87742.64,-0.002358317004809076,1,0 days 00:15:00
2025-12-29 04:45:00+05:30,87670.0,87791.5,87670.0,87687.0,10153.0,59.53846153846154,-12.517288637871388,-42.73291888877402,138.89285714285714,87739.64,0.00018248383357926664,1,0 days 00:15:00
2025-12-29 05:00:00+05:30,87687.0,87798.0,87611.5,87790.5,15155.0,64.04494382022472,0.6255617155693471,-34.06122276790535,142.71428571428572,87737.54,0.0011796385519749586,1,0 days 00:15:00
2025-12-29 05:15:00+05:30,87783.0,87940.0,87774.0,87940.0,28990.0,66.69557675628795,22.8414637108217,-22.680685472159944,148.71428571428572,87739.03,0.0017014694212656347,0,0 days 00:15:00
2025-12-29 05:30:00+05:30,87929.5,87955.0,87797.0,87870.0,19415.0,61.86476270474591,34.4027377673774,-11.264000824252474,157.03571428571428,87740.34,-0.0007963142449123037,1,0 days 00:15:00
2025-12-29 05:45:00+05:30,87861.5,88026.0,87787.0,87984.0,29637.0,70.66888242625674,52.16267911918112,1.421335164434247,163.14285714285714,87742.84,0.0012965302577070221,1,0 days 00:15:00
2025-12-29 06:00:00+05:30,88000.0,88278.0,87977.5,88157.0,112867.0,73.61733931240659,79.28328639916435,16.993725411380268,176.57142857142858,87749.62,0.001964336022032102,1,0 days 00:15:00
2025-12-29 06:15:00+05:30,88152.5,88420.5,88119.0,88281.5,72496.0,76.33298933608532,109.5597361324908,35.506927555602374,191.4642857142857,87758.73,0.0014112568477210748,0,0 days 00:15:00
2025-12-29 06:30:00+05:30,88265.0,88297.0,88017.5,88040.0,45929.0,64.46130500758726,112.76710004170307,50.95896205282252,206.03571428571428,87763.78,-0.002739315976951254,0,0 days 00:15:00
2025-12-29 06:45:00+05:30,88040.0,88041.0,87837.0,87974.0,43727.0,61.93397604440549,108.72993957123252,62.51315755650453,218.39285714285717,87766.69,-0.0007499403808022189,1,0 days 00:15:00
2025-12-29 07:00:00+05:30,87975.0,88468.0,87921.5,88289.0,85860.0,70.17096198009696,129.45603960637527,75.90173396647867,248.53571428571428,87775.95,0.0035742082608686506,1,0 days 00:15:00
2025-12-29 07:15:00+05:30,88289.5,88453.0,88289.5,88427.5,52026.0,70.67235323632715,155.26758761559904,91.77490469630274,251.82142857142856,87788.04,0.0015674827009123534,1,0 days 00:15:00
2025-12-29 07:30:00+05:30,88428.5,89279.0,88428.5,89248.5,300928.0,79.08391483270711,239.2137567098398,121.26267509901017,302.9642857142857,87815.15,0.009241606556584916,0,0 days 00:15:00
2025-12-29 07:45:00+05:30,89248.5,89374.5,88876.5,89131.0,156968.0,73.57922468949943,292.8842452399549,155.5869891271991,313.2142857142857,87840.33,-0.0013174161492129739,0,0 days 00:15:00
2025-12-29 08:00:00+05:30,89131.0,89248.0,88979.5,89080.0,89176.0,78.1687325069972,327.5276850257942,189.97512830691807,306.07142857142856,87863.03,-0.0005723552574449434,1,0 days 00:15:00
2025-12-29 08:15:00+05:30,89084.5,89289.5,89060.5,89137.5,61150.0,78.52507374631269,355.5243665101152,223.08497594755755,313.75,87886.69,0.0006452789652550947,1,0 days 00:15:00
2025-12-29 08:30:00+05:30,89137.5,89482.0,89072.5,89469.0,112652.0,80.29236599891716,399.85197318291466,258.438375394629,329.67857142857144,87916.62,0.003712075211805567,0,0 days 00:15:00
2025-12-29 08:45:00+05:30,89469.5,89495.0,89334.5,89452.5,92993.0,78.67298578199052,428.7086225911335,292.49242483393,329.2857142857143,87948.02,-0.0001844384274307608,1,0 days 00:15:00
2025-12-29 09:00:00+05:30,89465.0,90009.0,89465.0,89966.0,263148.0,84.01493021746187,487.39450320907054,331.47284050895803,357.75,87988.36,0.005724063037689055,1,0 days 00:15:00
2025-12-29 09:15:00+05:30,89966.0,90155.0,89842.5,90100.0,140367.0,84.11802644308287,538.5085748817219,372.8799873835108,363.0,88031.79,0.0014883434378064777,0,0 days 00:15:00
2025-12-29 09:30:00+05:30,90094.5,90147.0,89913.0,90036.5,84339.0,81.41400635132877,567.3528353103611,411.7745569688809,358.25,88074.66,-0.0007050209438980773,1,0 days 00:15:00
2025-12-29 09:45:00+05:30,90035.5,90189.5,89955.5,90062.0,97832.0,80.77787381158169,585.5202435059036,446.5236942762855,353.42857142857144,88119.78,0.0002831783737277197,1,0 days 00:15:00
2025-12-29 10:00:00+05:30,90061.0,90383.0,90025.5,90196.0,153415.0,88.70736086175943,603.7708311974857,477.9731216605255,359.0,88166.82,0.001486758143143218,0,0 days 00:15:00
2025-12-29 10:15:00+05:30,90184.5,90274.0,90108.5,90109.0,66188.0,88.04347826086956,604.2489744749619,503.2282922234128,356.25,88213.85,-0.0009650315493393963,1,0 days 00:15:00
2025-12-29 10:30:00+05:30,90109.0,90269.0,90063.0,90186.0,76330.0,86.93535825545172,603.8800100972148,523.3586357981733,331.92857142857144,88262.0,0.0008541557412184812,0,0 days 00:15:00
2025-12-29 10:45:00+05:30,90188.0,90195.0,90055.5,90055.5,51133.0,81.796875,586.2988555551274,535.946679749564,330.17857142857144,88307.34,-0.001448057442969146,1,0 days 00:15:00
2025-12-29 11:00:00+05:30,90056.5,90170.0,89991.5,90106.0,54776.0,73.95920648225761,569.8714683149592,542.7316374626431,282.10714285714283,88351.83,0.0005606081357294298,0,0 days 00:15:00
2025-12-29 11:15:00+05:30,90106.0,90116.5,89903.0,89960.0,102564.0,72.7997799779978,538.8600228326104,541.9573145366367,261.7857142857143,88393.75,-0.0016216279807893584,1,0 days 00:15:00
2025-12-29 11:30:00+05:30,89959.0,90014.0,89860.0,89978.0,97231.0,75.15406162464987,509.8583487614669,535.5375213816028,253.6071428571429,88437.47,0.0002000689132927998,0,0 days 00:15:00
2025-12-29 11:45:00+05:30,89978.0,90099.5,89927.0,89927.0,68127.0,72.19567050885578,477.2575118252571,523.8815194703337,249.57142857142856,88481.24,-0.0005669659138563118,0,0 days 00:15:00
2025-12-29 12:00:00+05:30,89943.5,89970.5,89860.0,89877.5,48353.0,63.648513197460744,442.3279955723701,507.570814690741,228.2142857142857,88525.61,-0.0005505980245269512,0,0 days 00:15:00
2025-12-29 12:15:00+05:30,89876.0,89877.0,89724.0,89749.0,120685.0,59.21666148585639,399.67007833068783,485.9906674187304,227.7142857142857,88566.59,-0.0014307468209907705,0,0 days 00:15:00
2025-12-29 12:30:00+05:30,89749.0,89828.5,89479.0,89623.5,142656.0,35.96886521917247,351.68259241960186,459.12905241890473,212.92857142857144,88605.27,-0.0013993228669780834,0,0 days 00:15:00
2025-12-29 12:45:00+05:30,89631.5,89676.0,89494.0,89503.0,62388.0,25.269262634631318,300.4652448548586,427.39629090609554,203.6071428571429,88643.76,-0.001345418105940987,1,0 days 00:15:00
2025-12-29 13:00:00+05:30,89503.0,89662.5,89478.0,89540.0,72299.0,28.970775095298606,259.8651549411152,393.8900637130995,200.07142857142856,88681.53,0.0004133085407048801,1,0 days 00:15:00
2025-12-29 13:15:00+05:30,89540.0,89639.0,89514.5,89592.0,37256.0,30.530240265120128,229.2426895677636,360.9605888840324,192.25,88723.48,0.0005805774675730136,1,0 days 00:15:00
2025-12-29 13:30:00+05:30,89592.0,89639.0,89444.0,89639.0,62594.0,25.13392857142857,206.38756496395217,330.0459841000163,180.64285714285717,88764.59,0.0005244628560607794,1,0 days 00:15:00
2025-12-29 13:45:00+05:30,89639.0,89800.0,89617.0,89748.0,103854.0,34.19439579684763,194.82428996135425,303.0016452722839,181.89285714285717,88809.53,0.001215249861077579,0,0 days 00:15:00
2025-12-29 14:00:00+05:30,89748.0,89773.5,89596.5,89686.5,62426.0,27.82956058588549,178.63854128457024,278.1290244747412,179.82142857142858,88853.45,-0.0006854869315343583,0,0 days 00:15:00
2025-12-29 14:15:00+05:30,89686.0,89757.0,89433.0,89528.0,93065.0,27.154612386314426,151.2777576627559,252.7587711123441,193.0,88892.91,-0.0017688305502704814,0,0 days 00:15:00
2025-12-29 14:30:00+05:30,89528.0,89590.0,89458.0,89480.0,46572.0,22.829861111111114,124.28822339879116,227.0646615696336,189.67857142857144,88930.76,-0.0005362888937972178,0,0 days 00:15:00
2025-12-29 14:45:00+05:30,89479.0,89480.0,89262.5,89292.0,143310.0,22.02680067001674,86.72903588828922,198.9975364333647,189.9642857142857,88966.87,-0.0021032384188043964,0,0 days 00:15:00
2025-12-29 15:00:00+05:30,89292.0,89306.0,88141.0,88203.0,526817.0,10.816777041942615,-30.557837926360666,153.08646156141964,262.17857142857144,88980.43,-0.012270922163386216,0,0 days 00:15:00
2025-12-29 15:15:00+05:30,88202.0,88202.0,87724.0,88076.5,347364.0,10.467848750267038,-132.19219390164653,96.0307304688064,284.07142857142856,88991.64,-0.001435221017921589,0,0 days 00:15:00
2025-12-29 15:30:00+05:30,88077.5,88245.0,87885.5,88047.0,191473.0,10.558069381598784,-212.66706318254,34.29117173853713,301.85714285714283,89001.31,-0.0003349922103055547,0,0 days 00:15:00
2025-12-29 15:45:00+05:30,88044.5,88044.5,87904.0,87992.5,88317.0,10.905853549966622,-277.6411965144944,-28.095301912069168,301.10714285714283,89009.85,-0.0006191792380822802,0,0 days 00:15:00
2025-12-29 16:00:00+05:30,87993.5,87993.5,87858.5,87899.0,56749.0,11.063445473018731,-332.8415437516087,-89.04455027997709,285.7857142857143,89017.86,-0.0010631555112886506,0,0 days 00:15:00
2025-12-29 16:15:00+05:30,87900.0,87928.5,87620.0,87755.5,127853.0,10.94972067039106,-383.7439064729697,-147.98442151857563,294.82142857142856,89020.9,-0.0016338896176746021,0,0 days 00:15:00
2025-12-29 16:30:00+05:30,87756.5,87758.5,87572.5,87753.0,96362.0,9.441670449387203,-419.4509552549862,-202.27772826585775,294.92857142857144,89023.5,-2.848864869983485e-05,0,0 days 00:15:00
2025-12-29 16:45:00+05:30,87753.0,87765.5,87670.5,87709.5,59714.0,7.10868079289132,-446.1165808790101,-251.04549878848823,292.82142857142856,89020.13,-0.000495832452988026,0,0 days 00:15:00
2025-12-29 17:00:00+05:30,87709.5,87726.0,87553.0,87609.5,84212.0,4.849833147942164,-469.9017111442372,-294.8167412596381,291.25,89018.9,-0.0011407777918512256,0,0 days 00:15:00
2025-12-29 17:15:00+05:30,87608.5,87625.5,87530.0,87538.0,55027.0,0.0,-488.8854831623612,-333.6304896401828,285.0,89015.92,-0.0008164547478189808,0,0 days 00:15:00
2025-12-29 17:30:00+05:30,87542.5,87609.0,86834.0,86934.5,436980.0,0.0,-546.3299144225603,-376.17037459665823,327.7142857142857,88998.8,-0.006918023263371114,1,0 days 00:15:00
2025-12-29 17:45:00+05:30,86935.5,87332.5,86768.5,87237.5,297536.0,10.460901087519431,-560.9393131087854,-413.1241622990837,344.85714285714283,88984.75,0.0034793228035337703,1,0 days 00:15:00
2025-12-29 18:00:00+05:30,87245.5,87409.5,87158.5,87275.5,132777.0,11.813615104798203,-562.9616133545933,-443.0916525101856,353.35714285714283,88972.86,0.00043549764889240543,1,0 days 00:15:00
2025-12-29 18:15:00+05:30,87276.5,87375.5,87258.5,87352.0,65525.0,15.045045045045043,-552.0279555602174,-464.8789131201919,346.17857142857144,88960.22,0.0008761507196026048,0,0 days 00:15:00
2025-12-29 18:30:00+05:30,87352.0,87509.0,87250.0,87298.0,143623.0,23.994252873563227,-541.4784748887178,-480.1988254738971,281.4642857142857,88943.04,-0.000618379636081004,0,0 days 00:15:00
2025-12-29 18:45:00+05:30,87299.0,87434.0,87237.0,87267.5,68374.0,25.39537712895377,-529.4755658168724,-490.0541735424922,261.32142857142856,88922.76,-0.0003494390393332201,0,0 days 00:15:00
2025-12-29 19:00:00+05:30,87267.5,87340.5,87213.5,87251.5,52137.0,25.605642440969035,-515.3140209222329,-495.1061430184404,244.7142857142857,88906.99,-0.0001833611245174289,1,0 days 00:15:00
2025-12-29 19:15:00+05:30,87251.5,87370.0,87133.5,87362.5,125620.0,31.327800829875528,-489.4915681310231,-493.983228040957,251.39285714285717,88894.76,0.0012713758914138418,1,0 days 00:15:00
2025-12-29 19:30:00+05:30,87363.5,87398.0,87225.0,87396.0,80947.0,34.54210202827289,-461.0096855381271,-487.38851954039103,254.1071428571429,88876.9,0.0003833862205310919,1,0 days 00:15:00
2025-12-29 19:45:00+05:30,87396.0,87593.5,87320.5,87584.5,146101.0,44.88636363636363,-418.4041115916916,-473.5916379506512,251.57142857142856,88860.04,0.002154526623456217,1,0 days 00:15:00
2025-12-29 20:00:00+05:30,87584.5,88159.5,87388.0,88058.0,532888.0,57.116192253849746,-342.4834583676711,-447.3700020340551,293.3928571428572,88836.23,0.005391646635038875,0,0 days 00:15:00
2025-12-29 20:15:00+05:30,88058.0,88074.0,87270.5,87408.0,389920.0,44.51718494271687,-330.95037155834143,-424.0860759389124,344.0,88801.77,-0.007408876628911685,1,0 days 00:15:00
2025-12-29 20:30:00+05:30,87408.0,87689.5,87179.0,87689.5,311515.0,51.364721937905145,-295.6871226728399,-398.406285285698,368.1071428571428,88773.96,0.003215354217210481,1,0 days 00:15:00
2025-12-29 20:45:00+05:30,87693.0,87888.0,87432.5,87701.5,275235.0,52.84694410586801,-263.7323023474746,-371.4714886980533,393.82142857142856,88745.24,0.00013683712412518006,1,0 days 00:15:00
2025-12-29 21:00:00+05:30,87701.5,87859.0,87636.5,87790.0,140896.0,68.15192022066624,-228.6311490743683,-342.90342077331627,354.35714285714283,88711.66,0.0010085959434199157,0,0 days 00:15:00
2025-12-29 21:15:00+05:30,87784.0,87818.5,87545.5,87647.0,115875.0,59.32164807648531,-209.93216973988456,-316.30917056663,333.57142857142856,88675.55,-0.0016302151959934556,1,0 days 00:15:00
2025-12-29 21:30:00+05:30,87643.5,87809.0,87566.0,87734.5,84463.0,60.218165627782724,-185.90952587679203,-290.2292416286624,333.0,88630.92,0.0009978248248531272,0,0 days 00:15:00
2025-12-29 21:45:00+05:30,87739.5,87751.0,87408.5,87509.0,122871.0,53.2776617954071,-182.9583430680796,-268.77506191654584,349.10714285714283,88579.1,-0.002573563349984242,1,0 days 00:15:00
2025-12-29 22:00:00+05:30,87510.0,87698.5,87497.5,87581.5,84592.0,55.87321317588564,-172.77769165879,-249.5755878649947,344.9642857142857,88530.0,0.0008281432075812783,1,0 days 00:15:00
2025-12-29 22:15:00+05:30,87581.5,87740.5,87509.0,87595.5,79304.0,56.84188569044639,-161.71561215966358,-232.0035927239285,347.42857142857144,88480.67,0.00015983833528151567,0,0 days 00:15:00
2025-12-29 22:30:00+05:30,87595.5,87723.5,87541.5,87586.5,56530.0,57.00836820083683,-151.92377651606512,-215.98762948235583,351.35714285714283,88428.48,-0.00010275028265368268,0,0 days 00:15:00
2025-12-29 22:45:00+05:30,87580.0,87648.5,87308.5,87409.5,139756.0,50.95684039087947,-156.64044344470312,-204.1181922748253,358.75,88374.49,-0.0020229040704824275,1,0 days 00:15:00
2025-12-29 23:00:00+05:30,87409.5,87597.0,87392.5,87572.0,102307.0,53.40425531914894,-145.58779852047155,-192.41211352395456,361.0,88322.21,0.0018573397383705268,1,0 days 00:15:00
2025-12-29 23:15:00+05:30,87572.0,87829.5,87572.0,87822.5,154954.0,54.4956554590102,-115.28629268500664,-176.98694935616498,359.8928571428572,88277.55,0.002856419902812437,0,0 days 00:15:00
2025-12-29 23:30:00+05:30,87823.5,87977.5,87654.5,87762.5,204874.0,43.38482202820685,-95.0183175411512,-160.5932229931622,327.85714285714283,88230.68,-0.0006834297045349525,0,0 days 00:15:00
2025-12-29 23:45:00+05:30,87771.0,87844.0,87655.5,87686.0,56190.0,58.373493975903614,-84.15858410888177,-145.30629521630613,283.92857142857144,88185.2,-0.0008720508279981264,0,0 days 00:15:00
2025-12-30 00:00:00+05:30,87687.5,87754.5,87489.5,87581.0,86184.0,46.34310751600944,-83.06724214219139,-132.85848460148318,266.3928571428572,88137.26,-0.0011981720753096268,0,0 days 00:15:00
2025-12-30 00:15:00+05:30,87575.5,87591.5,87332.5,87436.0,106716.0,41.78781317661615,-92.83251846866916,-124.8532913749204,252.3571428571429,88087.44,-0.0016569822723035976,1,0 days 00:15:00
2025-12-30 00:30:00+05:30,87436.0,87641.0,87281.0,87545.5,127222.0,42.53435114503817,-90.69041281598038,-118.0207156631324,262.17857142857144,88040.8,0.0012515610426638902,0,0 days 00:15:00
2025-12-30 00:45:00+05:30,87546.5,87565.0,87441.5,87484.0,40613.0,44.76221079691517,-92.88459883947507,-112.99349229840094,251.5,87995.5,-0.0007027387101139252,0,0 days 00:15:00
2025-12-30 01:00:00+05:30,87485.0,87563.5,87358.5,87382.0,49996.0,38.777459407831905,-101.68192864320008,-110.73117956736078,248.78571428571428,87950.67,-0.0011666077061095444,0,0 days 00:15:00
2025-12-30 01:15:00+05:30,87383.5,87445.5,87308.5,87337.0,34002.0,43.81294964028777,-111.00539867581392,-110.78602338905142,234.1071428571429,87907.35,-0.0005151128497190311,1,0 days 00:15:00
2025-12-30 01:30:00+05:30,87338.0,87525.5,87265.0,87510.0,76360.0,47.601476014760145,-103.2445230754238,-109.2777233263259,238.3571428571429,87866.75,0.0019788736032624247,0,0 days 00:15:00
2025-12-30 01:45:00+05:30,87509.0,87578.5,87301.0,87316.0,36986.0,41.63424124513619,-111.46327269820904,-109.71483320070254,241.64285714285717,87821.23,-0.002219350435623743,0,0 days 00:15:00
2025-12-30 02:00:00+05:30,87316.0,87380.5,87188.5,87210.0,51898.0,39.34936350777935,-125.08806772803656,-112.78948010616936,242.3571428571429,87772.65,-0.0012147188732217552,1,0 days 00:15:00
2025-12-30 02:15:00+05:30,87216.0,87258.0,87060.5,87214.0,98101.0,43.869551583568516,-134.01817132429278,-117.03521834979404,232.17857142857144,87721.97,4.586524790967773e-05,1,0 days 00:15:00
2025-12-30 02:30:00+05:30,87184.5,87353.5,87160.0,87327.5,28655.0,42.08993853121967,-130.43328757408017,-119.71483219465128,231.39285714285717,87674.79,0.001300550482241996,0,0 days 00:15:00
2025-12-30 02:45:00+05:30,87327.5,87352.0,87206.5,87269.5,22789.0,29.563932002956392,-130.7649793643941,-121.92486162859984,223.39285714285717,87629.62,-0.0006643871559475495,1,0 days 00:15:00
2025-12-30 03:00:00+05:30,87275.0,87342.5,87236.5,87341.5,8777.0,34.578754578754584,-123.79106291105565,-122.298101885091,207.89285714285717,87586.85,0.0008246903583473288,0,0 days 00:15:00
2025-12-30 03:15:00+05:30,87335.5,87336.5,87290.5,87320.5,11895.0,36.0442917143948,-118.59165756542644,-121.5568130211581,198.07142857142856,87547.42,-0.00024046444104831345,0,0 days 00:15:00
2025-12-30 03:30:00+05:30,87320.5,87320.5,87052.5,87113.5,41633.0,33.43960325894437,-129.67939802039473,-123.18133002100544,198.28571428571428,87525.63,-0.0023733916228376086,1,0 days 00:15:00
2025-12-30 03:45:00+05:30,87121.0,87250.0,87120.0,87202.5,15368.0,41.38694208779048,-129.78883116293582,-124.50283024939152,189.53571428571428,87508.15,0.0010211341211762324,1,0 days 00:15:00
2025-12-30 04:00:00+05:30,87202.0,87379.0,87202.0,87360.5,17146.0,43.41168091168092,-115.79150577702968,-122.76056535491917,176.46428571428572,87494.42,0.0018102351947036441,0,0 days 00:15:00
2025-12-30 04:15:00+05:30,87360.5,87389.5,87317.5,87328.5,21185.0,44.34339759912695,-106.05808553706449,-119.42006939134824,172.78571428571428,87481.14,-0.00036636537341140353,1,0 days 00:15:00
2025-12-30 04:30:00+05:30,87325.0,87383.5,87253.0,87348.0,14149.0,48.684210526315795,-95.66799178166548,-114.66965386941168,167.46428571428572,87470.12,0.0002232698740929852,0,0 days 00:15:00
2025-12-30 04:45:00+05:30,87349.0,87349.0,87179.5,87187.5,17989.0,44.689165186500894,-99.24079021511716,-111.58388113855278,169.78571428571428,87458.76,-0.001839167908436435,1,0 days 00:15:00
2025-12-30 05:00:00+05:30,87188.5,87240.5,87152.5,87190.5,9487.0,37.09090909090909,-100.6697258514032,-109.40105008112288,157.46428571428572,87447.51,3.440801018827649e-05,1,0 days 00:15:00
2025-12-30 05:15:00+05:30,87190.5,87241.0,87179.5,87212.5,7361.0,45.143125293289536,-98.8870432205731,-107.29824870901294,142.03571428571428,87437.57,0.00025228923948212374,1,0 days 00:15:00
2025-12-30 05:30:00+05:30,87207.0,87324.5,87178.0,87273.0,10363.0,53.088235294117645,-91.53722585202196,-104.14604413761477,138.78571428571428,87430.84,0.0006934673932735221,0,0 days 00:15:00
2025-12-30 05:45:00+05:30,87273.0,87339.0,87268.5,87272.5,6147.0,52.87752090506641,-84.77554870169843,-100.2719450504315,129.71428571428572,87425.53,-5.729165174702751e-06,0,0 days 00:15:00
2025-12-30 06:00:00+05:30,87272.5,87272.5,87085.0,87116.5,26239.0,40.03777148253069,-90.95627972407964,-98.40881198516114,129.28571428571428,87429.17,-0.001789104147757188,1,0 days 00:15:00
2025-12-30 06:15:00+05:30,87117.5,87250.0,87117.5,87232.5,13657.0,48.34377797672336,-85.50863275046868,-95.82877613822264,128.42857142857142,87429.07,0.0013306645534698588,0,0 days 00:15:00
2025-12-30 06:30:00+05:30,87231.5,87267.5,87123.0,87204.0,20523.0,43.59571495109456,-82.53958018992853,-93.17093694856383,131.17857142857142,87427.64,-0.0003267664766673237,0,0 days 00:15:00
2025-12-30 06:45:00+05:30,87203.0,87279.5,87161.5,87177.0,12054.0,43.35340435386753,-81.42662356626533,-90.82207427210416,135.96428571428572,87424.14,-0.0003096667666288863,1,0 days 00:15:00
2025-12-30 07:00:00+05:30,87180.0,87257.5,87093.0,87244.5,19801.0,56.96808510638297,-74.24209488884662,-87.50607839545265,128.57142857142858,87423.07,0.0007739871904517238,1,0 days 00:15:00
2025-12-30 07:15:00+05:30,87245.0,87336.0,87244.5,87292.0,23369.0,54.98052309404563,-63.977953105815686,-82.80045333752527,125.35714285714286,87423.56,0.0005442987704314097,0,0 days 00:15:00
2025-12-30 07:30:00+05:30,87300.0,87300.0,87065.5,87183.5,36665.0,39.57597173144876,-63.86242375323491,-79.0128474206672,129.46428571428572,87422.2,-0.0012437277897032444,1,0 days 00:15:00
2025-12-30 07:45:00+05:30,87185.0,87324.0,87061.5,87223.5,29785.0,43.87397899649942,-59.85324920344283,-75.18092777722234,143.07142857142858,87419.42,0.00045869719336193447,0,0 days 00:15:00
2025-12-30 08:00:00+05:30,87227.5,87246.5,86956.5,87123.0,105205.0,38.00639658848614,-64.04716373904375,-72.95417496958663,154.46428571428572,87413.96,-0.0011528767268791148,0,0 days 00:15:00
2025-12-30 08:15:00+05:30,87123.5,87123.5,86943.0,87082.0,46436.0,43.55528405620037,-69.87376727846276,-72.33809343136186,155.25,87403.91,-0.00047070980462128484,0,0 days 00:15:00
2025-12-30 08:30:00+05:30,87081.0,87087.5,86888.5,86898.0,56862.0,35.36768384192095,-88.32055048138136,-75.53458484136576,163.17857142857142,87380.71,-0.002115186442137512,1,0 days 00:15:00
2025-12-30 08:45:00+05:30,86901.5,87281.0,86799.5,87246.0,137694.0,51.26367408525085,-74.0059726434265,-75.22886240177792,193.17857142857144,87377.47,0.003996697712629246,1,0 days 00:15:00
2025-12-30 09:00:00+05:30,87246.0,87296.5,87168.5,87248.0,48981.0,49.01341752170482,-61.78793048954685,-72.54067601933171,191.8571428571429,87368.64,2.2923424302229647e-05,1,0 days 00:15:00
2025-12-30 09:15:00+05:30,87248.0,87401.5,87228.0,87344.0,78776.0,52.62385321100917,-43.853134722376126,-66.8031677599406,199.2142857142857,87361.49,0.0010997068556960385,0,0 days 00:15:00
2025-12-30 09:30:00+05:30,87344.0,87397.0,87258.5,87286.5,40817.0,56.7246835443038,-33.888800321059534,-60.2202942721644,195.7142857142857,87351.42,-0.0006585333269730005,1,0 days 00:15:00
2025-12-30 09:45:00+05:30,87286.5,87463.5,87274.5,87417.0,53659.0,57.21548689870942,-15.28553205425851,-51.23334182858322,199.67857142857144,87346.82,0.0014939600439841613,0,0 days 00:15:00
2025-12-30 10:00:00+05:30,87418.0,87434.5,87358.5,87417.0,30982.0,58.52,-0.5361277762276586,-41.09389901811211,194.78571428571428,87340.47,0.0,0,0 days 00:15:00
2025-12-30 10:15:00+05:30,87417.0,87428.0,87264.5,87271.5,33880.0,53.452685421994886,-0.5810545923159225,-32.991330132952875,198.03571428571428,87335.72,-0.001665822691779418,1,0 days 00:15:00
2025-12-30 10:30:00+05:30,87270.5,87328.0,87252.0,87326.5,26009.0,53.023598820059,3.7778324274841,-25.63749762086548,191.7142857142857,87330.62,0.0006300186923015172,0,0 days 00:15:00
2025-12-30 10:45:00+05:30,87327.5,87332.5,87193.0,87238.5,40938.0,48.084496956677405,0.1299196090694749,-20.48401417487849,195.14285714285717,87323.48,-0.0010082205190547662,0,0 days 00:15:00
2025-12-30 11:00:00+05:30,87239.5,87239.5,87114.0,87210.5,45510.0,51.0258358662614,-4.9632305433478905,-17.37985744857237,187.3571428571429,87315.96,-0.00032101072795427975,1,0 days 00:15:00
2025-12-30 11:15:00+05:30,87209.5,87236.0,87168.5,87225.5,19219.0,50.077459333849724,-7.700448120973306,-15.44397558305256,173.42857142857142,87312.28,0.00017198284800124097,1,0 days 00:15:00
2025-12-30 11:30:00+05:30,87225.5,87309.0,87206.5,87308.0,33416.0,57.26630007855459,-3.1760408313857624,-12.9903886327192,160.03571428571428,87307.0,0.0009453773189038537,1,0 days 00:15:00
2025-12-30 11:45:00+05:30,87309.0,87399.5,87300.5,87361.5,31453.0,60.871256320497864,4.672723179886816,-9.457766270197997,154.21428571428572,87297.78,0.0006125855020256506,1,0 days 00:15:00
2025-12-30 12:00:00+05:30,87356.0,87477.0,87350.0,87453.5,49033.0,73.27188940092167,18.10782064535306,-3.944648887087786,149.07142857142858,87291.6,0.0010525413550721717,0,0 days 00:15:00
2025-12-30 12:15:00+05:30,87454.5,87497.0,87384.0,87412.5,44412.0,59.390862944162436,25.15688195709663,1.8756572817490973,122.75,87286.13,-0.00046893050394375613,1,0 days 00:15:00
2025-12-30 12:30:00+05:30,87413.5,87501.5,87370.0,87480.5,47911.0,62.204724409448815,35.81746410211781,8.664018645822841,123.0,87284.12,0.0007776183543833383,0,0 days 00:15:00
2025-12-30 12:45:00+05:30,87480.0,87582.0,87331.0,87385.5,81129.0,52.18076720966894,36.18324824306183,14.16786456527064,128.53571428571428,87283.11,-0.0010865463766116367,1,0 days 00:15:00
2025-12-30 13:00:00+05:30,87379.5,87498.5,87365.0,87454.0,43806.0,58.701298701298704,41.52187401455012,19.638666455126536,128.17857142857142,87281.28,0.0007835758338918438,1,0 days 00:15:00
2025-12-30 13:15:00+05:30,87455.0,87479.0,87426.5,87466.5,19797.0,52.93072824156306,46.228525271231774,24.956638218347585,118.42857142857144,87280.93,0.00014292207055516148,1,0 days 00:15:00
2025-12-30 13:30:00+05:30,87465.5,87996.5,87464.0,87846.0,239752.0,67.52450980392157,79.66275602480164,35.8978617796384,151.03571428571428,87290.21,0.004329418527196092,0,0 days 00:15:00
2025-12-30 13:45:00+05:30,87842.0,88196.5,87728.5,87798.0,215573.0,73.36884154460719,101.12076865480049,48.94244315467081,172.78571428571428,87299.43,-0.0005465601010556929,1,0 days 00:15:00
2025-12-30 14:00:00+05:30,87797.0,87953.5,87744.5,87879.0,74321.0,73.96963123644252,123.24176694151538,63.80230791203973,182.28571428571428,87306.81,0.0009221469599309097,0,0 days 00:15:00
2025-12-30 14:15:00+05:30,87876.5,87957.0,87801.0,87836.5,51063.0,77.00993676603433,135.7782554346195,78.19749741655569,183.4642857142857,87317.22,-0.00048373650393679287,0,0 days 00:15:00
2025-12-30 14:30:00+05:30,87835.0,87897.0,87761.5,87774.0,42669.0,74.68243539202803,139.06720504676923,90.3714389425984,184.17857142857144,87328.5,-0.0007118025703345872,0,0 days 00:15:00
2025-12-30 14:45:00+05:30,87772.5,87772.5,87618.0,87668.5,79574.0,67.9788961038961,131.6432515514898,98.62580146437668,190.5,87337.59,-0.0012026733854849701,1,0 days 00:15:00
2025-12-30 15:00:00+05:30,87667.5,87828.0,87657.0,87828.0,37379.0,69.86249045072574,137.05020249902736,106.31068167130682,195.39285714285717,87347.6,0.0018177005685713773,1,0 days 00:15:00
2025-12-30 15:15:00+05:30,87828.0,88009.0,87793.0,87964.0,72628.0,71.6492993172835,150.5735948083602,115.16326429871752,203.75,87361.49,0.001547283461510969,1,0 days 00:15:00
2025-12-30 15:30:00+05:30,87959.0,88110.0,87921.0,87989.0,85055.0,70.21517553793885,161.4472087851027,124.42005319599456,208.17857142857144,87374.44,0.0002841667964539754,1,0 days 00:15:00
2025-12-30 15:45:00+05:30,87988.0,88059.0,87921.5,87990.5,53015.0,72.49027237354086,168.2462259032327,133.1852877374422,209.92857142857144,87387.84,1.7047440185267188e-05,1,0 days 00:15:00
2025-12-30 16:00:00+05:30,87990.0,88123.0,87880.0,88120.5,85270.0,73.75649591685226,182.0261256293597,142.9534553158257,217.89285714285717,87407.98,0.0014763418936032306,0,0 days 00:15:00
2025-12-30 16:15:00+05:30,88120.0,88159.5,87893.5,87922.5,119266.0,68.51724137931035,174.9530997665861,149.35338420597776,218.9642857142857,87422.38,-0.002249451366887719,1,0 days 00:15:00
2025-12-30 16:30:00+05:30,87923.0,87999.5,87871.0,87996.5,64903.0,68.63620748883545,173.32092167164956,154.14689169911213,218.6071428571429,87435.1,0.0008412963280218334,0,0 days 00:15:00
2025-12-30 16:45:00+05:30,87995.5,88004.0,87881.5,87906.5,44445.0,64.35094585779517,162.88749528190235,155.89501241567018,223.6071428571429,87446.66,-0.0010232913350362676,0,0 days 00:15:00
2025-12-30 17:00:00+05:30,87906.5,87989.0,87846.5,87855.0,57430.0,50.373443983402495,148.74862850610225,154.4657356337566,195.75,87456.8,-0.0005860214150863261,1,0 days 00:15:00
2025-12-30 17:15:00+05:30,87855.0,87923.5,87731.0,87883.5,111746.0,53.60607338675664,138.24953198937874,151.22249490488102,176.07142857142858,87470.72,0.00032434555034722653,1,0 days 00:15:00
2025-12-30 17:30:00+05:30,87884.5,88042.5,87878.5,88011.0,92506.0,55.35714285714286,138.61919104904518,148.70183413371385,172.85714285714286,87487.13,0.001449732906154896,0,0 days 00:15:00
2025-12-30 17:45:00+05:30,88011.0,88065.0,87958.0,87970.5,54332.0,55.44715447154472,134.09833485877607,145.7811342787263,169.35714285714286,87502.29,-0.00046027566210089224,0,0 days 00:15:00
2025-12-30 18:00:00+05:30,87971.5,88039.0,87913.0,87965.5,35142.0,58.16631130063966,128.6293069620151,142.35076881538407,168.67857142857142,87516.14,-5.683885050640973e-05,1,0 days 00:15:00
2025-12-30 18:15:00+05:30,87965.5,88002.5,87927.5,88002.5,17625.0,65.1268115942029,125.8301619493286,139.046647442173,162.89285714285714,87530.74,0.0004205310118348642,0,0 days 00:15:00
2025-12-30 18:30:00+05:30,88002.5,88019.0,87888.0,87921.0,50604.0,54.53216374269007,115.70171315647896,134.3776605850342,160.03571428571428,87546.83,-0.0009265391585601505,1,0 days 00:15:00
2025-12-30 18:45:00+05:30,87917.0,88103.5,87883.5,88064.5,69188.0,54.862119013062404,117.8950742087327,131.0811433097739,160.32142857142858,87563.47,0.0016308165366342672,0,0 days 00:15:00
2025-12-30 19:00:00+05:30,88063.5,88107.0,87892.5,88044.5,62710.0,52.69810403500243,116.67454427292978,128.19982350240508,162.14285714285714,87580.28,-0.00022713206123462922,1,0 days 00:15:00
2025-12-30 19:15:00+05:30,88044.5,88121.5,87993.0,88078.0,53705.0,54.12541254125412,117.06102886144072,125.9720645742122,161.5,87598.3,0.00038041704386442015,0,0 days 00:15:00
2025-12-30 19:30:00+05:30,88079.0,88079.0,87797.5,88005.0,136544.0,44.24514200298954,110.20643953491526,122.81893956635284,164.25,87613.51,-0.0008291544803561707,1,0 days 00:15:00
2025-12-30 19:45:00+05:30,88013.5,88379.0,87991.5,88111.5,273822.0,60.36184210526316,112.07584744678752,120.6703211424398,172.92857142857142,87629.9,0.0012094268621233681,0,0 days 00:15:00
2025-12-30 20:00:00+05:30,88115.5,88237.0,87848.5,88066.5,281315.0,53.96375990939978,108.6735220507253,118.27096132409687,191.5,87647.56,-0.0005108469954093559,1,0 days 00:15:00
2025-12-30 20:15:00+05:30,88065.5,88985.5,87996.5,88840.5,609876.0,79.8021697511168,166.5130275432457,127.91937456792668,253.39285714285717,87679.9,0.008750416193194681,0,0 days 00:15:00
2025-12-30 20:30:00+05:30,88839.5,89041.5,88158.5,88317.5,476964.0,61.34412558253618,168.2104973445821,135.97759912325776,306.2857142857143,87703.79,-0.005904351137103521,1,0 days 00:15:00
2025-12-30 20:45:00+05:30,88318.0,88530.0,88182.0,88439.5,223216.0,63.03939962476547,177.35568881464133,144.25321706153449,317.3928571428572,87730.94,0.0013804264540964945,1,0 days 00:15:00
2025-12-30 21:00:00+05:30,88441.0,88771.0,88398.5,88730.5,205115.0,65.67196689174472,205.7132526294736,156.5452241751223,332.2857142857143,87767.59,0.003284983481227338,1,0 days 00:15:00
2025-12-30 21:15:00+05:30,88731.5,89126.0,88643.0,88975.0,317172.0,70.09401880376075,245.0906800897501,174.25431535804788,359.1428571428572,87802.17,0.002751745492194445,0,0 days 00:15:00
2025-12-30 21:30:00+05:30,88983.5,89108.0,88746.0,88928.0,278562.0,68.93566791265,269.39959698781604,193.2833716840015,376.0,87835.77,-0.0005283778361631197,1,0 days 00:15:00
2025-12-30 21:45:00+05:30,88930.0,89364.0,88913.0,89176.5,337018.0,71.3221939702143,305.19832564599346,215.6663624763999,402.8571428571428,87872.42,0.002790498401256777,0,0 days 00:15:00
2025-12-30 22:00:00+05:30,89175.5,89229.0,88622.5,88676.5,289347.0,61.91076777550055,289.88167914575024,230.50942581027,436.82142857142856,87900.22,-0.005622635741321988,1,0 days 00:15:00
2025-12-30 22:15:00+05:30,88675.5,88759.0,88526.5,88707.0,189381.0,60.50351479483407,277.0110110427486,239.80974285676567,437.7142857142857,87926.02,0.00034388768178066564,1,0 days 00:15:00
2025-12-30 22:30:00+05:30,88707.0,88869.0,88675.5,88726.5,145110.0,61.151079136690655,265.3258891837904,244.9129721221707,436.2142857142857,87952.21,0.00021980065859611864,0,0 days 00:15:00
2025-12-30 22:45:00+05:30,88726.5,88776.0,88462.5,88592.5,206175.0,58.14468893462086,242.45776363409823,244.4219304245562,449.4285714285714,87978.63,-0.0015114006452593373,0,0 days 00:15:00
2025-12-30 23:00:00+05:30,88593.5,88655.0,88479.5,88496.5,86534.0,57.72434386295773,214.11996995686783,238.36153833101852,441.8571428571428,88002.03,-0.001084200705904092,0,0 days 00:15:00
2025-12-30 23:15:00+05:30,88496.5,88503.0,88093.0,88339.5,303907.0,53.527227722772274,176.953664711662,226.07996360714725,443.4642857142857,88024.05,-0.0017756570070709633,0,0 days 00:15:00
2025-12-30 23:30:00+05:30,88339.5,88381.0,88246.0,88269.0,83263.0,53.108211818879504,140.19426698723692,208.9028242831652,425.3571428571428,88045.22,-0.0007983761115093438,1,0 days 00:15:00
2025-12-30 23:45:00+05:30,88269.5,88415.0,88259.5,88344.0,70200.0,40.297049052179005,115.77941957364963,190.2781433412621,365.82142857142856,88067.59,0.0008493146541685883,0,0 days 00:15:00
2025-12-31 00:00:00+05:30,88345.0,88465.0,88305.5,88334.0,63223.0,50.40332437056954,94.5338334852422,171.12928137005815,314.1428571428572,88088.11,-0.0001132002853856306,0,0 days 00:15:00
2025-12-31 00:15:00+05:30,88334.0,88334.0,88095.5,88268.0,120114.0,45.68987182709223,71.54616537057154,151.21265817016084,306.32142857142856,88106.24,-0.0007474434386099301,0,0 days 00:15:00
2025-12-31 00:30:00+05:30,88268.0,88268.0,87923.5,88035.5,190534.0,32.004142931123766,34.173534621237195,127.80483346037612,304.32142857142856,88117.88,-0.0026374987992891026,1,0 days 00:15:00
2025-12-31 00:45:00+05:30,88034.5,88345.5,88001.0,88316.5,119246.0,33.26556543837357,26.91949589029537,107.62776594635996,294.42857142857144,88135.96,0.003186810898817038,0,0 days 00:15:00
2025-12-31 01:00:00+05:30,88316.5,88403.0,88230.5,88258.5,67116.0,33.08061662875916,16.302576703499653,89.36272809778791,280.8928571428572,88151.52,-0.0006569446647141272,0,0 days 00:15:00
2025-12-31 01:15:00+05:30,88282.0,88317.5,88108.5,88198.0,46623.0,22.675230382574696,2.9724824494333006,72.08467896811699,263.60714285714283,88167.77,-0.0006857214369622442,0,0 days 00:15:00
2025-12-31 01:30:00+05:30,88191.0,88197.5,88062.5,88109.5,44887.0,29.44162436548224,-14.565027093791286,54.75473775573533,229.9642857142857,88180.88,-0.0010039278809245448,0,0 days 00:15:00
2025-12-31 01:45:00+05:30,88102.5,88190.5,88005.0,88035.0,28996.0,26.387912860154614,-34.082277851659455,36.98733463425638,226.6071428571429,88192.25,-0.0008458964593537101,0,0 days 00:15:00
2025-12-31 02:00:00+05:30,88034.0,88154.0,88009.5,88022.0,23232.0,25.132368513942822,-50.02220619071159,19.585426469262785,223.1071428571429,88195.77,-0.00014767944499364751,0,0 days 00:15:00
2025-12-31 02:15:00+05:30,88015.0,88015.0,87845.0,87916.5,78750.0,25.648414985590776,-70.35665481883916,1.5970102116423952,213.3571428571429,88198.14,-0.001199282847641314,1,0 days 00:15:00
2025-12-31 02:30:00+05:30,87870.0,88070.0,87854.5,88055.0,27631.0,34.56833275078644,-74.43798460079415,-13.609988750844916,216.2142857142857,88201.66,0.0015741188612760242,1,0 days 00:15:00
2025-12-31 02:45:00+05:30,88065.0,88165.5,88051.5,88124.5,31621.0,41.995532390171256,-71.24315198435215,-25.136621397546364,195.07142857142856,88207.42,0.0007889681104231527,1,0 days 00:15:00
2025-12-31 03:00:00+05:30,88130.0,88259.0,88130.0,88244.0,30990.0,49.10201149425288,-58.39542669245566,-31.788382456528225,195.03571428571428,88216.82,0.0013551174760449319,1,0 days 00:15:00
2025-12-31 03:15:00+05:30,88244.0,88307.5,88193.0,88254.5,18218.0,46.62900188323918,-46.826463267818326,-34.79599861878625,192.1071428571429,88228.54,0.00011898118128344113,1,0 days 00:15:00
2025-12-31 03:30:00+05:30,88262.0,88444.0,88262.0,88436.5,38229.0,53.41780593531177,-22.71030715716188,-32.37886032646138,194.25,88240.71,0.0020600943383325236,0,0 days 00:15:00
2025-12-31 03:45:00+05:30,88436.5,88436.5,88325.5,88394.5,13740.0,54.286682480515076,-6.90750328519789,-27.28458891820868,185.14285714285717,88249.32,-0.0004750298396750638,0,0 days 00:15:00
2025-12-31 04:00:00+05:30,88393.5,88428.0,88257.5,88295.0,18076.0,59.66480446927374,-2.3849930916476296,-22.30466975289647,172.71428571428572,88255.44,-0.001126269648370059,1,0 days 00:15:00
2025-12-31 04:15:00+05:30,88295.5,88403.5,88248.0,88397.0,14703.0,53.45938977223893,9.322215670719745,-15.979292668173228,159.21428571428572,88263.57,0.001154551551065152,1,0 days 00:15:00
2025-12-31 04:30:00+05:30,88396.0,88472.5,88328.5,88415.0,25356.0,56.96484201157099,19.824191587991663,-8.818595816940249,157.17857142857142,88269.46,0.0002036060907876551,1,0 days 00:15:00
2025-12-31 04:45:00+05:30,88416.0,88542.0,88382.5,88535.0,30701.0,64.24344885883347,37.39896825722826,0.4249169978934537,153.64285714285714,88281.71,0.0013563155512395582,0,0 days 00:15:00
2025-12-31 05:00:00+05:30,88535.0,88540.5,88476.5,88509.0,12383.0,67.8268630075859,48.66810703504598,10.07355500532396,148.53571428571428,88291.96,-0.00029371229961948884,0,0 days 00:15:00
2025-12-31 05:15:00+05:30,88509.0,88511.5,88433.5,88463.5,10979.0,69.62895098488319,53.31295243607019,18.721434491473207,140.85714285714286,88303.1,-0.0005142041955958347,0,0 days 00:15:00
2025-12-31 05:30:00+05:30,88464.5,88464.5,88316.0,88358.0,24617.0,64.1891891891892,47.92856689629844,24.56286097243825,141.14285714285714,88313.16,-0.0011932939435407737,0,0 days 00:15:00
2025-12-31 05:45:00+05:30,88351.5,88430.0,88273.0,88358.0,27995.0,70.46824292999537,43.16383672243683,28.28305612243797,139.71428571428572,88322.65,0.0,0,0 days 00:15:00
2025-12-31 06:00:00+05:30,88358.0,88358.0,88219.0,88293.0,23559.0,61.840796019900495,33.753705256051035,29.377185949160584,134.25,88328.29,-0.0007359143501423664,0,0 days 00:15:00
2025-12-31 06:15:00+05:30,88292.0,88292.0,88218.0,88234.5,11444.0,55.53319919517103,21.32977085639141,27.76770293060675,131.46428571428572,88333.57,-0.0006627862756966687,1,0 days 00:15:00
2025-12-31 06:30:00+05:30,88235.0,88299.0,88143.0,88285.5,48662.0,52.242031334413824,15.421220875359722,25.298406519557343,133.0,88339.97,0.0005778382213806616,1,0 days 00:15:00
2025-12-31 06:45:00+05:30,88285.5,88668.5,88274.0,88552.0,94006.0,62.589928057553955,31.875533900223672,26.613831995690614,153.0,88350.96,0.0030140688683569145,1,0 days 00:15:00
2025-12-31 07:00:00+05:30,88552.0,88744.0,88551.0,88700.0,51554.0,61.48148148148148,56.210103547622566,32.53308630607701,153.25,88366.54,0.0016699392322110135,0,0 days 00:15:00
2025-12-31 07:15:00+05:30,88699.0,88765.0,88563.5,88613.0,32053.0,59.161425576519925,67.69490764687362,39.56545057423634,159.71428571428572,88377.51,-0.0009813156055293237,1,0 days 00:15:00
2025-12-31 07:30:00+05:30,88613.0,88659.0,88488.0,88659.0,37438.0,65.97892888498683,79.5910372671351,47.570567912816095,159.75,88389.8,0.0005189764997570429,0,0 days 00:15:00
2025-12-31 07:45:00+05:30,88659.0,88709.0,88591.0,88637.0,29672.0,61.3314447592068,86.24936061898188,55.306326454049255,157.07142857142858,88400.98,-0.00024817254887771656,0,0 days 00:15:00
2025-12-31 08:00:00+05:30,88636.5,88724.5,88509.5,88568.5,32967.0,56.9175304191077,85.01870956280618,61.24880307580064,162.14285714285714,88412.25,-0.0007731137398320018,1,0 days 00:15:00
2025-12-31 08:15:00+05:30,88585.0,88696.0,88483.5,88647.5,38985.0,55.26438933083762,89.38764438133512,66.87657133690753,165.92857142857142,88422.97,0.0008915674118933092,1,0 days 00:15:00
2025-12-31 08:30:00+05:30,88648.5,88785.5,88638.5,88733.0,41150.0,59.9290780141844,98.61244921770412,73.22374691306686,171.85714285714286,88436.3,0.0009640293788961162,0,0 days 00:15:00
2025-12-31 08:45:00+05:30,88734.0,88734.0,88487.5,88512.5,46662.0,51.880276285495015,87.12632822948217,76.00426317634992,183.89285714285717,88429.74,-0.0024880757339488077,0,0 days 00:15:00
2025-12-31 09:00:00+05:30,88512.5,88524.0,88343.5,88436.0,84177.0,53.06122448979591,71.03177385717572,75.00976531251509,186.17857142857144,88432.11,-0.0008646584149192791,0,0 days 00:15:00
2025-12-31 09:15:00+05:30,88436.0,88459.0,88379.0,88421.0,28824.0,52.44375484871994,56.41602015969693,71.29101628195146,180.67857142857144,88431.74,-0.00016962857038136395,1,0 days 00:15:00
2025-12-31 09:30:00+05:30,88421.0,88469.0,88382.0,88431.0,23479.0,55.591572123176654,45.11973426955228,66.05675987947163,176.96428571428572,88425.75,0.00011308891062190228,0,0 days 00:15:00
2025-12-31 09:45:00+05:30,88442.0,88519.0,88345.0,88404.0,45814.0,57.04781704781705,33.60133667163609,59.56567523790452,184.03571428571428,88414.33,-0.0003053694145368838,0,0 days 00:15:00
2025-12-31 10:00:00+05:30,88404.0,88440.0,88348.5,88348.5,29123.0,52.60977630488815,19.76667944624205,51.60587607957203,179.42857142857142,88402.74,-0.0006279967957908374,0,0 days 00:15:00
2025-12-31 10:15:00+05:30,88348.5,88397.0,88288.5,88295.5,61059.0,37.09109209864116,4.474379005318042,42.17957666472123,159.0,88385.12,-0.0006000770090170429,1,0 days 00:15:00
2025-12-31 10:30:00+05:30,88299.5,88437.0,88299.5,88384.0,34985.0,33.08351177730192,-0.4979290780902374,33.644075516158935,155.32142857142858,88379.27,0.0010018141029579433,1,0 days 00:15:00
2025-12-31 10:45:00+05:30,88384.0,88437.0,88314.0,88434.0,29261.0,40.022296544035676,-0.3993336553976405,26.835393681847624,149.71428571428572,88373.81,0.0005655532958490683,1,0 days 00:15:00
2025-12-31 11:00:00+05:30,88433.0,88497.0,88408.5,88496.0,42838.0,41.07338444687843,4.628333227417897,22.39398159096168,143.82142857142858,88369.2,0.0007008421696462458,0,0 days 00:15:00
2025-12-31 11:15:00+05:30,88497.0,88497.0,88414.5,88425.0,24276.0,38.98128898128898,2.85082627547672,18.48535052786469,141.28571428571428,88365.85,-0.0008026181607779358,1,0 days 00:15:00
2025-12-31 11:30:00+05:30,88428.5,88500.0,88428.5,88494.5,31718.0,46.15784008307373,6.969864119106205,16.182253246112992,131.28571428571428,88365.81,0.0007856680984861054,1,0 days 00:15:00
2025-12-31 11:45:00+05:30,88495.5,88530.0,88433.5,88499.0,41041.0,41.643218908272374,10.476576228858905,15.041117842662176,123.0,88369.0,5.084932498610187e-05,0,0 days 00:15:00
2025-12-31 12:00:00+05:30,88498.0,88531.0,88447.0,88477.5,34307.0,34.50576106731353,11.38950934926106,14.310796143981952,118.5,88373.17,-0.00024297011304630847,1,0 days 00:15:00
2025-12-31 12:15:00+05:30,88477.5,88503.0,88455.0,88480.0,13259.0,47.320692497939,12.174405562123866,13.883518027610336,104.32142857142856,88375.89,2.8255372054429908e-05,0,0 days 00:15:00
2025-12-31 12:30:00+05:30,88480.0,88480.0,88394.0,88459.0,29468.0,52.08711433756805,10.975399397706497,13.30189430162957,97.57142857142856,88378.39,-0.0002373699421676177,1,0 days 00:15:00
2025-12-31 12:45:00+05:30,88459.0,88555.0,88393.5,88503.0,45315.0,57.06896551724138,13.420902836995085,13.325696008702671,103.39285714285714,88383.09,0.0004972819125771213,1,0 days 00:15:00
2025-12-31 13:00:00+05:30,88504.0,88605.0,88484.5,88575.5,56020.0,61.24513618677043,20.96742658189032,14.854042123340204,105.78571428571428,88393.89,0.0008188459248412088,1,0 days 00:15:00
2025-12-31 13:15:00+05:30,88575.5,88604.5,88535.0,88577.0,25128.0,64.01944894651541,26.760658272833098,17.235365353238784,98.32142857142856,88399.1,1.6934562030351845e-05,1,0 days 00:15:00
2025-12-31 13:30:00+05:30,88578.0,88699.0,88577.0,88667.5,60627.0,74.46319018404908,38.21392346348148,21.43107697528733,100.5,88407.28,0.0010211883343589712,0,0 days 00:15:00
2025-12-31 13:45:00+05:30,88667.5,88668.5,88599.5,88619.0,30970.0,74.98069498069498,42.88284720586671,25.721431021403205,97.67857142857144,88415.7,-0.0005471369924941535,0,0 days 00:15:00
2025-12-31 14:00:00+05:30,88616.5,88617.0,88350.0,88381.0,96172.0,49.811794228356334,27.066387491693604,25.990422315461288,106.78571428571428,88421.13,-0.002689267157489027,1,0 days 00:15:00
2025-12-31 14:15:00+05:30,88381.0,88432.0,88348.0,88400.5,41647.0,47.814742335290276,15.921681020583492,23.976674056485727,104.0,88428.44,0.00022061132051818668,1,0 days 00:15:00
2025-12-31 14:30:00+05:30,88399.5,88559.5,88398.0,88523.0,55076.0,51.63240628778718,16.78070950024994,22.53748114523857,109.21428571428572,88438.46,0.0013847795185563377,1,0 days 00:15:00
2025-12-31 14:45:00+05:30,88523.0,88578.5,88522.5,88566.5,22591.0,58.84928080050031,20.732589824780007,22.176502881146856,107.32142857142856,88451.46,0.0004912770195285714,1,0 days 00:15:00
2025-12-31 15:00:00+05:30,88565.0,88657.0,88547.5,88626.0,35953.0,58.328055731475615,28.338962274749065,23.408994759867294,109.78571428571428,88462.88,0.000671586012233621,1,0 days 00:15:00
2025-12-31 15:15:00+05:30,88626.0,88688.5,88617.0,88629.0,35743.0,58.24873096446701,34.2147359916853,25.5701430062309,108.0,88472.97,3.3849538803321886e-05,1,0 days 00:15:00
2025-12-31 15:30:00+05:30,88628.0,88799.0,88628.0,88761.5,97751.0,65.79532814238043,48.9981514566316,30.25574469631104,114.21428571428572,88483.32,0.0014938796005582835,0,0 days 00:15:00
2025-12-31 15:45:00+05:30,88761.5,88859.0,88653.0,88729.0,90343.0,63.40150699677072,57.429623385483865,35.69052043414561,125.5,88492.81,-0.00036621678752645073,0,0 days 00:15:00
2025-12-31 16:00:00+05:30,88729.0,88743.0,88627.0,88717.5,47818.0,64.05655247417074,62.46362990084162,41.04514232748482,127.64285714285714,88498.43,-0.00012961653248834556,1,0 days 00:15:00
2025-12-31 16:15:00+05:30,88717.5,88820.0,88690.0,88813.0,49595.0,65.96292481977343,73.31404947953706,47.49892375789527,125.39285714285714,88506.8,0.0010758715737495075,1,0 days 00:15:00
2025-12-31 16:30:00+05:30,88814.0,88920.0,88782.5,88832.0,98276.0,63.97820163487739,82.49527223230689,54.4981934527776,126.60714285714286,88517.54,0.00021390976467057247,1,0 days 00:15:00
2025-12-31 16:45:00+05:30,88832.0,88909.0,88767.5,88905.5,60481.0,66.59929257200606,94.61166872255852,62.52088850673378,131.75,88527.71,0.0008270624284655997,1,0 days 00:15:00
2025-12-31 17:00:00+05:30,88905.5,88997.0,88870.0,88990.5,83274.0,66.41260162601625,109.80700308133964,71.97811142165496,132.10714285714286,88539.22,0.0009556145890688228,0,0 days 00:15:00
2025-12-31 17:15:00+05:30,88986.5,89009.0,88900.0,88976.0,64985.0,68.78947368421052,119.30412255809642,81.44331364894325,134.96428571428572,88548.04,-0.0001629520166108308,0,0 days 00:15:00
2025-12-31 17:30:00+05:30,88965.5,89007.0,88870.5,88908.5,68086.0,83.83579217447081,120.00067915602996,89.1547867503606,125.5,88556.03,-0.0007589194476164412,0,0 days 00:15:00
2025-12-31 17:45:00+05:30,88908.5,88970.5,88870.5,88907.0,42503.0,83.25673013788575,119.05922715547786,95.13567483138408,126.64285714285714,88564.9,-1.6871420095996098e-05,0,0 days 00:15:00
2025-12-31 18:00:00+05:30,88906.0,88951.5,88784.0,88801.5,76167.0,68.7038280725319,108.54886758633074,97.81831338237342,127.07142857142856,88573.77,-0.0011873378301458118,0,0 days 00:15:00
2025-12-31 18:15:00+05:30,88800.5,88833.0,88711.0,88745.0,87562.0,61.78217821782179,94.57010874910338,97.16867245571942,131.78571428571428,88581.51,-0.0006364530070400117,1,0 days 00:15:00
2025-12-31 18:30:00+05:30,88746.0,88818.5,88713.5,88784.0,65896.0,60.71913161465401,85.65147879117285,94.8652337228101,131.46428571428572,88591.33,0.00043936484323557135,1,0 days 00:15:00
2025-12-31 18:45:00+05:30,88785.0,88871.0,88771.5,88814.0,54744.0,62.10732984293194,80.08102536214574,91.90839205067724,133.46428571428572,88602.92,0.0003378416455742926,0,0 days 00:15:00
2025-12-31 19:00:00+05:30,88811.5,88811.5,88713.5,88763.5,61248.0,50.146627565982406,70.77561569138197,87.68183677881818,128.42857142857142,88612.48,-0.0005687657654981653,1,0 days 00:15:00
2025-12-31 19:15:00+05:30,88763.5,89030.0,88743.0,88963.5,145002.0,63.80223660977045,78.63290879047418,85.87205118114939,134.21428571428572,88620.71,0.0022506437898945006,1,0 days 00:15:00
2025-12-31 19:30:00+05:30,88963.5,89200.0,88885.5,89108.5,193132.0,69.8880976602238,95.45975769952928,87.78959248482538,148.39285714285714,88628.88,0.0016285551018388443,0,0 days 00:15:00
2025-12-31 19:45:00+05:30,89108.5,89113.5,88910.5,88919.5,122099.0,54.94658615884812,92.47840276846546,88.7273545415534,153.60714285714286,88635.01,-0.0021232623071069895,0,0 days 00:15:00
2025-12-31 20:00:00+05:30,88919.5,88919.5,88530.0,88629.0,404743.0,42.47032640949555,65.91490927241102,84.16486548772492,171.60714285714286,88634.41,-0.003272348222926694,0,0 days 00:15:00
2025-12-31 20:15:00+05:30,88628.0,88636.5,88250.5,88454.5,401768.0,34.437543133195305,30.431660416259547,73.41822447343185,189.07142857142856,88630.76,-0.0019708223124331133,0,0 days 00:15:00
2025-12-31 20:30:00+05:30,88452.5,88459.0,87915.5,88166.0,385573.0,25.05295007564297,-20.729650344714173,54.58864950980265,218.82142857142856,88622.71,-0.003266894347904252,0,0 days 00:15:00
2025-12-31 20:45:00+05:30,88164.0,88176.0,87890.0,87961.0,206688.0,22.46337493217581,-76.93033939853194,28.28485172813573,231.4642857142857,88608.98,-0.002327866739045729,1,0 days 00:15:00
2025-12-31 21:00:00+05:30,87960.5,88093.0,87750.5,88015.5,313100.0,25.601092896174862,-115.7379409147834,-0.5197068004480911,246.17857142857144,88594.63,0.0006194009057169871,0,0 days 00:15:00
2025-12-31 21:15:00+05:30,88014.5,88130.5,87894.5,87918.0,127242.0,24.325025960539975,-152.6015838017047,-30.936082200699413,255.89285714285717,88582.74,-0.0011083734477117114,0,0 days 00:15:00
2025-12-31 21:30:00+05:30,87920.0,87975.0,87782.5,87892.5,164636.0,25.379198266522224,-181.77849394045188,-61.10456454864991,257.67857142857144,88571.87,-0.00029008506521307706,1,0 days 00:15:00
2025-12-31 21:45:00+05:30,87893.5,88030.0,87664.0,87896.5,240019.0,26.345135210482297,-202.2472583632189,-89.3331033115637,275.10714285714283,88561.38,4.550910467312019e-05,0,0 days 00:15:00
2025-12-31 22:00:00+05:30,87897.5,87920.5,87368.0,87441.0,302235.0,19.615384615384613,-252.3154098811792,-121.92956462548682,307.07142857142856,88541.58,-0.005195705706974564,1,0 days 00:15:00
2025-12-31 22:15:00+05:30,87443.0,87675.5,87399.5,87635.0,151152.0,25.168491996630166,-273.1914213567361,-152.1819359717367,319.67857142857144,88526.2,0.0022161813087106974,0,0 days 00:15:00
2025-12-31 22:30:00+05:30,87635.0,87665.5,87462.5,87514.5,106257.0,24.44762684124386,-296.0465138648433,-180.95485155035803,327.0,88509.52,-0.0013759676049518066,1,0 days 00:15:00
2025-12-31 22:45:00+05:30,87515.5,87725.0,87462.5,87597.5,137566.0,20.64890416845725,-303.95809330721386,-205.5554999017292,325.25,88495.56,0.0009479648021332499,0,0 days 00:15:00
2025-12-31 23:00:00+05:30,87608.5,87655.5,87517.5,87590.5,56792.0,15.326633165829136,-307.2511188725184,-225.89462369588705,312.6428571428572,88479.69,-7.991414941353068e-05,1,0 days 00:15:00
2025-12-31 23:15:00+05:30,87590.5,87663.5,87537.5,87596.5,56372.0,17.023928215353934,-305.8510549265775,-241.88590994202517,307.1428571428572,88462.94,6.849823334322428e-05,1,0 days 00:15:00
2025-12-31 23:30:00+05:30,87596.5,87926.5,87543.5,87892.0,170514.0,31.67578319244157,-277.69600704954064,-249.04792936352823,306.67857142857144,88450.86,0.0033677452287701015,1,0 days 00:15:00
2025-12-31 23:45:00+05:30,87893.0,87961.0,87796.5,87922.0,119286.0,35.735333511920714,-250.07941960115568,-249.25422741105373,290.85714285714283,88440.8,0.0003412697542990519,0,0 days 00:15:00
2026-01-01 00:00:00+05:30,87921.0,87926.0,87805.5,87850.0,66688.0,40.42424242424242,-231.33617394100293,-245.6706167170436,260.6428571428572,88427.91,-0.0008192431562132122,0,0 days 00:15:00
2026-01-01 00:15:00+05:30,87851.0,87862.5,87659.5,87664.0,95562.0,40.895156345800125,-228.852592025607,-242.3070117787563,254.7142857142857,88411.21,-0.002119489837046292,1,0 days 00:15:00
2026-01-01 00:30:00+05:30,87673.0,87855.0,87673.0,87765.5,58985.0,42.55065554231228,-216.2018928950274,-237.0859880020105,243.89285714285717,88396.97,0.0011571601278676379,0,0 days 00:15:00
2026-01-01 00:45:00+05:30,87765.5,87809.0,87647.5,87716.0,41516.0,43.80368098159509,-207.7752551956073,-231.22384144072996,238.57142857142856,88381.69,-0.0005641620491379013,0,0 days 00:15:00
2026-01-01 01:00:00+05:30,87713.5,87722.5,87611.0,87628.0,54308.0,42.18611521418021,-205.82532246592743,-226.14413764576943,232.78571428571428,88365.07,-0.001003741301536547,0,0 days 00:15:00
2026-01-01 01:15:00+05:30,87627.0,87697.0,87500.0,87523.5,58891.0,39.5984383714445,-210.28819200857836,-222.9729485183313,220.7142857142857,88345.48,-0.0011932528399629125,1,0 days 00:15:00
2026-01-01 01:30:00+05:30,87523.5,87535.0,87400.5,87526.0,105325.0,53.17164179104477,-211.1888653880451,-220.61613189227404,190.8571428571429,88324.49,2.8563349226081813e-05,0,0 days 00:15:00
2026-01-01 01:45:00+05:30,87527.0,87547.5,87423.0,87474.5,30329.0,43.298538622129435,-213.5960725612822,-219.2121200260757,180.03571428571428,88302.44,-0.0005885697639342961,0,0 days 00:15:00
2026-01-01 02:00:00+05:30,87473.5,87521.5,87221.0,87420.0,138566.0,45.82412726469289,-217.395496157842,-218.84879525242897,187.0,88277.49,-0.0006232328834134312,1,0 days 00:15:00
2026-01-01 02:15:00+05:30,87416.5,87688.0,87348.5,87647.5,72888.0,51.959247648902824,-199.74666283710397,-215.028368769364,192.5,88258.06,0.002598998992498845,1,0 days 00:15:00
2026-01-01 02:30:00+05:30,87649.0,87772.0,87649.0,87723.5,49384.0,54.94423791821561,-177.58023601502646,-207.53874221849648,191.53571428571428,88244.91,0.0008667340068514107,1,0 days 00:15:00
2026-01-01 02:45:00+05:30,87723.5,87759.0,87690.5,87733.5,10014.0,55.077835433654556,-157.3919502026838,-197.509383815334,187.42857142857144,88231.57,0.00011398804277774233,1,0 days 00:15:00
2026-01-01 03:00:00+05:30,87733.5,87851.0,87733.5,87796.0,20051.0,45.6989247311828,-134.79552171491378,-184.96661139524997,168.46428571428572,88217.03,0.0007121310394129087,0,0 days 00:15:00
2026-01-01 03:15:00+05:30,87790.0,87804.0,87740.0,87773.5,14803.0,43.301759133964815,-117.35050769498048,-171.44339065519603,161.28571428571428,88201.17,-0.00025630875662543886,1,0 days 00:15:00
2026-01-01 03:30:00+05:30,87762.0,87808.0,87737.5,87808.0,11013.0,48.03921568627451,-99.59329719281232,-157.0733719627193,157.71428571428572,88184.81,0.00039297990328122066,1,0 days 00:15:00
2026-01-01 03:45:00+05:30,87808.0,87859.0,87780.0,87834.5,17623.0,59.35271530444323,-82.43202631855092,-142.14510283388563,148.85714285714286,88168.92,0.00030174929417518505,0,0 days 00:15:00
2026-01-01 04:00:00+05:30,87834.5,87834.5,87663.0,87704.0,20520.0,46.730462519936204,-78.45744627383829,-129.40757152187615,147.46428571428572,88147.77,-0.001486853585301493,0,0 days 00:15:00
2026-01-01 04:15:00+05:30,87705.0,87753.0,87628.5,87704.0,14847.0,49.32659932659932,-74.44935710747086,-118.4159286389951,144.82142857142858,88127.27,0.0,0,0 days 00:15:00
2026-01-01 04:30:00+05:30,87704.0,87709.0,87631.0,87668.0,7485.0,52.38379022646008,-73.33248545738752,-109.3992400026736,142.42857142857142,88106.28,-0.0004105558527663197,0,0 days 00:15:00
2026-01-01 04:45:00+05:30,87667.0,87671.0,87591.0,87650.0,9510.0,58.40531561461794,-73.05764316223213,-102.13092063458532,134.07142857142858,88083.02,-0.00020534115222901154,1,0 days 00:15:00
2026-01-01 05:00:00+05:30,87654.5,87665.0,87618.5,87662.0,5441.0,58.92388451443569,-71.05248018838756,-95.91523254534576,127.78571428571428,88059.62,0.0001368987863777908,0,0 days 00:15:00
2026-01-01 05:15:00+05:30,87662.0,87678.5,87608.5,87616.5,4697.0,59.39153439153439,-72.30139831216366,-91.19246569870936,123.89285714285714,88033.84,-0.0005191737836871844,1,0 days 00:15:00
2026-01-01 05:30:00+05:30,87616.5,87794.0,87608.5,87713.5,14780.0,68.37820914214151,-64.71805612067692,-85.89758378310287,115.67857142857144,88008.3,0.0011064850270518863,1,0 days 00:15:00
2026-01-01 05:45:00+05:30,87714.5,87763.0,87714.5,87754.5,7348.0,58.74183006535947,-54.76850818008825,-79.67176866249996,94.96428571428572,87983.87,0.00046732168539187263,0,0 days 00:15:00
2026-01-01 06:00:00+05:30,87755.5,87756.0,87710.0,87724.0,8056.0,50.0441306266549,-48.78218420178746,-73.49385177035747,89.35714285714286,87960.18,-0.00034762093711925365,1,0 days 00:15:00
2026-01-01 06:15:00+05:30,87723.0,87828.5,87723.0,87782.5,14211.0,53.983739837398375,-38.86945533900871,-66.56897248408771,92.0,87937.69,0.0006666420009117168,1,0 days 00:15:00
2026-01-01 06:30:00+05:30,87782.5,87992.5,87782.5,87970.0,48022.0,61.75675675675676,-15.702850613582996,-56.39574810998677,98.60714285714286,87921.06,0.002133683118412847,0,0 days 00:15:00
2026-01-01 06:45:00+05:30,87970.0,88026.0,87841.5,87845.5,41772.0,54.27553444180523,-7.305050892930012,-46.57760866657542,107.21428571428572,87903.07,-0.0014162576201759707,1,0 days 00:15:00
2026-01-01 07:00:00+05:30,87845.5,87875.5,87806.0,87868.0,19521.0,53.6144578313253,1.1525420607504202,-37.031578521110255,107.14285714285714,87884.75,0.0002560987075321991,1,0 days 00:15:00
2026-01-01 07:15:00+05:30,87868.0,87989.0,87849.5,87925.0,20516.0,55.25857059848925,12.312735491024796,-27.162715718683245,111.46428571428572,87866.97,0.0006484900081068052,1,0 days 00:15:00
2026-01-01 07:30:00+05:30,87926.0,88006.0,87877.5,87972.5,22310.0,67.26688102893891,24.705334497746662,-16.789105675397263,108.39285714285714,87851.15,0.0005400872798603694,0,0 days 00:15:00
2026-01-01 07:45:00+05:30,87972.5,88074.0,87912.0,87934.0,54108.0,64.09313725490196,31.06186836911365,-7.21891086649508,111.07142857142856,87830.56,-0.00043773255240427605,1,0 days 00:15:00
2026-01-01 08:00:00+05:30,87934.0,88038.5,87922.0,87937.5,39004.0,67.19846841097639,35.96727959747659,1.4183272262992537,113.82142857142856,87807.14,3.980178710557803e-05,0,0 days 00:15:00
2026-01-01 08:15:00+05:30,87937.5,87947.5,87873.0,87893.0,26721.0,65.0,35.85080942485365,8.304823666010133,113.42857142857144,87786.61,-0.0005061693045302279,1,0 days 00:15:00
2026-01-01 08:30:00+05:30,87893.0,87974.5,87863.0,87970.5,25435.0,67.61850371216448,41.53333781468973,14.950526495746054,118.07142857142856,87773.44,0.0008813654341789558,0,0 days 00:15:00
2026-01-01 08:45:00+05:30,87970.5,88004.0,87871.5,87909.5,27685.0,66.44219977553311,40.64604993989633,20.08963118457611,122.53571428571428,87762.54,-0.000693654792425302,1,0 days 00:15:00
2026-01-01 09:00:00+05:30,87909.5,87934.0,87883.5,87916.0,11884.0,62.64834478450968,40.00619704723067,24.07294435710702,112.89285714285714,87757.54,7.393694319603777e-05,0,0 days 00:15:00
2026-01-01 09:15:00+05:30,87917.0,87917.0,87815.5,87828.0,27926.0,54.33628318584071,32.02903370340937,25.66416222636749,116.60714285714286,87754.88,-0.001001456747936927,0,0 days 00:15:00
2026-01-01 09:30:00+05:30,87833.0,87841.0,87615.5,87634.0,90231.0,45.548961424332354,9.938332693840492,22.518996319862094,129.42857142857142,87747.25,-0.0022113059129948574,0,0 days 00:15:00
2026-01-01 09:45:00+05:30,87635.0,87677.0,87524.0,87615.0,80644.0,41.37931034482759,-8.998123455472523,16.21557236479517,132.82142857142858,87741.19,-0.00021683433371306657,0,0 days 00:15:00
2026-01-01 10:00:00+05:30,87620.0,87649.0,87536.5,87536.5,37751.0,24.86956521739131,-29.99394381798629,6.973669128238879,125.85714285714286,87734.07,-0.0008963669195645434,1,0 days 00:15:00
2026-01-01 10:15:00+05:30,87554.0,87639.0,87544.5,87575.0,22428.0,32.582099162910495,-43.0306242294173,-3.027189543292357,120.0,87727.64,0.0004397198427326951,1,0 days 00:15:00
2026-01-01 10:30:00+05:30,87575.0,87710.5,87575.0,87679.0,36720.0,38.98601398601398,-44.45787384831056,-11.313326404295998,124.71428571428572,87732.4,0.0011868489416270015,1,0 days 00:15:00
2026-01-01 10:45:00+05:30,87678.0,87718.0,87648.0,87689.5,25876.0,35.4898336414048,-44.23184008705721,-17.89702914084824,119.75,87733.49,0.00011974784539470193,0,0 days 00:15:00
2026-01-01 11:00:00+05:30,87688.5,87729.0,87628.5,87683.5,24162.0,31.233766233766232,-44.02931403380353,-23.1234861194393,117.75,87736.87,-6.842558435265057e-05,1,0 days 00:15:00
2026-01-01 11:15:00+05:30,87683.5,87707.0,87676.0,87684.0,15182.0,32.92349726775957,-43.32899517117767,-27.16458792978697,108.39285714285714,87738.6,5.702310861400016e-06,0,0 days 00:15:00
2026-01-01 11:30:00+05:30,87684.0,87684.0,87611.0,87634.0,21818.0,30.507385998715478,-46.27513856746373,-30.98669805732232,105.28571428571428,87739.47,-0.0005703921029855466,1,0 days 00:15:00
2026-01-01 11:45:00+05:30,87634.0,87646.0,87629.5,87642.0,14698.0,33.08625336927223,-47.41784192845808,-34.27292683154947,101.14285714285714,87740.38,9.128460263294141e-05,0,0 days 00:15:00
2026-01-01 12:00:00+05:30,87641.0,87656.0,87630.0,87639.0,16635.0,25.1685393258427,-48.01206431181345,-37.02075432760227,95.03571428571428,87735.32,-3.42307494855617e-05,0,0 days 00:15:00
2026-01-01 12:15:00+05:30,87639.0,87645.0,87630.0,87630.0,10680.0,27.294882209585708,-48.6484258450655,-39.34628863109492,86.64285714285714,87729.48,-0.00010269927948367301,0,0 days 00:15:00
2026-01-01 12:30:00+05:30,87630.0,87649.5,87566.5,87624.5,24436.0,26.281529698942222,-49.03134811932978,-41.2833005287419,88.96428571428571,87724.97,-6.276586337927222e-05,0,0 days 00:15:00
2026-01-01 12:45:00+05:30,87624.5,87648.5,87578.5,87581.0,20407.0,28.33333333333333,-52.24268211630988,-43.47517684625549,86.71428571428571,87723.31,-0.0004965597643204389,1,0 days 00:15:00
2026-01-01 13:00:00+05:30,87581.0,87645.5,87581.0,87617.5,14227.0,47.99999999999999,-51.25164542318089,-45.03047056164058,75.21428571428571,87720.35,0.0004166702400771636,0,0 days 00:15:00
2026-01-01 13:15:00+05:30,87616.5,87649.5,87589.0,87612.0,20495.0,49.62406015037594,-50.329874277013005,-46.09035130471506,68.60714285714286,87718.27,-6.277481818769536e-05,1,0 days 00:15:00
2026-01-01 13:30:00+05:30,87613.0,87808.0,87598.5,87740.5,63896.0,72.71714922048997,-38.78341683454346,-44.62896441068075,75.53571428571429,87720.52,0.0014656195149990343,0,0 days 00:15:00
2026-01-01 13:45:00+05:30,87739.5,87755.0,87691.5,87719.0,27727.0,66.66666666666666,-31.01017049832444,-41.90520562820949,72.75,87724.43,-0.00024507080104072085,0,0 days 00:15:00
2026-01-01 14:00:00+05:30,87719.0,87764.0,87674.5,87675.5,28265.0,49.52893674293405,-28.03671344857139,-39.13150719228187,69.46428571428571,87727.42,-0.0004960246859724347,1,0 days 00:15:00
2026-01-01 14:15:00+05:30,87681.0,87755.0,87680.0,87751.0,15805.0,57.044673539518904,-19.364783128141426,-35.17816237945379,70.14285714285714,87732.95,0.0008607594025023383,1,0 days 00:15:00
2026-01-01 14:30:00+05:30,87750.0,87841.0,87725.0,87831.0,41589.0,64.4466209598433,-5.968088055116823,-29.336147514586397,71.25,87741.17,0.0009112552031062138,0,0 days 00:15:00
2026-01-01 14:45:00+05:30,87832.0,87950.5,87791.0,87807.5,90226.0,61.57450796626055,2.72126663805102,-22.924664684058914,80.42857142857143,87744.37,-0.0002675950903728978,1,0 days 00:15:00
2026-01-01 15:00:00+05:30,87807.5,87857.5,87807.5,87851.5,15095.0,70.61611374407583,13.008125538530294,-15.738106639541073,78.78571428571429,87746.93,0.0005009706410742103,1,0 days 00:15:00
2026-01-01 15:15:00+05:30,87850.5,87856.0,87824.0,87856.0,14140.0,70.41984732824427,21.278363987177727,-8.334812514197314,79.89285714285714,87749.38,5.122149027207203e-05,0,0 days 00:15:00
2026-01-01 15:30:00+05:30,87856.0,87862.5,87828.5,87840.5,15078.0,68.77912395153774,26.278939820302185,-1.4120620472974137,80.46428571428571,87750.27,-0.00017644062391925546,0,0 days 00:15:00
2026-01-01 15:45:00+05:30,87839.5,87839.5,87761.5,87832.5,34358.0,68.90756302521008,29.25911815316067,4.722173992794204,85.03571428571429,87751.45,-9.107831033255306e-05,0,0 days 00:15:00
2026-01-01 16:00:00+05:30,87832.5,87842.0,87805.0,87809.5,17768.0,66.72694394213381,29.42582062871952,9.662903319979268,81.75,87751.48,-0.00026189635886020546,1,0 days 00:15:00
2026-01-01 16:15:00+05:30,87809.5,87863.0,87805.5,87843.0,20888.0,74.12523020257827,31.89345566650445,14.109013789284305,80.85714285714286,87751.65,0.00038143494007964043,1,0 days 00:15:00
2026-01-01 16:30:00+05:30,87842.0,87940.0,87828.5,87900.5,35142.0,75.08865248226951,38.050224363731104,18.897255904173665,84.21428571428571,87755.58,0.000654362773607591,0,0 days 00:15:00
2026-01-01 16:45:00+05:30,87900.5,87958.0,87892.5,87898.5,33366.0,75.55753791257806,42.28073859246797,23.573952441832528,84.57142857142857,87759.47,-2.2753257983093815e-05,0,0 days 00:15:00
2026-01-01 17:00:00+05:30,87899.5,87934.5,87847.5,87889.0,32296.0,66.81766704416762,44.35557750564476,27.730277454594976,75.82142857142857,87763.89,-0.00010808504597025604,1,0 days 00:15:00
2026-01-01 17:15:00+05:30,87889.5,87993.0,87888.5,87989.5,66879.0,75.98463016330452,53.49278089910513,32.882778143497006,78.75,87770.68,0.001142834524269241,0,0 days 00:15:00
2026-01-01 17:30:00+05:30,87989.5,88009.0,87946.5,87968.0,90643.0,79.33801404212639,58.326854430750245,37.97159340094765,76.82142857142857,87776.8,-0.00024437719457253993,1,0 days 00:15:00
2026-01-01 17:45:00+05:30,87961.5,87999.0,87912.0,87971.5,50946.0,75.84994138335287,61.72874275974755,42.72302327270764,77.35714285714286,87783.9,3.978640385423638e-05,0,0 days 00:15:00
2026-01-01 18:00:00+05:30,87970.5,87970.5,87890.5,87939.5,56989.0,64.332892998679,61.13787187494745,46.40599299315561,74.85714285714286,87788.42,-0.00036382034498094653,0,0 days 00:15:00
2026-01-01 18:15:00+05:30,87939.5,87955.0,87906.5,87907.0,17926.0,62.83870967741936,57.38561836833833,48.60191806819215,66.92857142857143,87791.47,-0.00036964057140801294,1,0 days 00:15:00
2026-01-01 18:30:00+05:30,87907.0,87963.5,87850.5,87950.0,55685.0,62.74256144890039,57.22205088174087,50.3259446309019,71.42857142857143,87795.99,0.0004890337132666158,0,0 days 00:15:00
2026-01-01 18:45:00+05:30,87949.5,87991.5,87922.5,87947.5,37996.0,61.89856957087127,56.242366373640834,51.509228979449695,74.07142857142857,87799.29,-2.8425645619341168e-05,1,0 days 00:15:00
2026-01-01 19:00:00+05:30,87947.5,87959.0,87909.5,87954.5,30333.0,65.15957446808511,55.39227319638303,52.28583782283636,75.17857142857143,87798.98,7.958977161929519e-05,0,0 days 00:15:00
2026-01-01 19:15:00+05:30,87950.0,87950.0,87827.0,87880.0,67694.0,55.367231638418076,48.15197485868703,51.4590652300065,78.64285714285714,87799.67,-0.0008473877931577385,1,0 days 00:15:00
2026-01-01 19:30:00+05:30,87880.0,87932.0,87783.5,87918.5,120453.0,61.8995633187773,45.00186106296314,50.16762439659784,86.60714285714286,87800.68,0.0004380014689034499,0,0 days 00:15:00
2026-01-01 19:45:00+05:30,87919.5,87933.0,87807.5,87830.5,45854.0,48.78048780487806,35.00103844734258,47.13430720674679,91.46428571428572,87798.79,-0.001001428256824161,1,0 days 00:15:00
2026-01-01 20:00:00+05:30,87830.5,87870.5,87766.5,87869.5,84455.0,46.86234817813765,29.87787499127444,43.68302076365232,90.92857142857144,87796.73,0.0004439385388788438,1,0 days 00:15:00
2026-01-01 20:15:00+05:30,87868.5,87939.0,87850.5,87927.0,54523.0,52.593266606005464,30.110406471663737,40.96849790525461,92.57142857142856,87796.59,0.0006541654930616812,1,0 days 00:15:00
2026-01-01 20:30:00+05:30,87927.0,87952.0,87880.0,87951.0,46177.0,55.49645390070923,31.86398063467641,39.14759445113897,91.5,87796.86,0.0002729164551446848,1,0 days 00:15:00
2026-01-01 20:45:00+05:30,87952.0,88051.0,87933.5,87975.0,142713.0,48.51282051282051,34.789271154018934,38.275929791714965,92.42857142857144,87798.5,0.00027284199207498343,1,0 days 00:15:00
2026-01-01 21:00:00+05:30,87974.0,88086.0,87894.5,87983.5,100277.0,51.63329820864068,37.36276918310614,38.093297669993206,101.64285714285714,87798.76,9.661369023510038e-05,1,0 days 00:15:00
2026-01-01 21:15:00+05:30,87984.5,88059.0,87950.5,87996.0,47123.0,52.533609100310244,39.95040702146071,38.46471954028671,103.17857142857144,87800.49,0.0001420620017789076,0,0 days 00:15:00
2026-01-01 21:30:00+05:30,87996.0,88016.0,87876.0,87906.0,69795.0,46.9067405355494,34.34299613103212,37.64037485843579,107.39285714285714,87800.29,-0.0010232971524317882,1,0 days 00:15:00
2026-01-01 21:45:00+05:30,87905.0,87930.5,87839.5,87922.0,76456.0,51.42857142857142,30.83470559146372,36.27924100504138,110.42857142857144,87802.17,0.0001819960420883738,0,0 days 00:15:00
2026-01-01 22:00:00+05:30,87923.0,87965.5,87903.5,87907.0,44026.0,45.674044265593565,26.538071059403592,34.331007015913826,106.78571428571428,87807.63,-0.00017062031901897464,1,0 days 00:15:00
2026-01-01 22:15:00+05:30,87907.0,87964.5,87907.0,87964.5,23580.0,51.539855072463766,27.456228379771343,32.95605128868533,105.96428571428572,87814.62,0.0006538865256594441,1,0 days 00:15:00
2026-01-01 22:30:00+05:30,87964.5,88054.0,87941.5,88025.0,55789.0,55.82163501238646,32.6889017404028,32.90262137902883,110.46428571428572,87824.39,0.0006875410451562337,1,0 days 00:15:00
2026-01-01 22:45:00+05:30,88026.0,88251.0,88000.0,88226.5,244555.0,73.6518771331058,52.49012557860988,36.820122218945045,119.28571428571428,87837.42,0.0022865063592502474,1,0 days 00:15:00
2026-01-01 23:00:00+05:30,88225.5,88485.0,88225.5,88316.5,279518.0,75.38265306122449,74.58521404924977,44.37314058500599,127.21428571428572,87850.17,0.0010195817199958109,0,0 days 00:15:00
2026-01-01 23:15:00+05:30,88316.5,88433.0,88258.5,88290.5,96700.0,81.85595567867036,88.97213277639821,53.29293902328444,130.71428571428572,87862.19,-0.00029443906739636027,0,0 days 00:15:00
2026-01-01 23:30:00+05:30,88290.0,88342.0,88141.0,88145.5,112304.0,66.66666666666666,87.66305619195919,60.1669624570194,137.64285714285714,87871.43,-0.0016436558598516048,0,0 days 00:15:00
2026-01-01 23:45:00+05:30,88143.0,88235.0,88075.0,88076.0,94822.0,58.86904761904762,80.09425765779451,64.15242149717443,142.75,87879.27,-0.000788780070575046,1,0 days 00:15:00
2026-01-02 00:00:00+05:30,88075.0,88165.0,88075.0,88153.5,31060.0,61.331841074426414,79.43386840558378,67.2087108788563,144.03571428571428,87889.66,0.0008795349813287834,1,0 days 00:15:00
2026-01-02 00:15:00+05:30,88154.0,88196.0,88126.0,88174.5,26818.0,61.20157215047727,79.68645382444083,69.7042594679732,140.64285714285714,87900.31,0.00023819246063350362,0,0 days 00:15:00
2026-01-02 00:30:00+05:30,88174.5,88174.5,88045.5,88090.5,47962.0,55.53830227743271,72.27538594663201,70.21848476370496,136.17857142857142,87909.34,-0.0009531104457372395,1,0 days 00:15:00
2026-01-02 00:45:00+05:30,88090.5,88150.5,88089.5,88139.5,27349.0,57.15710723192021,69.55417452160327,70.08562271528463,132.78571428571428,87919.53,0.0005560914857030478,1,0 days 00:15:00
2026-01-02 01:00:00+05:30,88138.5,88316.0,88136.0,88304.0,57308.0,68.47725162488393,79.75203822540061,72.01890581730783,135.64285714285714,87933.12,0.0018646200926782837,1,0 days 00:15:00
2026-01-02 01:15:00+05:30,88303.0,88413.0,88275.0,88364.0,68848.0,69.71454058876003,91.61928713036468,75.9389820799192,139.0,87948.78,0.0006792401827929297,0,0 days 00:15:00
2026-01-02 01:30:00+05:30,88363.0,88364.0,88268.5,88308.5,28092.0,67.28368489022816,95.44554439630885,79.84029454319713,141.39285714285714,87962.6,-0.0006282811623276113,1,0 days 00:15:00
2026-01-02 01:45:00+05:30,88308.5,88337.0,88280.5,88336.0,12433.0,66.41626159964649,99.54935798760562,83.78210723207883,141.32142857142858,87977.08,0.00031135982407795376,0,0 days 00:15:00
2026-01-02 02:00:00+05:30,88336.0,88345.0,88210.5,88219.5,26678.0,58.18947368421052,92.33668364473851,85.49302251461077,142.89285714285714,87986.66,-0.001319698530015483,1,0 days 00:15:00
2026-01-02 02:15:00+05:30,88218.5,88257.5,88205.5,88229.5,8603.0,50.15060240963856,86.43117886166146,85.6806537840209,128.67857142857142,87996.87,0.00011334719959542082,1,0 days 00:15:00
2026-01-02 02:30:00+05:30,88235.5,88409.0,88220.0,88354.0,23801.0,51.81950509461427,90.75101210724095,86.69472544866493,123.64285714285714,88010.44,0.00141009800609233,0,0 days 00:15:00
2026-01-02 02:45:00+05:30,88354.0,88369.5,88322.0,88350.0,8777.0,52.94992563212692,92.78220895654522,87.91222215024098,114.57142857142856,88022.42,-4.5273451655637585e-05,0,0 days 00:15:00
2026-01-02 03:00:00+05:30,88351.0,88364.0,88294.5,88295.5,7672.0,58.169934640522875,88.96867704126635,88.12351312844605,105.17857142857144,88031.71,-0.0006170550818364897,1,0 days 00:15:00
2026-01-02 03:15:00+05:30,88294.5,88365.0,88271.0,88355.0,10079.0,65.36343612334801,89.71341782511445,88.44149406777973,100.46428571428572,88042.66,0.0006736465761498889,1,0 days 00:15:00
2026-01-02 03:30:00+05:30,88356.0,88582.5,88356.0,88483.0,60224.0,67.18831507563903,99.48535527315109,90.650266308854,110.28571428571428,88055.29,0.0014476529066617106,1,0 days 00:15:00
2026-01-02 03:45:00+05:30,88483.0,88554.0,88442.0,88500.0,21183.0,67.05081194342588,107.3638207350159,93.9929771940864,113.28571428571428,88068.17,0.0001921088472031807,1,0 days 00:15:00
2026-01-02 04:00:00+05:30,88498.5,88566.5,88390.5,88559.0,21503.0,75.20172135556751,117.0194410172844,98.598269958726,116.64285714285714,88082.54,0.0006664445431604468,1,0 days 00:15:00
2026-01-02 04:15:00+05:30,88558.0,88674.5,88503.0,88611.0,43626.0,75.28150134048258,127.39897894763271,104.35841175650737,124.53571428571428,88098.11,0.0005870068464544242,0,0 days 00:15:00
2026-01-02 04:30:00+05:30,88630.0,88748.5,88441.5,88545.5,41460.0,64.4871025794841,128.85418411872524,109.25756622895094,133.60714285714286,88112.83,-0.000739459212443401,1,0 days 00:15:00
2026-01-02 04:45:00+05:30,88546.5,88765.0,88546.5,88696.5,36187.0,67.98269334775554,140.57146242522867,115.52034546820649,139.42857142857142,88129.9,0.001703885495901118,1,0 days 00:15:00
2026-01-02 05:00:00+05:30,88696.5,88853.0,88696.5,88853.0,39078.0,76.54802535348611,160.63404272317712,124.54308491920062,143.78571428571428,88148.95,0.0017628891157745953,0,0 days 00:15:00
2026-01-02 05:15:00+05:30,88854.0,88890.5,88719.0,88808.0,35015.0,72.62703739213806,170.93225756946777,133.82091944925406,152.0,88167.14,-0.0005065827723850537,0,0 days 00:15:00
2026-01-02 05:30:00+05:30,88811.0,88849.5,88563.0,88608.0,39856.0,67.24367509986683,161.09829760494176,139.2763950803916,162.85714285714286,88181.52,-0.002254589041794666,1,0 days 00:15:00
2026-01-02 05:45:00+05:30,88608.0,88689.0,88556.5,88678.5,22116.0,68.91322662173546,157.18168170560966,142.85745240543525,168.60714285714286,88195.3,0.0007953228668417666,0,0 days 00:15:00
2026-01-02 06:00:00+05:30,88673.5,88846.0,88608.5,88659.0,37408.0,64.09426987060998,150.76630820380524,144.43922356510924,172.07142857142858,88209.12,-0.00021991964563158732,1,0 days 00:15:00
2026-01-02 06:15:00+05:30,88659.0,88859.0,88659.0,88803.5,30589.0,68.5480572597137,155.5489493838104,146.66116872884947,182.9642857142857,88225.76,0.0016285134260496604,0,0 days 00:15:00
2026-01-02 06:30:00+05:30,88803.5,88846.0,88703.5,88723.0,23595.0,67.12054465358429,151.10174290793657,147.5492835646669,188.17857142857144,88241.43,-0.0009069069183189315,0,0 days 00:15:00
2026-01-02 06:45:00+05:30,88723.5,88723.5,88646.0,88650.0,22660.0,61.687797147385105,140.0721453224833,146.0538559162302,187.0,88256.29,-0.0008231241972754147,0,0 days 00:15:00
2026-01-02 07:00:00+05:30,88650.0,88675.5,88488.0,88603.5,54288.0,55.103769589157146,126.12505723902724,142.0680961807896,184.14285714285717,88269.36,-0.0005246723034153108,1,0 days 00:15:00
2026-01-02 07:15:00+05:30,88603.5,88632.0,88537.0,88608.0,25520.0,54.62328767123287,114.11950324500503,136.4783775936327,182.92857142857144,88282.57,5.0786771749856964e-05,0,0 days 00:15:00
2026-01-02 07:30:00+05:30,88616.5,88638.5,88386.0,88458.5,75311.0,46.00715137067938,91.48700933805958,127.48010394251808,188.39285714285717,88292.65,-0.001688631508779415,0,0 days 00:15:00
2026-01-02 07:45:00+05:30,88463.0,88500.0,88335.0,88397.5,52930.0,41.577909270216956,67.846314575203,115.55334606905504,187.92857142857144,88303.0,-0.0006898267790626916,1,0 days 00:15:00
2026-01-02 08:00:00+05:30,88397.5,88497.5,88388.5,88457.0,27587.0,46.4922711058264,53.29766409633157,103.10220967451036,173.78571428571428,88313.77,0.0006728695311106178,1,0 days 00:15:00
2026-01-02 08:15:00+05:30,88456.0,88618.0,88434.5,88608.0,53895.0,46.4922711058264,53.33735202203388,93.14923814401509,171.21428571428572,88329.32,0.0017055887567314256,1,0 days 00:15:00
2026-01-02 08:30:00+05:30,88609.5,88949.0,88533.5,88936.0,122322.0,52.8960223307746,78.92585564449837,90.30456164411174,189.7142857142857,88350.65,0.0036948629427625336,0,0 days 00:15:00
2026-01-02 08:45:00+05:30,88932.0,88957.5,88780.5,88852.0,81834.0,51.4945652173913,91.37353391684884,90.51835609865915,190.1071428571429,88369.15,-0.00094494573593788,1,0 days 00:15:00
2026-01-02 09:00:00+05:30,88851.5,89097.0,88813.5,88938.5,140997.0,62.16415163783585,106.9849794702168,93.81168077297067,189.89285714285717,88388.9,0.0009730554425023672,0,0 days 00:15:00
2026-01-02 09:15:00+05:30,88939.5,89097.0,88829.0,88909.0,97657.0,58.747628083491456,115.643690607787,98.17808273993396,199.57142857142856,88407.58,-0.0003317448968419635,0,0 days 00:15:00
2026-01-02 09:30:00+05:30,88908.0,88959.0,88768.5,88775.5,86271.0,54.069158225637445,110.46013163457974,100.63449251886313,196.2142857142857,88423.42,-0.0015026637114686648,0,0 days 00:15:00
2026-01-02 09:45:00+05:30,88776.0,88809.0,88649.5,88703.5,74402.0,46.32082413539367,99.39654404435714,100.38690282396192,193.32142857142856,88437.57,-0.0008113636424575823,0,0 days 00:15:00
2026-01-02 10:00:00+05:30,88703.5,88807.0,88676.0,88681.5,35914.0,48.40445982314495,87.84078118539765,97.87767849624908,192.5,88453.08,-0.0002480480323905631,0,0 days 00:15:00
2026-01-02 10:15:00+05:30,88681.5,88742.0,88584.0,88603.5,57990.0,48.21907315204903,71.56386406016827,92.61491560903292,198.25,88466.71,-0.0008799391379181039,1,0 days 00:15:00
2026-01-02 10:30:00+05:30,88603.5,88681.5,88591.5,88639.5,38051.0,51.389961389961385,60.86754592433863,86.26544167209407,191.28571428571428,88481.36,0.00040622197203896425,0,0 days 00:15:00
2026-01-02 10:45:00+05:30,88639.5,88729.0,88548.5,88552.0,59565.0,47.96806966618288,44.81353546550963,77.97506043077719,197.39285714285717,88493.11,-0.0009876321055176448,1,0 days 00:15:00
2026-01-02 11:00:00+05:30,88551.0,88665.5,88542.0,88646.0,37016.0,57.088846880907376,39.22348698107817,70.22474574083739,188.17857142857144,88505.53,0.0010609601555038812,1,0 days 00:15:00
2026-01-02 11:15:00+05:30,88654.5,88759.0,88650.5,88730.0,44514.0,62.35600148643627,41.09768276129034,64.39933314492798,184.4642857142857,88515.6,0.0009471406084196364,1,0 days 00:15:00
2026-01-02 11:30:00+05:30,88730.0,88827.0,88692.0,88759.5,62693.0,61.49752945648042,44.45099646074232,60.40966580809085,186.32142857142856,88524.46,0.00033241403318662967,1,0 days 00:15:00
2026-01-02 11:45:00+05:30,88759.5,88897.0,88756.0,88889.5,60743.0,60.87292390884511,56.94204284680018,59.71614121583272,183.28571428571428,88536.44,0.0014635604276422294,1,0 days 00:15:00
2026-01-02 12:00:00+05:30,88889.5,89062.0,88875.0,88940.5,125156.0,50.221130221130224,70.14793909974105,61.80250079261439,166.96428571428572,88552.34,0.0005735815261566938,0,0 days 00:15:00
2026-01-02 12:15:00+05:30,88940.5,89019.0,88891.0,88908.0,62653.0,52.89855072463768,77.10243970702868,64.86248857549725,163.46428571428572,88568.98,-0.00036547961171180425,1,0 days 00:15:00
2026-01-02 12:30:00+05:30,88908.5,89033.5,88908.5,89005.0,46797.0,53.40501792114695,89.41035397534142,69.77206165546609,152.17857142857142,88586.01,0.0010904207068760119,0,0 days 00:15:00
2026-01-02 12:45:00+05:30,89004.0,89011.0,88820.0,88866.5,55601.0,48.04237678489176,86.98595228840713,73.2148397820543,146.67857142857142,88599.85,-0.0015573043235236161,0,0 days 00:15:00
2026-01-02 13:00:00+05:30,88865.5,88892.5,88810.0,88833.0,49261.0,52.91730086250634,81.42283470134134,74.85643876591172,138.96428571428572,88614.7,-0.00037704102033902435,1,0 days 00:15:00
2026-01-02 13:15:00+05:30,88835.0,88874.0,88809.5,88837.5,39863.0,57.29847494553377,76.49534559805761,75.1842201323409,132.17857142857142,88628.66,5.065556747984577e-05,1,0 days 00:15:00
2026-01-02 13:30:00+05:30,88837.5,89073.0,88788.5,89049.0,89442.0,66.59142212189616,88.63483025391179,77.87434215665508,143.14285714285714,88643.56,0.0023779218733381326,0,0 days 00:15:00
2026-01-02 13:45:00+05:30,89049.0,89078.5,88948.5,89030.0,84444.0,70.3385789222699,95.62006945433676,81.42348761619142,141.14285714285714,88656.88,-0.00021338844077177909,1,0 days 00:15:00
2026-01-02 14:00:00+05:30,89027.0,89146.0,88988.5,89065.5,90939.0,70.32442748091603,102.83505664036784,85.7058014210267,145.96428571428572,88672.02,0.00039866252061592666,1,0 days 00:15:00
2026-01-02 14:15:00+05:30,89066.0,89168.0,89039.0,89147.5,57353.0,78.56115107913669,113.8572254426399,91.33608622534936,142.28571428571428,88688.25,0.0009202471849622569,1,0 days 00:15:00
2026-01-02 14:30:00+05:30,89142.0,89304.5,89085.5,89219.5,162524.0,78.09897109260167,126.9388992855238,98.45664883738424,149.10714285714286,88708.25,0.000807324268621885,0,0 days 00:15:00
2026-01-02 14:45:00+05:30,89219.5,89249.0,89078.5,89138.5,78645.0,70.07371007371007,129.27993834436347,104.62130673878008,153.21428571428572,88726.43,-0.0009082856453720518,1,0 days 00:15:00
2026-01-02 15:00:00+05:30,89131.5,89222.5,89095.5,89222.5,39249.0,71.59514925373134,136.34166480533895,110.96537835209188,152.64285714285714,88743.8,0.0009419100163192125,1,0 days 00:15:00
2026-01-02 15:15:00+05:30,89222.5,89477.0,89186.5,89439.0,202524.0,73.71601208459215,157.59126058183028,120.29055479803957,163.32142857142858,88765.58,0.002423578733772328,1,0 days 00:15:00
2026-01-02 15:30:00+05:30,89439.0,89807.0,89415.0,89802.5,281588.0,79.29979605710402,201.44104347701068,136.5206525338338,177.96428571428572,88795.72,0.004055985899791262,0,0 days 00:15:00
2026-01-02 15:45:00+05:30,89808.5,89909.0,89541.5,89567.5,233584.0,69.70421272781596,214.75422331252776,152.16736668957262,195.07142857142856,88819.97,-0.0026202835976687987,1,0 days 00:15:00
2026-01-02 16:00:00+05:30,89567.5,89684.0,89566.5,89659.5,94156.0,69.61342523224454,230.07646707753884,167.74918676716587,194.5,88843.5,0.0010266311223246344,0,0 days 00:15:00
2026-01-02 16:15:00+05:30,89668.0,89722.5,89587.5,89627.0,62395.0,74.336,236.86652738257544,181.5726548902478,190.5,88866.04,-0.0003625482159112943,0,0 days 00:15:00
2026-01-02 16:30:00+05:30,89628.0,89646.0,89476.5,89494.5,102037.0,69.90671080349082,228.9172409847088,191.04157210914,196.7142857142857,88884.75,-0.0014794429944754322,0,0 days 00:15:00
2026-01-02 16:45:00+05:30,89493.5,89529.0,89316.0,89339.0,123281.0,63.834482758620695,207.6758657044993,194.36843082821187,207.32142857142856,88899.31,-0.0017390482117694292,1,0 days 00:15:00
2026-01-02 17:00:00+05:30,89338.0,89512.0,89338.0,89494.5,76048.0,62.68146883005977,201.0716444370628,195.7090735499821,199.42857142857144,88918.29,0.0017390482117694741,0,0 days 00:15:00
2026-01-02 17:15:00+05:30,89495.5,89539.0,89451.5,89466.5,74455.0,62.36193712829227,191.3723640202661,194.8417316440389,196.39285714285717,88933.69,-0.0003129173420853703,0,0 days 00:15:00
2026-01-02 17:30:00+05:30,89467.5,89503.0,89346.5,89444.5,69775.0,60.8162100456621,179.83734530034417,191.84085437529995,196.32142857142856,88945.52,-0.0002459323363112021,0,0 days 00:15:00
2026-01-02 17:45:00+05:30,89443.5,89559.0,89395.0,89423.5,76617.0,58.16085156712005,167.0752953596384,186.88774257216767,198.82142857142856,88957.83,-0.00023481002858516156,1,0 days 00:15:00
2026-01-02 18:00:00+05:30,89424.5,89509.5,89386.5,89482.0,36074.0,57.824143070044705,159.8392129803542,181.478036653805,191.9642857142857,88975.31,0.0006539765639956202,0,0 days 00:15:00
2026-01-02 18:15:00+05:30,89482.0,89531.5,89368.5,89368.5,51024.0,56.725146198830416,143.29425712215016,173.84128074747403,191.42857142857144,88989.11,-0.0012692166388858918,1,0 days 00:15:00
2026-01-02 18:30:00+05:30,89368.5,89487.5,89346.0,89430.0,52619.0,56.148148148148145,133.6046847874095,165.79396155546115,192.4642857142857,89004.53,0.0006879252614015893,1,0 days 00:15:00
2026-01-02 18:45:00+05:30,89435.0,89664.5,89435.0,89514.0,155299.0,52.411575562700975,131.19143370135862,158.87345598464066,188.4642857142857,89018.74,0.0009388412706764653,0,0 days 00:15:00
2026-01-02 19:00:00+05:30,89520.0,89548.5,89363.5,89416.0,89076.0,35.013571151609156,119.987987024826,151.09636219267773,173.67857142857142,89032.6,-0.0010954005454558036,0,0 days 00:15:00
2026-01-02 19:15:00+05:30,89417.0,89497.0,89273.5,89320.0,170151.0,39.2438070404172,102.18485373666044,141.31406050147427,163.39285714285714,89046.0,-0.0010742101113532425,0,0 days 00:15:00
2026-01-02 19:30:00+05:30,89320.0,89364.0,89087.0,89115.0,355225.0,28.45271072417887,70.7187538244325,127.19499916606593,174.78571428571428,89056.23,-0.0022977564961426562,0,0 days 00:15:00
2026-01-02 19:45:00+05:30,89115.0,89136.5,88688.5,88870.5,559572.0,24.364622161978986,25.75564131399733,106.9071275956522,197.14285714285717,89061.48,-0.002747416545691015,1,0 days 00:15:00
2026-01-02 20:00:00+05:30,88870.0,89474.0,88440.5,89364.5,738947.0,46.4616222101252,29.64202733783168,91.45410754408812,258.85714285714283,89079.6,0.005543257664954196,1,0 days 00:15:00
2026-01-02 20:15:00+05:30,89365.5,90136.0,89096.5,89545.5,735555.0,55.54362416107382,46.78786223016505,82.5208584813035,317.8928571428572,89102.56,0.002023364392724957,0,0 days 00:15:00
2026-01-02 20:30:00+05:30,89549.0,89838.5,89051.0,89138.0,468445.0,41.57011113738472,27.180891137497383,71.45286501254229,361.7142857142857,89116.18,-0.004561145337655786,0,0 days 00:15:00
2026-01-02 20:45:00+05:30,89138.0,89343.0,88765.0,89109.0,446430.0,41.55046088395178,9.196160040533869,59.00152401814061,396.75,89126.2,-0.0003253911735499248,1,0 days 00:15:00
2026-01-02 21:00:00+05:30,89109.0,89762.5,89037.0,89724.5,357465.0,55.167958656330754,44.10047430884151,56.0213140762808,437.3928571428572,89141.97,0.0068835249586549135,0,0 days 00:15:00
2026-01-02 21:15:00+05:30,89718.5,89859.0,89261.0,89382.5,330558.0,49.32343234323432,43.66253848702763,53.54955895843017,468.3928571428572,89152.58,-0.003818950857921672,1,0 days 00:15:00
2026-01-02 21:30:00+05:30,89381.5,89752.0,89163.0,89748.0,302813.0,53.98561582259514,71.9785427464376,57.235355716031656,501.6785714285714,89168.77,0.004080829420200681,1,0 days 00:15:00
2026-01-02 21:45:00+05:30,89748.0,90170.0,89698.0,90013.5,401113.0,59.24333619948409,114.52266525456798,68.69281762373893,523.75,89190.86,0.0029539160838591007,1,0 days 00:15:00
2026-01-02 22:00:00+05:30,90028.0,90788.0,90020.5,90100.5,747855.0,59.53905249679898,153.4900243107404,85.65225896113924,568.9642857142857,89217.36,0.0009660549070716076,1,0 days 00:15:00
2026-01-02 22:15:00+05:30,90100.0,90414.0,89858.0,90342.5,480341.0,61.27978216473792,201.57567571588152,108.8369423120877,591.9285714285714,89250.14,0.0026822890895473934,1,0 days 00:15:00
2026-01-02 22:30:00+05:30,90343.0,90723.0,90332.0,90588.0,379696.0,65.34031413612566,256.5365060109034,138.37685505185084,606.6428571428571,89288.27,0.002713750867479323,0,0 days 00:15:00
2026-01-02 22:45:00+05:30,90585.0,90946.0,90485.0,90560.5,404095.0,66.53338664534186,294.4797604470514,169.59743613089097,623.6071428571429,89327.41,-0.0003036183044436242,0,0 days 00:15:00
2026-01-02 23:00:00+05:30,90543.0,90647.0,90308.5,90478.5,211087.0,68.78875568416701,314.31017619677004,198.5399841440668,628.0,89364.19,-0.0009058822199370306,0,0 days 00:15:00
2026-01-02 23:15:00+05:30,90477.5,90529.5,90140.0,90329.5,190320.0,70.64817435607134,314.3789044770674,221.70776821066693,623.8214285714286,89399.74,-0.0016481575342785905,0,0 days 00:15:00
2026-01-02 23:30:00+05:30,90329.5,90522.5,90186.0,90310.0,187341.0,65.45692332842897,309.29453028667194,239.225120625868,574.0357142857143,89433.02,-0.00021589962412150212,0,0 days 00:15:00
2026-01-02 23:45:00+05:30,90315.0,90520.0,90211.0,90262.5,124496.0,62.25641025641026,297.9971484533453,250.97952619136345,521.8571428571429,89463.67,-0.0005261044854073304,0,0 days 00:15:00
2026-01-03 00:00:00+05:30,90261.5,90286.0,89935.5,89976.5,241961.0,64.95452113429641,262.9351296556852,253.37064688422785,490.6428571428572,89488.01,-0.003173566653587558,0,0 days 00:15:00
2026-01-03 00:15:00+05:30,89976.5,90062.0,89519.0,89744.0,333318.0,60.55869637512471,213.9214667269553,245.48081085277332,488.1428571428572,89505.1,-0.0025873523577313938,1,0 days 00:15:00
2026-01-03 00:30:00+05:30,89743.5,89976.0,89618.5,89947.5,133798.0,54.29672447013488,189.3162155237951,234.2478917869777,461.8571428571428,89525.24,0.0022649940258676316,0,0 days 00:15:00
2026-01-03 00:45:00+05:30,89948.5,90130.0,89808.5,89923.0,142735.0,61.86608122941823,165.9267313557939,220.58365970074092,442.1071428571428,89545.54,-0.00027241821367612163,1,0 days 00:15:00
2026-01-03 01:00:00+05:30,89934.0,90049.5,89849.0,89969.0,66336.0,55.6435137895812,149.38024967027013,206.3429776946468,414.3571428571428,89564.82,0.0005114179730350358,0,0 days 00:15:00
2026-01-03 01:15:00+05:30,89992.5,90090.0,89833.5,89883.5,48817.0,46.344206974128234,127.89363011984096,190.65310817968563,398.9642857142857,89585.16,-0.0009507791822839602,1,0 days 00:15:00
2026-01-03 01:30:00+05:30,89873.0,90047.0,89752.0,90041.5,66651.0,48.40454299621417,122.20589537099296,176.9636656179471,364.7142857142857,89609.33,0.0017562877933937975,0,0 days 00:15:00
2026-01-03 01:45:00+05:30,90037.0,90050.0,89843.0,89859.5,41352.0,36.500838457238686,101.83851463762404,161.9386354218825,339.7857142857143,89629.77,-0.0020233357467787667,1,0 days 00:15:00
2026-01-03 02:00:00+05:30,89858.5,89926.5,89767.5,89862.5,27130.0,26.543808600064665,84.95992842614942,146.54289402273588,323.2142857142857,89646.04,3.3384894451135395e-05,0,0 days 00:15:00
2026-01-03 02:15:00+05:30,89876.0,89902.0,89596.5,89757.5,72200.0,25.277093596059103,62.391692181525286,129.71265365449378,312.10714285714283,89660.59,-0.0011691349733901188,1,0 days 00:15:00
2026-01-03 02:30:00+05:30,89703.5,89799.5,89696.0,89773.5,20907.0,27.374839537869065,45.2753624493198,112.825195413459,295.32142857142856,89674.75,0.00017824219819817102,1,0 days 00:15:00
2026-01-03 02:45:00+05:30,89761.5,89999.0,89761.5,89955.0,36875.0,38.22697265011003,45.82780653437658,99.4257176376425,284.4642857142857,89690.9,0.002019713753784778,0,0 days 00:15:00
2026-01-03 03:00:00+05:30,89955.0,89956.0,89837.0,89910.0,23455.0,37.62376237623763,42.14863530146249,87.9703011704065,268.92857142857144,89704.71,-0.0005003752919012001,1,0 days 00:15:00
2026-01-03 03:15:00+05:30,89919.0,90155.0,89873.5,90024.0,33035.0,42.91233283803864,47.8797845030349,79.95219783693219,266.9642857142857,89722.42,0.0012671314510142734,1,0 days 00:15:00
2026-01-03 03:30:00+05:30,90025.0,90313.5,89983.5,90082.0,42308.0,53.62667583361981,56.45114317088155,75.25198690372207,265.5,89739.61,0.0006440651838912579,1,0 days 00:15:00
2026-01-03 03:45:00+05:30,90081.0,90188.5,90048.5,90086.5,20525.0,63.96249490419894,62.882251606701175,72.77803984431789,236.7142857142857,89752.56,4.9953238229159735e-05,1,0 days 00:15:00
2026-01-03 04:00:00+05:30,90084.5,90306.5,90018.5,90271.5,34082.0,63.41059602649007,81.96209722898493,74.6148513212513,231.75,89761.94,0.002051476118407481,0,0 days 00:15:00
2026-01-03 04:15:00+05:30,90272.5,90376.0,90143.0,90163.5,37863.0,59.31087882307394,87.3612686170527,77.16413478041159,225.42857142857144,89773.86,-0.0011971071343984717,0,0 days 00:15:00
2026-01-03 04:30:00+05:30,90153.5,90168.0,90054.0,90054.0,14142.0,53.13653136531366,81.86077590267814,78.10346300486489,219.25,89781.75,-0.0012151984515926543,0,0 days 00:15:00
2026-01-03 04:45:00+05:30,90055.0,90098.5,89886.5,89895.0,23468.0,50.4025201260063,63.93462604493834,75.26969561287959,216.07142857142856,89787.11,-0.0017671678239743732,1,0 days 00:15:00
2026-01-03 05:00:00+05:30,89905.5,89956.0,89858.5,89924.0,17825.0,45.47903039630628,51.47471232683165,70.51069895567001,201.9642857142857,89795.7,0.00032254656350457373,1,0 days 00:15:00
2026-01-03 05:15:00+05:30,89924.0,90003.0,89883.0,89960.5,14853.0,54.376083188908154,44.03774616788724,65.21610839811345,195.75,89808.13,0.0004058159596955151,1,0 days 00:15:00
2026-01-03 05:30:00+05:30,89960.5,90103.5,89957.0,90007.0,22805.0,56.03340292275574,41.418610332053504,60.45660878490146,194.8571428571429,89818.38,0.0005167599820499437,1,0 days 00:15:00
2026-01-03 05:45:00+05:30,90001.5,90063.5,89923.0,90046.0,18680.0,62.74856385329209,42.00568498679786,56.76642402528074,183.07142857142856,89829.97,0.00043320578507358165,0,0 days 00:15:00
2026-01-03 06:00:00+05:30,90038.5,90072.5,89985.5,90035.5,10526.0,61.63410301953819,41.14933965947421,53.64300715211944,181.89285714285717,89841.79,-0.0001166138666314824,1,0 days 00:15:00
2026-01-03 06:15:00+05:30,90034.5,90159.5,90021.0,90123.5,21855.0,58.15980629539951,47.029418509453535,52.32028942358626,174.82142857142858,89855.79,0.0009769149140333637,1,0 days 00:15:00
2026-01-03 06:30:00+05:30,90122.5,90207.0,90101.5,90207.0,22862.0,63.865546218487395,57.76133876503445,53.4084992918759,173.85714285714286,89870.29,0.0009260774629649129,0,0 days 00:15:00
2026-01-03 06:45:00+05:30,90206.0,90207.0,90031.5,90042.0,23015.0,50.80213903743315,52.34889635827858,53.19657870515644,166.28571428571428,89883.76,-0.0018308012370410146,1,0 days 00:15:00
2026-01-03 07:00:00+05:30,90041.0,90153.5,90041.0,90133.0,17397.0,52.20779220779221,54.77106944292609,53.51147685271037,150.75,89897.82,0.0010101291271012902,1,0 days 00:15:00
2026-01-03 07:15:00+05:30,90133.0,90264.5,90133.0,90242.5,31219.0,56.19047619047619,64.77965440160187,55.76511236248867,150.14285714285714,89912.39,0.001214133997703219,0,0 days 00:15:00
2026-01-03 07:30:00+05:30,90242.5,90242.5,90094.0,90126.0,32506.0,43.894250944187995,62.58946137037128,57.1299821640652,140.17857142857142,89926.59,-0.001291800022739587,1,0 days 00:15:00
2026-01-03 07:45:00+05:30,90126.0,90235.0,90109.5,90230.0,26618.0,52.79999999999999,68.45652425050503,59.395290581353166,132.5,89944.79,0.0011532747624368625,1,0 days 00:15:00
2026-01-03 08:00:00+05:30,90230.0,90303.0,90200.0,90269.5,31109.0,59.64205816554809,75.42409175772627,62.60105081662779,131.71428571428572,89967.88,0.0004376743495747986,1,0 days 00:15:00
2026-01-03 08:15:00+05:30,90268.5,90376.0,90266.5,90300.0,41619.0,70.47522750252782,82.45652679320483,66.5721460119432,124.39285714285714,89996.47,0.00033782006695549905,0,0 days 00:15:00
2026-01-03 08:30:00+05:30,90301.0,90329.5,90166.5,90180.5,42264.0,61.880500231588705,77.49383029060846,68.75648286767625,129.07142857142858,90012.79,-0.0013242429787497926,1,0 days 00:15:00
2026-01-03 08:45:00+05:30,90189.5,90259.0,90159.0,90185.0,28254.0,60.71599045346062,73.08153154594766,69.62149260333054,127.64285714285714,90025.58,4.989867797262266e-05,1,0 days 00:15:00
2026-01-03 09:00:00+05:30,90185.0,90244.5,90159.0,90244.5,25289.0,61.1975483262612,73.5382031101326,70.40483470469096,123.28571428571428,90047.71,0.0006595374055443137,1,0 days 00:15:00
2026-01-03 09:15:00+05:30,90244.5,90357.0,90225.5,90290.0,51554.0,61.43392689784443,76.68758165062172,71.6613840938771,122.64285714285714,90071.33,0.0005040587916811276,0,0 days 00:15:00
2026-01-03 09:30:00+05:30,90288.5,90459.0,90209.0,90210.0,71580.0,57.67707875054994,71.89934453390015,71.70897618188171,134.28571428571428,90081.04,-0.0008864266508404317,0,0 days 00:15:00
2026-01-03 09:45:00+05:30,90209.0,90269.5,90209.0,90210.0,49596.0,54.12494039103481,67.3285109577555,70.83288313705647,128.71428571428572,90097.59,0.0,0,0 days 00:15:00
2026-01-03 10:00:00+05:30,90210.0,90247.0,90001.0,90043.5,102756.0,42.775077330976586,49.69804578032927,66.60591566571104,138.75,90103.5,-0.0018473987728808076,1,0 days 00:15:00
2026-01-03 10:15:00+05:30,90042.5,90147.0,90042.5,90130.5,70441.0,54.200284765068815,42.25881470651075,61.73649547387098,133.67857142857142,90105.84,0.000965733199702897,0,0 days 00:15:00
2026-01-03 10:30:00+05:30,90143.5,90167.5,90000.5,90014.0,50788.0,44.485634847080625,26.655328085049405,54.72026199610667,137.57142857142858,90104.11,-0.001293406307059793,0,0 days 00:15:00
2026-01-03 10:45:00+05:30,90013.5,90046.5,89971.0,89985.0,69341.0,37.1056584877316,11.813219443356502,46.13885348555664,133.57142857142858,90096.96,-0.0003222240151435789,0,0 days 00:15:00
2026-01-03 11:00:00+05:30,89984.0,90026.0,89879.5,89916.5,97506.0,38.97948448185166,-5.414224300926435,35.82823792826002,133.42857142857142,90083.53,-0.0007615278728682161,1,0 days 00:15:00
2026-01-03 11:15:00+05:30,89916.5,90005.5,89886.5,89999.0,53506.0,37.56727664155005,-12.268612142739585,26.208867914060104,132.96428571428572,90072.3,0.0009170972571272173,1,0 days 00:15:00
2026-01-03 11:30:00+05:30,89999.0,90102.0,89985.5,90046.0,62599.0,38.06727175654031,-13.749758034260594,18.217142724395966,133.92857142857142,90063.65,0.0005220917111567469,0,0 days 00:15:00
2026-01-03 11:45:00+05:30,90046.0,90071.0,89932.5,89946.0,52546.0,32.40556660039762,-22.73071555001661,10.027571069513453,136.0,90055.98,-0.0011111606103491052,0,0 days 00:15:00
2026-01-03 12:00:00+05:30,89946.0,90009.0,89841.5,89848.0,76318.0,33.113255459624185,-37.32570260023931,0.5569163355628994,136.32142857142858,90046.74,-0.0010901365974977067,0,0 days 00:15:00
2026-01-03 12:15:00+05:30,89847.0,89875.5,89811.0,89836.0,80771.0,32.409274193548384,-49.29242233930563,-9.412951399410806,133.78571428571428,90038.21,-0.0001335678192586738,0,0 days 00:15:00
2026-01-03 12:30:00+05:30,89836.0,89922.5,89719.0,89735.5,104381.0,25.363020329138436,-66.12341447288054,-20.755044014104755,142.21428571428572,90033.39,-0.0011193314138720697,0,0 days 00:15:00
2026-01-03 12:45:00+05:30,89736.5,89739.0,89374.5,89385.0,282152.0,16.180866965620325,-106.51665999664692,-37.90736721061319,158.85714285714286,90026.21,-0.003913571560552275,1,0 days 00:15:00
2026-01-03 13:00:00+05:30,89385.0,89563.5,89269.5,89526.0,148809.0,25.55396711937098,-125.70206136148772,-55.4663060407881,162.0,90017.78,0.0015762030192875717,1,0 days 00:15:00
2026-01-03 13:15:00+05:30,89526.0,89559.5,89428.0,89544.0,89106.0,26.499647141848982,-137.86495916740387,-71.94603666611125,167.07142857142858,90010.2,0.00020103870062692901,0,0 days 00:15:00
2026-01-03 13:30:00+05:30,89545.0,89680.0,89389.5,89493.5,142900.0,28.86241352805534,-149.8516744379449,-87.52716422047799,170.25,90000.69,-0.0005641276418544722,1,0 days 00:15:00
2026-01-03 13:45:00+05:30,89494.5,89806.0,89476.5,89703.5,132925.0,35.007022471910105,-140.78312743408603,-98.1783568631996,186.32142857142856,89997.09,0.0023437903104814345,1,0 days 00:15:00
2026-01-03 14:00:00+05:30,89702.5,89796.0,89631.0,89764.5,87829.0,40.88417975886007,-127.20767747455102,-103.9842209854699,186.17857142857144,89991.55,0.0006797869519808799,0,0 days 00:15:00
2026-01-03 14:15:00+05:30,89764.5,89805.0,89626.0,89633.5,66701.0,38.04828289697382,-125.57212348945905,-108.30180148626772,193.57142857142856,89987.03,-0.0014604401752973488,1,0 days 00:15:00
2026-01-03 14:30:00+05:30,89633.5,89687.5,89608.5,89648.0,45148.0,40.52241440169431,-121.70299004256958,-110.98203919752812,188.75,89982.74,0.00016175679065177025,1,0 days 00:15:00
2026-01-03 14:45:00+05:30,89647.0,89823.0,89590.5,89770.5,68961.0,42.15585307243392,-107.51260925036333,-110.28815320809515,196.8571428571429,89983.0,0.001365522719619034,1,0 days 00:15:00
2026-01-03 15:00:00+05:30,89770.5,89953.0,89744.0,89901.0,134288.0,45.29220779220779,-84.75931821086851,-105.18238620864985,203.4642857142857,89985.55,0.001452651343684157,0,0 days 00:15:00
2026-01-03 15:15:00+05:30,89902.0,89918.0,89745.5,89765.5,65513.0,44.271659790542685,-76.77586433991382,-99.50108183490264,205.89285714285717,89981.76,-0.001508350479248003,0,0 days 00:15:00
2026-01-03 15:30:00+05:30,89764.5,89771.0,89672.5,89696.0,70945.0,45.08726567550097,-75.19024248274218,-94.63891396447056,200.9642857142857,89977.48,-0.0007745394246062005,1,0 days 00:15:00
2026-01-03 15:45:00+05:30,89696.0,89770.0,89688.5,89756.5,31618.0,47.50861798809151,-68.26486646948615,-89.36410446547369,202.17857142857144,89972.13,0.0006742731618915086,1,0 days 00:15:00
2026-01-03 16:00:00+05:30,89756.5,89842.0,89712.0,89791.0,52964.0,51.81431840470742,-59.308918123249896,-83.35306719702893,196.92857142857144,89966.31,0.0003842994241032664,0,0 days 00:15:00
2026-01-03 16:15:00+05:30,89790.0,89798.5,89714.5,89721.0,34906.0,63.45076060848679,-57.20030995315756,-78.12251574825467,176.89285714285714,89959.0,-0.0007798921915862457,0,0 days 00:15:00
2026-01-03 16:30:00+05:30,89724.0,89740.5,89635.5,89658.0,64922.0,55.636208368915455,-59.9220521565876,-74.48242302992125,163.39285714285714,89946.73,-0.0007024233894752317,1,0 days 00:15:00
2026-01-03 16:45:00+05:30,89658.0,89717.0,89647.0,89685.5,31772.0,55.993223210504034,-59.177866678874125,-71.42151175971182,159.0,89937.17,0.00030667406642033565,1,0 days 00:15:00
2026-01-03 17:00:00+05:30,89685.5,89745.0,89653.0,89734.5,40523.0,60.22052586938083,-54.01159182678384,-67.93952777312623,144.82142857142858,89930.78,0.0005462044500971758,0,0 days 00:15:00
2026-01-03 17:15:00+05:30,89734.5,89760.0,89679.0,89714.5,34672.0,50.55611729019211,-50.94386546884198,-64.54039531226938,127.07142857142856,89927.17,-0.00022290455876391925,0,0 days 00:15:00
2026-01-03 17:30:00+05:30,89715.5,89715.5,89627.5,89642.5,41896.0,43.900000000000006,-53.70340902921453,-62.372998055658414,121.57142857142856,89921.54,-0.0008028680661205021,1,0 days 00:15:00
2026-01-03 17:45:00+05:30,89643.5,89764.0,89643.5,89763.5,39501.0,56.56565656565656,-45.60101826849859,-59.01860209822645,117.46428571428572,89917.6,0.0013488960051149174,0,0 days 00:15:00
2026-01-03 18:00:00+05:30,89763.5,89773.0,89715.0,89763.5,34187.0,55.92004100461302,-38.73332159535494,-54.96154599765215,115.96428571428572,89912.73,0.0,1,0 days 00:15:00
2026-01-03 18:15:00+05:30,89763.5,90025.0,89756.0,90011.5,202454.0,60.944595821980016,-13.12776640591619,-46.59479007930496,118.57142857142856,89912.04,0.0027590060610987147,0,0 days 00:15:00
2026-01-03 18:30:00+05:30,90011.5,90011.5,89887.5,89894.5,69695.0,49.701149425287355,-2.25016315029643,-37.72586469350325,112.5,89909.22,-0.0013006794269754768,1,0 days 00:15:00
2026-01-03 18:45:00+05:30,89895.0,90036.5,89895.0,89937.5,74318.0,58.64321608040201,9.72801789783989,-28.235088175234623,110.32142857142856,89905.5,0.00047822412940413494,0,0 days 00:15:00
2026-01-03 19:00:00+05:30,89938.5,90017.0,89910.5,89929.5,54972.0,62.50669523299411,18.36359543814615,-18.915351452558472,110.89285714285714,89899.95,-8.895461652525244e-05,1,0 days 00:15:00
2026-01-03 19:15:00+05:30,89929.5,90029.5,89929.5,89980.5,41502.0,62.12121212121212,28.98846564278938,-9.334588033488902,112.21428571428572,89898.72,0.000566950156923779,1,0 days 00:15:00
2026-01-03 19:30:00+05:30,89981.5,90029.0,89924.0,90029.0,70442.0,62.6865671641791,40.85138713482593,0.702607000174063,110.42857142857144,89896.64,0.0005388604620710426,1,0 days 00:15:00
2026-01-03 19:45:00+05:30,90029.0,90210.5,89993.0,90157.5,197908.0,71.90165579528349,59.93086822250916,12.548259244641082,119.96428571428572,89894.94,0.001426300214325714,0,0 days 00:15:00
2026-01-03 20:00:00+05:30,90157.5,90209.5,90115.0,90126.0,111856.0,74.24870466321244,71.68338624593162,24.37528464489919,119.21428571428572,89894.94,-0.00034944962040948805,0,0 days 00:15:00
2026-01-03 20:15:00+05:30,90126.0,90138.5,90015.5,90101.0,113085.0,71.58441558441558,78.0799928312772,35.11622628217479,123.0,89892.36,-0.00027742791213686047,0,0 days 00:15:00
2026-01-03 20:30:00+05:30,90101.0,90101.0,89971.0,89985.0,87933.0,62.166100048567266,72.94821744564979,42.682624514869794,125.71428571428572,89886.67,-0.0012882735586694032,1,0 days 00:15:00
2026-01-03 20:45:00+05:30,89984.0,90059.5,89940.0,90040.0,76123.0,65.28886801315171,72.48374137489009,48.64284788687385,128.46428571428572,89881.47,0.0006110262653654391,0,0 days 00:15:00
2026-01-03 21:00:00+05:30,90039.5,90097.0,89959.0,89969.5,63512.0,65.38099717779869,65.66987845479161,52.048254000457405,132.03571428571428,89877.25,-0.0007832920329714679,0,0 days 00:15:00
2026-01-03 21:15:00+05:30,89968.5,89991.0,89929.0,89937.0,52649.0,58.90200102616726,56.99041458913416,53.03668611819276,127.78571428571428,89872.29,-0.000361298789688374,1,0 days 00:15:00
2026-01-03 21:30:00+05:30,89940.0,90009.0,89928.5,89983.5,53721.0,60.77375122428991,53.25020313213463,53.07938952098114,129.39285714285714,89867.07,0.0005168949734502158,1,0 days 00:15:00
2026-01-03 21:45:00+05:30,89983.0,90063.0,89873.0,90030.0,158109.0,51.1287370347773,53.4223998181551,53.14799158041593,123.75,89861.87,0.0005166279310635229,1,0 days 00:15:00
2026-01-03 22:00:00+05:30,90029.0,90157.5,90029.0,90097.0,122285.0,63.15789473684211,58.293238819242106,54.17704102818117,124.07142857142856,89859.61,0.000743919602168484,0,0 days 00:15:00
2026-01-03 22:15:00+05:30,90097.0,90198.5,90065.5,90073.5,122393.0,59.06666666666667,59.57046893327788,55.25572660920052,123.42857142857144,89856.88,-0.00026086401639849105,0,0 days 00:15:00
2026-01-03 22:30:00+05:30,90073.5,90099.0,89997.0,90036.0,83280.0,56.8313021167415,56.90082906326279,55.58474710001297,123.10714285714286,89856.73,-0.0004164133545634969,0,0 days 00:15:00
2026-01-03 22:45:00+05:30,90037.0,90050.5,89990.5,90033.5,56039.0,53.62517099863201,53.96135817861068,55.26006931573252,120.25,89854.79,-2.776705661052324e-05,1,0 days 00:15:00
2026-01-03 23:00:00+05:30,90033.5,90094.0,90033.5,90084.5,32072.0,53.783231083844576,55.11178573987854,55.23041260056173,117.07142857142856,89856.2,0.0005662954436862243,0,0 days 00:15:00
2026-01-03 23:15:00+05:30,90085.5,90085.5,90029.0,90064.0,25209.0,42.5259792166267,53.7497357011307,54.934277220675526,105.57142857142856,89857.78,-0.00022759001699690462,0,0 days 00:15:00
2026-01-03 23:30:00+05:30,90065.5,90070.0,89999.5,90024.0,27439.0,41.95583596214511,48.87918668842758,53.72325911422594,103.85714285714286,89859.93,-0.00044422727397488184,1,0 days 00:15:00
2026-01-03 23:45:00+05:30,90014.5,90166.0,90010.5,90145.0,64435.0,53.013698630136986,54.15862336862483,53.81033196510572,106.17857142857144,89862.85,0.0013431835464677597,0,0 days 00:15:00
2026-01-04 00:00:00+05:30,90144.0,90165.5,90099.5,90113.0,35459.0,59.907120743034056,55.12503531614493,54.07327263531356,101.60714285714286,89864.19,-0.00035504665907929833,1,0 days 00:15:00
2026-01-04 00:15:00+05:30,90113.0,90139.0,90083.5,90115.0,19244.0,56.323777403035415,55.41353430275922,54.341324968802695,97.03571428571428,89867.57,2.2194109684205784e-05,0,0 days 00:15:00
2026-01-04 00:30:00+05:30,90110.5,90110.5,90030.0,90039.5,31209.0,55.852842809364546,48.98528098112729,53.27011617126762,93.25,89871.4,-0.000838169509172052,1,0 days 00:15:00
2026-01-04 00:45:00+05:30,90040.5,90129.5,90040.5,90128.5,14078.0,64.62948815889993,50.49037845300336,52.71416862761477,95.25,89877.25,0.0009879668669158094,0,0 days 00:15:00
2026-01-04 01:00:00+05:30,90128.0,90128.0,90090.0,90105.0,9191.0,59.61995249406176,49.21955307110329,52.01524551631248,92.25,89884.64,-0.0002607728322778179,0,0 days 00:15:00
2026-01-04 01:15:00+05:30,90104.0,90105.0,90082.0,90101.5,5351.0,56.07476635514019,47.383783292461885,51.08895307154236,80.32142857142857,89898.97,-3.8844325820002505e-05,0,0 days 00:15:00
2026-01-04 01:30:00+05:30,90101.5,90105.5,89984.5,90039.5,32470.0,45.072836332476435,40.45964704657672,48.96309186654924,79.78571428571429,89909.24,-0.0006883497088180975,1,0 days 00:15:00
2026-01-04 01:45:00+05:30,90038.5,90099.0,90038.5,90098.0,15787.0,51.980598221503634,39.24034204430063,47.01854190209952,74.60714285714286,89920.32,0.0006495038740577981,1,0 days 00:15:00
2026-01-04 02:00:00+05:30,90099.0,90300.5,90098.0,90239.5,91990.0,64.08304498269896,49.12561200498021,47.43995592267567,81.78571428571429,89935.24,0.0015692801446025233,1,0 days 00:15:00
2026-01-04 02:15:00+05:30,90239.5,90349.5,90238.5,90342.0,48994.0,68.75379939209726,64.48728377468069,50.84942149307667,85.42857142857143,89948.01,0.0011352216147045755,1,0 days 00:15:00
2026-01-04 02:30:00+05:30,90340.0,90394.0,90314.5,90346.5,42954.0,66.88144329896907,76.14685813813412,55.908908822088165,86.78571428571429,89959.65,4.980947875411303e-05,1,0 days 00:15:00
2026-01-04 02:45:00+05:30,90346.5,90459.5,90346.5,90446.0,73732.0,72.3391812865497,92.35140377173956,63.19740781201845,90.82142857142856,89975.9,0.0011007094879032274,1,0 days 00:15:00
2026-01-04 03:00:00+05:30,90445.0,90726.0,90437.0,90576.0,133267.0,79.2063492063492,114.3652055784478,73.43096736530433,106.42857142857144,89994.46,0.001436289758685587,0,0 days 00:15:00
2026-01-04 03:15:00+05:30,90576.0,90577.0,90445.0,90539.0,39360.0,72.88037166085947,127.35761205857852,84.21629630395917,104.75,90009.83,-0.0004085801895450367,0,0 days 00:15:00
2026-01-04 03:30:00+05:30,90540.0,90540.0,90465.0,90493.5,14627.0,71.75528873642081,132.455849476828,93.86420693853294,105.39285714285714,90021.68,-0.0005026721827083163,1,0 days 00:15:00
2026-01-04 03:45:00+05:30,90496.5,90721.5,90496.5,90590.5,30477.0,74.52294997421352,142.6786184002267,103.62708923087168,117.71428571428572,90038.18,0.001071326116913338,0,0 days 00:15:00
2026-01-04 04:00:00+05:30,90594.5,90693.0,90542.5,90581.0,34239.0,79.96679579413392,148.30410837268573,112.5624930592345,122.39285714285714,90055.88,-0.00010487300716397609,0,0 days 00:15:00
2026-01-04 04:15:00+05:30,90582.0,90593.0,90464.5,90567.0,23402.0,76.46348823174412,149.90465911039792,120.0309262694672,125.14285714285714,90072.09,-0.00015456974438437097,0,0 days 00:15:00
2026-01-04 04:30:00+05:30,90589.5,90641.0,90435.5,90515.0,21930.0,73.92065344224038,145.3021885019116,125.08517871595608,137.07142857142858,90086.57,-0.0005743254595083602,1,0 days 00:15:00
2026-01-04 04:45:00+05:30,90515.0,90659.5,90515.0,90600.0,23560.0,76.55833777304208,146.82102562060754,129.43234809688636,145.75,90104.15,0.000938630221026578,1,0 days 00:15:00
2026-01-04 05:00:00+05:30,90608.5,90674.5,90582.5,90628.5,17411.0,82.54143646408839,148.61132791450655,133.2681440604104,143.67857142857142,90123.56,0.0003145200698008478,0,0 days 00:15:00
2026-01-04 05:15:00+05:30,90628.0,90628.0,90579.0,90604.5,10751.0,79.0924755887421,146.4058801058709,135.89569126950252,142.89285714285714,90141.94,-0.00026485242908618953,1,0 days 00:15:00
2026-01-04 05:30:00+05:30,90604.5,91606.5,90604.5,91381.5,271437.0,87.91500664010624,204.99242806085385,149.7150386277728,200.0,90174.88,0.008539170281206257,0,0 days 00:15:00
2026-01-04 05:45:00+05:30,91382.5,91436.5,91061.5,91068.5,69104.0,71.16224876201574,223.58881260608905,164.48979342343603,218.8571428571429,90201.96,-0.0034310803733745027,1,0 days 00:15:00
2026-01-04 06:00:00+05:30,91069.0,91239.5,91027.0,91140.5,59321.0,72.25336322869956,241.35419864459251,179.86267446766735,228.3571428571429,90231.92,0.0007903012886021982,1,0 days 00:15:00
2026-01-04 06:15:00+05:30,91136.5,91450.0,91083.5,91311.0,78651.0,73.31536388140162,266.1236127927696,197.1148621326878,246.4642857142857,90262.87,0.0018689903851871112,0,0 days 00:15:00
2026-01-04 06:30:00+05:30,91335.0,91461.5,91244.0,91258.5,68544.0,69.19831223628692,278.3090670365782,213.35370311346588,241.3571428571429,90292.77,-0.0005751234619923271,0,0 days 00:15:00
2026-01-04 06:45:00+05:30,91258.5,91284.0,91069.5,91098.5,63812.0,64.71981057616418,271.9209292841697,225.06714834760663,247.25,90314.51,-0.0017548001015331258,0,0 days 00:15:00
2026-01-04 07:00:00+05:30,91098.5,91150.5,90978.0,91064.0,74362.0,65.09658639851813,261.06502729257045,232.26672413659944,254.2142857142857,90337.9,-0.0003787826848280227,1,0 days 00:15:00
2026-01-04 07:15:00+05:30,91065.0,91237.5,90975.5,91199.0,68005.0,65.78469520103761,260.35382171747915,237.88414365277535,256.6428571428572,90363.13,0.0014813760849744894,0,0 days 00:15:00
2026-01-04 07:30:00+05:30,91200.0,91275.0,91071.0,91095.0,53159.0,62.71018793273986,248.5333179567242,240.01397851356515,260.4642857142857,90386.44,-0.0011410140902415311,1,0 days 00:15:00
2026-01-04 07:45:00+05:30,91094.0,91199.5,91094.0,91182.0,40227.0,64.67780429594274,243.3801219281304,240.6872071964782,258.82142857142856,90410.47,0.000954591161874641,0,0 days 00:15:00
2026-01-04 08:00:00+05:30,91182.0,91245.0,91109.0,91137.5,53048.0,64.91017964071857,233.019297439314,239.15362524504536,253.8571428571429,90432.64,-0.00048815404697435813,0,0 days 00:15:00
2026-01-04 08:15:00+05:30,91137.5,91148.5,91042.5,91108.0,33581.0,62.5,219.8930754331086,235.301515282658,251.1071428571429,90451.65,-0.00032373913493223723,1,0 days 00:15:00
2026-01-04 08:30:00+05:30,91109.0,91331.5,91101.5,91309.0,79250.0,65.43433885234748,223.1372824033606,232.86866870679856,260.9642857142857,90475.31,0.002203742867672221,0,0 days 00:15:00
2026-01-04 08:45:00+05:30,91309.0,91309.0,91111.5,91138.0,64391.0,61.343823091643635,209.4951393469528,228.19396283482945,271.5357142857143,90496.05,-0.0018745175319064744,1,0 days 00:15:00
2026-01-04 09:00:00+05:30,91139.0,91242.0,91043.5,91215.0,62453.0,44.95912806539509,202.56189177458876,223.0675486227813,214.14285714285717,90520.65,0.0008445159068007463,0,0 days 00:15:00
2026-01-04 09:15:00+05:30,91215.0,91310.5,91201.5,91201.5,44093.0,54.91863905325444,193.7445394968236,217.2029467975898,195.14285714285717,90543.88,-0.00014801292673244354,1,0 days 00:15:00
2026-01-04 09:30:00+05:30,91200.0,91291.5,91150.5,91283.5,51679.0,55.249632892804705,191.16975307412213,211.99630805289627,190.03571428571428,90570.16,0.0008987040635567803,1,0 days 00:15:00
2026-01-04 09:45:00+05:30,91283.5,91473.0,91279.5,91340.0,120796.0,51.16185897435897,191.4810200868087,207.8932504596788,177.67857142857142,90598.22,0.0006187593798459072,1,0 days 00:15:00
2026-01-04 10:00:00+05:30,91335.5,91565.5,91331.0,91480.0,117045.0,58.29277424185699,200.7108615345205,206.45677267464717,178.89285714285714,90628.15,0.0015315613977274802,0,0 days 00:15:00
2026-01-04 10:15:00+05:30,91480.0,91496.5,91346.0,91363.5,72727.0,60.255417956656345,196.3614682353218,204.4377117867821,174.32142857142858,90654.82,-0.00127431399820204,0,0 days 00:15:00
2026-01-04 10:30:00+05:30,91364.5,91381.5,91310.0,91350.5,43283.0,61.27508854781582,189.67904934579565,201.4859792985848,167.10714285714286,90679.89,-0.00014229889359256074,1,0 days 00:15:00
2026-01-04 10:45:00+05:30,91350.5,91447.5,91334.5,91422.0,51051.0,59.23777961888981,187.98565506658636,198.78591445218512,156.46428571428572,90706.86,0.0007823934524869168,0,0 days 00:15:00
2026-01-04 11:00:00+05:30,91421.5,91448.0,91316.0,91357.0,55268.0,61.215753424657535,179.33144980434736,194.8950215226176,151.32142857142858,90733.28,-0.0007112414745687241,1,0 days 00:15:00
2026-01-04 11:15:00+05:30,91353.0,91459.5,91353.0,91447.0,39825.0,61.31511528608028,177.68691349000437,191.45339991609492,151.39285714285714,90761.55,0.0009846612467087656,1,0 days 00:15:00
2026-01-04 11:30:00+05:30,91447.0,91764.5,91413.0,91632.0,225272.0,68.85245901639345,189.1313717794401,190.988994288764,166.78571428571428,90792.5,0.002020986164088735,0,0 days 00:15:00
2026-01-04 11:45:00+05:30,91632.0,91774.0,91509.0,91509.0,140674.0,64.27046263345196,186.13051862410796,190.0172991558328,178.14285714285714,90821.4,-0.0013432275513802195,0,0 days 00:15:00
2026-01-04 12:00:00+05:30,91509.0,91579.5,91226.5,91268.5,203256.0,48.598130841121495,162.4730921505543,184.5084577547771,186.92857142857144,90846.29,-0.0026316164604138223,0,0 days 00:15:00
2026-01-04 12:15:00+05:30,91267.0,91342.5,91186.5,91197.0,122161.0,52.19330855018587,136.38282249578333,174.88333070297838,183.9642857142857,90867.33,-0.0007837098373074505,1,0 days 00:15:00
2026-01-04 12:30:00+05:30,91196.0,91355.0,91178.0,91291.0,96092.0,52.79001468428781,121.886083336125,164.28388122960772,182.42857142857144,90890.89,0.0010302048169050422,0,0 days 00:15:00
2026-01-04 12:45:00+05:30,91291.5,91309.5,91198.5,91273.5,60427.0,52.635431918008784,107.74321267443884,152.97574751857394,182.57142857142856,90914.06,-0.0001917130663803597,1,0 days 00:15:00
2026-01-04 13:00:00+05:30,91273.5,91471.5,91273.0,91466.5,101445.0,56.19498984427894,110.83078451870824,144.5467549186008,186.67857142857144,90942.6,0.0021122914716013765,1,0 days 00:15:00
2026-01-04 13:15:00+05:30,91466.5,91508.5,91408.0,91487.0,92293.0,55.10062456627342,113.62212104034552,138.36182814294975,180.03571428571428,90969.77,0.00022410066039507174,0,0 days 00:15:00
2026-01-04 13:30:00+05:30,91487.0,91508.0,91230.5,91288.5,104205.0,43.61453817939313,98.6794687876245,130.4253562718847,183.1071428571429,90993.44,-0.002172064396391409,0,0 days 00:15:00
2026-01-04 13:45:00+05:30,91288.5,91355.0,91125.0,91207.0,113829.0,44.656879481051554,79.34628575442184,120.20954216839212,188.78571428571428,91015.55,-0.000893172767746095,1,0 days 00:15:00
2026-01-04 14:00:00+05:30,91206.0,91383.0,91202.0,91376.5,69277.0,50.80197409006786,76.81634137507353,111.53090200972842,196.6071428571429,91042.29,0.0018566852830932915,0,0 days 00:15:00
2026-01-04 14:15:00+05:30,91376.5,91407.5,91270.0,91335.5,60394.0,47.28072933039925,70.68813604794559,103.36234881737188,198.3571428571429,91067.04,-0.00044879373755605606,0,0 days 00:15:00
2026-01-04 14:30:00+05:30,91333.5,91396.0,91213.5,91306.0,48388.0,48.36012861736335,62.72799642075552,95.2354783380486,201.9642857142857,91088.37,-0.0003230372095776362,0,0 days 00:15:00
2026-01-04 14:45:00+05:30,91309.5,91410.5,91252.0,91284.0,61383.0,44.5191661062542,54.021585072696325,86.99269968497815,205.67857142857144,91107.21,-0.00024097705357860804,1,0 days 00:15:00
2026-01-04 15:00:00+05:30,91284.0,91403.0,91284.0,91403.0,27717.0,41.94229415904293,56.077569514280185,80.80967365083856,189.07142857142856,91128.34,0.00130277487539661,1,0 days 00:15:00
2026-01-04 15:15:00+05:30,91405.0,91446.5,91340.5,91423.5,57114.0,46.75767918088737,58.68465054954868,76.38466903058058,177.71428571428572,91147.89,0.0002242563313952408,1,0 days 00:15:00
2026-01-04 15:30:00+05:30,91422.5,91571.5,91403.5,91506.5,113220.0,60.249784668389324,66.67954708088655,74.44364464064178,164.5,91166.5,0.0009074509997884416,0,0 days 00:15:00
2026-01-04 15:45:00+05:30,91505.5,91538.5,91377.5,91450.0,61520.0,61.03839441535777,67.67635151905415,73.09018601632425,164.85714285714286,91184.72,-0.000617633172869999,1,0 days 00:15:00
2026-01-04 16:00:00+05:30,91441.0,91558.5,91429.0,91550.5,37698.0,61.25813449023862,75.70317720115418,73.61278425329024,161.46428571428572,91205.86,0.0010983577651812165,1,0 days 00:15:00
2026-01-04 16:15:00+05:30,91559.5,91591.5,91524.0,91562.0,59705.0,62.581770606192755,82.0466653885378,75.29956048033976,158.35714285714286,91225.29,0.00012560584356731267,0,0 days 00:15:00
2026-01-04 16:30:00+05:30,91562.5,91562.5,91310.0,91321.0,97967.0,43.90958560066974,66.85655880728154,73.61096014572813,162.21428571428572,91240.09,-0.002635566340261592,1,0 days 00:15:00
2026-01-04 16:45:00+05:30,91323.5,91375.0,91300.0,91340.0,52036.0,43.83906119027662,55.70924956204544,70.0306180289916,160.39285714285714,91255.55,0.0002080356514913232,1,0 days 00:15:00
2026-01-04 17:00:00+05:30,91340.0,91422.5,91309.0,91341.0,47283.0,52.6368658965344,46.420511554402765,65.30859673407383,148.67857142857142,91272.07,1.0948046047495843e-05,0,0 days 00:15:00
2026-01-04 17:15:00+05:30,91342.0,91344.0,91194.5,91272.5,97855.0,53.33333333333334,33.1496141232783,58.87680021191473,142.92857142857142,91285.52,-0.0007502183925372809,0,0 days 00:15:00
2026-01-04 17:30:00+05:30,91272.5,91305.0,91165.0,91224.0,71066.0,41.149158444573416,18.505468111747177,50.80253379188122,140.0,91297.43,-0.0005315170553058092,1,0 days 00:15:00
2026-01-04 17:45:00+05:30,91224.0,91309.5,91197.5,91304.0,57694.0,48.25097168239867,13.203012198297074,43.28262947316439,138.17857142857142,91311.42,0.0008765778962415191,0,0 days 00:15:00
2026-01-04 18:00:00+05:30,91304.0,91331.5,91067.0,91070.5,151526.0,39.339067451335445,-9.728575907094635,32.68038839711259,144.03571428571428,91305.2,-0.002560666404442777,1,0 days 00:15:00
2026-01-04 18:15:00+05:30,91068.5,91151.0,91044.0,91105.0,85826.0,41.98746642793196,-24.831916150273173,21.17792748763544,140.35714285714286,91305.93,0.0003787556549858622,1,0 days 00:15:00
2026-01-04 18:30:00+05:30,91106.0,91191.0,91068.0,91158.0,86505.0,38.34443387250238,-32.15411245304858,10.511519499498633,140.64285714285714,91306.28,0.0005815771878422805,1,0 days 00:15:00
2026-01-04 18:45:00+05:30,91157.0,91181.0,90986.0,91163.0,164610.0,37.42153549010139,-37.12558690732112,0.9840982181346822,147.0,91303.32,5.484831699320052e-05,1,0 days 00:15:00
2026-01-04 19:00:00+05:30,91164.0,91241.0,91134.0,91190.5,71579.0,33.87755102040816,-38.40380094520515,-6.893481614533284,142.64285714285714,91301.96,0.0003016119812175651,1,0 days 00:15:00
2026-01-04 19:15:00+05:30,91190.0,91246.5,91189.5,91237.0,48191.0,39.020618556701024,-35.25819882734504,-12.566425057095636,135.21428571428572,91304.73,0.0005097915720717347,1,0 days 00:15:00
2026-01-04 19:30:00+05:30,91237.0,91387.0,91217.5,91360.0,149782.0,40.40302267002518,-22.57992709595419,-14.569125464867348,138.07142857142858,91310.65,0.001347229347733367,0,0 days 00:15:00
2026-01-04 19:45:00+05:30,91360.0,91375.0,91172.0,91206.0,99339.0,34.31718061674009,-24.67438739647332,-16.590177851188542,147.75,91310.79,-0.0016870615177627239,0,0 days 00:15:00
2026-01-04 20:00:00+05:30,91206.0,91219.5,91113.5,91180.0,98838.0,42.33695652173913,-28.108230795493,-18.893788440049438,137.28571428571428,91312.49,-0.0002851096046420681,1,0 days 00:15:00
2026-01-04 20:15:00+05:30,91177.0,91328.0,91110.0,91314.5,114400.0,48.76871076774505,-19.74889749508293,-19.064810251056134,147.5,91315.14,0.0014740172920570996,0,0 days 00:15:00
2026-01-04 20:30:00+05:30,91314.5,91359.5,91249.0,91280.0,67350.0,47.14686623012161,-15.72664037940558,-18.397176276726025,147.28571428571428,91317.99,-0.00037788652353210256,0,0 days 00:15:00
2026-01-04 20:45:00+05:30,91280.0,91281.0,91182.5,91211.0,56841.0,47.12482468443198,-17.900351865639095,-18.29781139450864,143.64285714285714,91320.05,-0.0007562017117346781,0,0 days 00:15:00
2026-01-04 21:00:00+05:30,91215.0,91273.5,91139.0,91187.5,48913.0,48.25275251316419,-21.27405343618011,-18.893059802842934,143.25,91317.62,-0.00025767755908117414,1,0 days 00:15:00
2026-01-04 21:15:00+05:30,91187.5,91309.5,91059.0,91302.5,113906.0,49.930523390458546,-14.501038388174493,-18.01465551990925,153.14285714285714,91320.91,0.001260343199329176,0,0 days 00:15:00
2026-01-04 21:30:00+05:30,91301.5,91438.0,91220.0,91248.0,180158.0,59.855635757912275,-13.37686946580652,-17.087098309088706,149.82142857142858,91321.57,-0.000597095068150486,1,0 days 00:15:00
2026-01-04 21:45:00+05:30,91255.5,91339.5,91218.0,91315.0,59283.0,61.2540192926045,-6.998938036995241,-15.069466254670012,150.85714285714286,91323.84,0.0007339932298219453,0,0 days 00:15:00
2026-01-04 22:00:00+05:30,91316.0,91418.5,91264.0,91270.5,61555.0,56.08436992969172,-5.472080786072183,-13.149989160950447,153.10714285714286,91323.58,-0.00048744287888251883,1,0 days 00:15:00
2026-01-04 22:15:00+05:30,91270.0,91311.0,91262.0,91292.0,36912.0,56.85441020191286,-2.498365495048347,-11.019664427770028,142.67857142857142,91322.62,0.00023553577650835974,1,0 days 00:15:00
2026-01-04 22:30:00+05:30,91292.0,91408.5,91271.5,91310.5,53823.0,56.43776824034335,1.3357232998532709,-8.548586882245369,144.82142857142858,91319.23,0.0002026259231203021,1,0 days 00:15:00
2026-01-04 22:45:00+05:30,91310.5,91408.0,91284.5,91334.0,52791.0,55.33553355335533,6.199060979051865,-5.599057309985922,149.57142857142858,91318.64,0.0002573304986427489,1,0 days 00:15:00
2026-01-04 23:00:00+05:30,91334.0,91413.5,91333.0,91359.5,35542.0,49.969192852741834,11.97291174219572,-2.0846634995495945,143.21428571428572,91318.82,0.0002791560746889938,0,0 days 00:15:00
2026-01-04 23:15:00+05:30,91360.0,91382.5,91301.5,91302.0,41755.0,56.71328671328671,11.773245966964168,0.6869183937531582,134.5,91316.42,-0.0006295798720504725,0,0 days 00:15:00
2026-01-04 23:30:00+05:30,91302.0,91303.0,91201.5,91209.5,78673.0,51.88739603326935,4.103727243156754,1.3702801636338775,134.17857142857142,91313.47,-0.0010136348440506384,0,0 days 00:15:00
2026-01-04 23:45:00+05:30,91208.5,91229.0,91101.0,91144.5,81884.0,38.06179775280899,-7.1371062554680975,-0.3311971201865173,127.75,91307.42,-0.0007128991165851627,1,0 days 00:15:00
2026-01-05 00:00:00+05:30,91144.5,91211.0,90950.0,91199.0,230869.0,44.4672131147541,-11.515114195921342,-2.5679805353334824,138.5,91298.76,0.0005977729024932275,0,0 days 00:15:00
2026-01-05 00:15:00+05:30,91199.0,91206.5,91119.5,91177.0,46072.0,47.518248175182485,-16.568936779527576,-5.368171784172301,137.67857142857142,91292.12,-0.00024125981605815325,0,0 days 00:15:00
2026-01-05 00:30:00+05:30,91177.0,91181.5,90813.5,90981.5,206739.0,37.98133022170362,-35.93510619082372,-11.481558665502584,154.35714285714286,91286.38,-0.002146483145854325,1,0 days 00:15:00
2026-01-05 00:45:00+05:30,90980.0,91189.5,90964.0,91093.0,74084.0,37.7270064440539,-41.803927169021335,-17.546032366206333,152.57142857142858,91284.3,0.00122477352883748,0,0 days 00:15:00
2026-01-05 01:00:00+05:30,91092.0,91159.5,91014.5,91034.0,38486.0,37.52913752913753,-50.63216095912503,-24.163258084790076,147.35714285714286,91279.16,-0.000647899565291149,1,0 days 00:15:00
2026-01-05 01:15:00+05:30,91037.5,91150.5,91037.5,91112.5,20998.0,38.355376653249,-50.70975539914798,-29.47255754766165,147.0,91275.94,0.0008619435988077279,1,0 days 00:15:00
2026-01-05 01:30:00+05:30,91120.0,91259.5,91094.0,91230.0,51788.0,47.85145888594165,-40.819440440202015,-31.74193412616973,147.78571428571428,91271.21,0.001288783649051623,1,0 days 00:15:00
2026-01-05 01:45:00+05:30,91230.0,91319.0,91200.0,91305.0,34096.0,50.65261044176706,-26.62253338756273,-30.71805397844833,152.78571428571428,91267.57,0.0008217602566145347,0,0 days 00:15:00
2026-01-05 02:00:00+05:30,91305.0,91311.0,91226.5,91257.0,22084.0,47.39151633349586,-19.02526964675053,-28.379497112108773,149.03571428571428,91266.94,-0.0005258487648696968,1,0 days 00:15:00
2026-01-05 02:15:00+05:30,91257.0,91317.5,91224.0,91285.5,16272.0,47.64677341096555,-10.582681021944154,-24.82013389407585,146.89285714285714,91268.51,0.00031225605249803957,1,0 days 00:15:00
2026-01-05 02:30:00+05:30,91284.5,91395.5,91231.0,91322.5,43157.0,48.224568138195785,-0.895949979472789,-20.03529711115524,152.89285714285714,91267.43,0.0004052396445538789,0,0 days 00:15:00
2026-01-05 02:45:00+05:30,91322.0,91327.0,91271.5,91279.0,11623.0,48.88132295719844,3.2334939994470915,-15.381538889034772,151.07142857142858,91266.3,-0.0004764473547357224,0,0 days 00:15:00
2026-01-05 03:00:00+05:30,91280.0,91322.0,91180.0,91184.0,22681.0,48.7627365356623,-1.1463831566652516,-12.53450774256087,153.96428571428572,91263.86,-0.0010413070988003676,1,0 days 00:15:00
2026-01-05 03:15:00+05:30,91184.0,91274.5,91151.0,91257.0,15550.0,55.41646605681271,1.2585151758103166,-9.775903158886631,153.64285714285714,91263.32,0.0008002587564841109,0,0 days 00:15:00
2026-01-05 03:30:00+05:30,91228.5,91382.5,91121.5,91163.5,25196.0,48.35266821345708,-4.330336730970885,-8.686789873303484,153.64285714285714,91258.53,-0.0010251041762059294,1,0 days 00:15:00
2026-01-05 03:45:00+05:30,91163.5,91269.5,91115.5,91269.5,11771.0,53.981919931123535,-0.2038778347923653,-6.9902074656012605,158.42857142857142,91255.45,0.0011620705895162185,0,0 days 00:15:00
2026-01-05 04:00:00+05:30,91264.5,91275.5,91151.0,91174.5,5581.0,59.0951932139491,-4.546921402332373,-6.501550252947483,141.03571428571428,91248.81,-0.0010414155421497734,1,0 days 00:15:00
2026-01-05 04:15:00+05:30,91174.5,91240.0,91152.5,91190.5,4816.0,55.049197307094765,-6.621420819617924,-6.525524366281571,131.17857142857142,91243.62,0.00017547226760675842,1,0 days 00:15:00
2026-01-05 04:30:00+05:30,91193.0,91500.0,91193.0,91311.5,69502.0,63.5036496350365,1.481138563642162,-4.924191780296825,142.92857142857142,91238.84,0.0013260130599076203,1,0 days 00:15:00
2026-01-05 04:45:00+05:30,91320.5,91506.0,91257.0,91344.0,26374.0,61.79317371370352,10.405011145252502,-1.8583511951869596,152.39285714285714,91234.48,0.0003558611741006734,0,0 days 00:15:00
2026-01-05 05:00:00+05:30,91359.5,91419.5,91270.0,91297.0,14995.0,53.677277716794734,13.528785832895664,1.2190762104295654,151.25,91234.0,-0.0005146708683972681,1,0 days 00:15:00
2026-01-05 05:15:00+05:30,91280.0,91576.5,91239.0,91506.0,42390.0,59.61722488038278,32.49437812854012,7.474136594051677,166.85714285714286,91237.32,0.0022866155485956738,1,0 days 00:15:00
2026-01-05 05:30:00+05:30,91506.0,92081.5,91489.0,91876.0,234417.0,72.64081931236284,76.49882362365315,21.27907399997197,203.14285714285717,91248.02,0.004035297925406286,0,0 days 00:15:00
2026-01-05 05:45:00+05:30,91880.5,91979.5,91675.0,91832.0,54720.0,69.76491862567812,106.59348805859918,38.341956811697415,218.2142857142857,91259.21,-0.0004790210643124966,1,0 days 00:15:00
2026-01-05 06:00:00+05:30,91826.5,92046.0,91690.5,92023.0,80181.0,72.79531402538237,144.19365548703354,59.512296546764645,231.8571428571429,91275.19,0.0020777250410520726,1,0 days 00:15:00
2026-01-05 06:15:00+05:30,92025.0,92406.5,91947.5,92377.0,187745.0,79.72387655657823,200.24855981997095,87.65954920140592,260.67857142857144,91296.65,0.0038394841093082354,1,0 days 00:15:00
2026-01-05 06:30:00+05:30,92378.0,92945.5,92245.5,92917.5,245665.0,87.80806979280261,285.0009941569442,127.12783819251358,300.5357142857143,91333.59,0.005833972762310743,1,0 days 00:15:00
2026-01-05 06:45:00+05:30,92916.5,92945.5,92675.0,92938.5,120078.0,87.52510600312431,349.8298131485062,171.66823318371212,311.0357142857143,91370.26,0.000225981405920358,1,0 days 00:15:00
2026-01-05 07:00:00+05:30,92938.5,93373.5,92775.0,93163.5,244637.0,92.15851602023609,414.5836763111438,220.2513218091985,335.1428571428572,91410.37,0.002418030001061629,0,0 days 00:15:00
2026-01-05 07:15:00+05:30,93163.5,93226.0,92888.0,92926.5,112340.0,83.10027966440272,441.6861767797527,264.53829280330933,348.2857142857143,91445.64,-0.0025471559797738672,0,0 days 00:15:00
2026-01-05 07:30:00+05:30,92930.0,93125.0,92749.0,92831.5,117529.0,83.10027966440272,450.308521286177,301.6923384998829,366.25,91478.46,-0.0010228362523538462,0,0 days 00:15:00
2026-01-05 07:45:00+05:30,92830.5,92973.5,92692.5,92708.5,81647.0,79.08045977011494,442.1202325514751,329.77791731020136,380.07142857142856,91507.89,-0.0013258598471328862,1,0 days 00:15:00
2026-01-05 08:00:00+05:30,92708.5,92955.0,92708.5,92884.5,71498.0,79.51219512195122,444.7063854510489,352.7636109383709,375.57142857142856,91538.38,0.0018966238248066029,1,0 days 00:15:00
2026-01-05 08:15:00+05:30,92890.0,93051.0,92884.5,93000.0,68876.0,80.13100436681222,450.8783697974286,372.3865627101824,369.6785714285714,91574.26,0.0012427073248613054,0,0 days 00:15:00
2026-01-05 08:30:00+05:30,93000.0,93177.5,92919.0,92982.5,98088.0,81.00055177487585,449.1797436323686,387.7451988946197,377.4642857142857,91610.31,-0.00018818974959097944,0,0 days 00:15:00
2026-01-05 08:45:00+05:30,92983.5,93009.0,92898.0,92974.0,56091.0,79.15011914217634,442.0519910115109,398.606557317998,361.2857142857143,91643.5,-9.141922982980093e-05,0,0 days 00:15:00
2026-01-05 09:00:00+05:30,92974.0,93108.5,92910.5,92910.5,57985.0,73.3891024191725,426.3644128497399,404.15812842434633,333.10714285714283,91676.11,-0.0006832199830550069,0,0 days 00:15:00
2026-01-05 09:15:00+05:30,92910.5,92945.5,92834.5,92844.0,49879.0,72.64995523724261,403.9098782460933,404.1084783886957,319.2857142857143,91708.77,-0.0007159988354625424,0,0 days 00:15:00
2026-01-05 09:30:00+05:30,92844.0,92929.5,92725.5,92725.5,55718.0,66.2502891510525,372.261341126432,397.739050936243,308.4642857142857,91739.53,-0.0012771497051749115,0,0 days 00:15:00
2026-01-05 09:45:00+05:30,92725.5,92804.5,92384.5,92444.0,211414.0,51.60363810435615,320.7673437691556,382.3447095028256,305.67857142857144,91762.36,-0.003040459869018367,0,0 days 00:15:00
2026-01-05 10:00:00+05:30,92443.0,92534.5,92294.5,92370.5,115559.0,33.13810110974106,270.9043276770535,360.0566331376712,272.82142857142856,91784.81,-0.0007953921783731732,1,0 days 00:15:00
2026-01-05 10:15:00+05:30,92371.5,92607.5,92371.5,92565.5,76969.0,39.61581291759465,244.3061888279335,336.9065442757237,270.42857142857144,91809.82,0.002108838433479633,1,0 days 00:15:00
2026-01-05 10:30:00+05:30,92573.0,92681.5,92530.0,92610.0,60457.0,32.8690807799443,224.232932592,314.371821938979,238.5,91836.61,0.0004806251459466896,1,0 days 00:15:00
2026-01-05 10:45:00+05:30,92610.0,92695.0,92562.0,92676.5,48675.0,41.34948096885813,211.255504685294,293.748558488242,223.8571428571429,91864.3,0.0007178073184535826,0,0 days 00:15:00
2026-01-05 11:00:00+05:30,92676.5,92677.5,92509.0,92529.0,46387.0,39.89983305509181,186.9141522833379,272.3816772472612,209.03571428571428,91888.67,-0.0015928256038304435,0,0 days 00:15:00
2026-01-05 11:15:00+05:30,92529.0,92546.5,92316.0,92333.0,101488.0,38.045208532314554,150.07788869454816,247.92091953671857,205.42857142857144,91908.65,-0.0021205014923917262,1,0 days 00:15:00
2026-01-05 11:30:00+05:30,92333.0,92459.5,92323.0,92405.0,55514.0,33.65155131264916,125.25086863273464,223.38690935592177,197.57142857142856,91929.56,0.0007794823333105328,0,0 days 00:15:00
2026-01-05 11:45:00+05:30,92405.0,92437.0,92225.0,92248.5,88574.0,25.074626865671632,91.88780882779974,197.0870892502974,200.82142857142856,91948.49,-0.0016950671118825104,1,0 days 00:15:00
2026-01-05 12:00:00+05:30,92249.5,92400.0,92111.0,92389.0,131679.0,31.800061330880098,75.90948209940689,172.8515678201193,203.0,91972.08,0.0015219013160236389,1,0 days 00:15:00
2026-01-05 12:15:00+05:30,92390.0,92481.5,92337.0,92463.0,64559.0,34.93514150943396,68.42891862730903,151.96703798155727,205.39285714285717,91998.45,0.0008006405551792296,1,0 days 00:15:00
2026-01-05 12:30:00+05:30,92464.0,92597.5,92459.0,92594.0,83121.0,41.02636801814574,72.23840401381312,136.02131118800844,201.14285714285717,92026.35,0.0014157802394045398,0,0 days 00:15:00
2026-01-05 12:45:00+05:30,92593.0,92619.5,92519.0,92537.0,58718.0,41.24857468643101,69.85280533923651,122.78761001825406,200.39285714285717,92053.55,-0.0006157801967377329,0,0 days 00:15:00
2026-01-05 13:00:00+05:30,92538.0,92581.5,92511.0,92520.0,31744.0,43.7821482602118,65.83157782682974,111.3964035799692,190.8571428571429,92084.32,-0.00018372717646800317,0,0 days 00:15:00
2026-01-05 13:15:00+05:30,92511.5,92522.5,92498.5,92501.0,21945.0,52.05035971223021,60.4151565242064,101.20015416881664,162.57142857142858,92112.48,-0.00020538209248450488,1,0 days 00:15:00
2026-01-05 13:30:00+05:30,92501.5,92645.5,92498.5,92622.5,65779.0,58.76216968011127,65.1753374805703,93.9951908311674,155.92857142857142,92144.25,0.0013126374279390889,1,0 days 00:15:00
2026-01-05 13:45:00+05:30,92622.5,92754.5,92589.5,92674.0,103695.0,54.19080726149093,72.27034720443771,89.65022210582146,150.78571428571428,92175.48,0.0005558658833391549,0,0 days 00:15:00
2026-01-05 14:00:00+05:30,92673.0,92693.5,92448.5,92453.5,98654.0,44.678680720843246,59.415778216542094,83.6033333279656,157.46428571428572,92199.95,-0.0023821431637209923,0,0 days 00:15:00
2026-01-05 14:15:00+05:30,92452.5,92561.5,92424.0,92445.0,73111.0,41.80530973451327,47.98936914377555,76.4805404911276,157.78571428571428,92222.75,-9.194233599501994e-05,0,0 days 00:15:00
2026-01-05 14:30:00+05:30,92441.5,92520.0,92301.0,92415.0,99842.0,45.598455598455594,36.09700455235725,68.40383330337353,161.39285714285714,92245.91,-0.00032456994767242315,1,0 days 00:15:00
2026-01-05 14:45:00+05:30,92414.0,92645.5,92402.5,92616.5,64394.0,60.89965397923875,42.44233708556567,63.21153405981196,162.28571428571428,92272.53,0.0021780083894361556,1,0 days 00:15:00
2026-01-05 15:00:00+05:30,92618.0,92628.5,92516.0,92628.5,34969.0,59.008464328899635,47.88734306358674,60.14669586056692,160.57142857142858,92298.65,0.0001295581528978322,1,0 days 00:15:00
2026-01-05 15:15:00+05:30,92628.5,92836.0,92627.5,92663.0,125459.0,68.52928028609745,54.35978543310193,58.98931377507392,160.32142857142858,92326.33,0.00037238621737845784,1,0 days 00:15:00
2026-01-05 15:30:00+05:30,92663.0,92934.5,92642.0,92880.5,145795.0,70.55625261396905,76.16172990569612,62.423797001198366,160.57142857142858,92360.26,0.0023444647710572026,0,0 days 00:15:00
2026-01-05 15:45:00+05:30,92880.5,92916.5,92816.5,92859.5,81644.0,67.35229759299781,90.69987181552278,68.07901196406326,157.39285714285714,92392.31,-0.00022612253784301003,0,0 days 00:15:00
2026-01-05 16:00:00+05:30,92857.5,93005.0,92734.0,92829.0,143000.0,61.27639155470249,98.6234887327446,74.18790731779953,166.85714285714286,92425.62,-0.000328507153370136,1,0 days 00:15:00
2026-01-05 16:15:00+05:30,92830.0,93130.5,92829.0,93057.0,133844.0,71.43446001648805,121.89557049142604,83.72943995252484,181.2142857142857,92461.37,0.0024531176563907086,0,0 days 00:15:00
2026-01-05 16:30:00+05:30,93058.0,93058.0,92867.5,92869.0,83621.0,62.608381502890175,123.74240867282788,91.73203369658545,189.78571428571428,92495.26,-0.0020223106404977423,1,0 days 00:15:00
2026-01-05 16:45:00+05:30,92868.0,93142.0,92859.0,92944.5,100719.0,65.39396043040611,129.80198378732894,99.34602371473414,208.28571428571428,92530.34,0.0008126428290187753,1,0 days 00:15:00
2026-01-05 17:00:00+05:30,92945.5,93029.5,92872.5,92989.5,65305.0,63.45307917888563,136.66003285098122,106.80882554198357,209.0,92563.9,0.00048404273428874863,1,0 days 00:15:00
2026-01-05 17:15:00+05:30,92989.5,93120.0,92967.5,93102.0,61733.0,65.01754385964912,149.4501278968528,115.3370860129574,208.1071428571429,92599.06,0.001209082776001402,1,0 days 00:15:00
2026-01-05 17:30:00+05:30,93102.0,93159.5,93024.5,93126.0,101620.0,77.37077737077738,159.68225218752923,124.20611924787178,200.25,92635.64,0.0002577485677005859,0,0 days 00:15:00
2026-01-05 17:45:00+05:30,93126.0,93195.5,92886.0,92891.5,131860.0,65.34891715366106,147.17258031056554,128.79941146041054,212.53571428571428,92663.35,-0.0025212694958533844,0,0 days 00:15:00
2026-01-05 18:00:00+05:30,92890.5,92942.0,92765.0,92783.0,132050.0,62.00260926288324,127.03910427805386,128.4473500239392,209.53571428571428,92681.49,-0.0011687120455410084,1,0 days 00:15:00
2026-01-05 18:15:00+05:30,92782.0,92875.5,92720.5,92847.0,90662.0,58.258688642063774,114.9226873947191,125.7424174980952,203.25,92701.79,0.000689543743315587,1,0 days 00:15:00
2026-01-05 18:30:00+05:30,92847.0,92990.0,92778.0,92901.0,98500.0,59.47826086956522,108.42780023661908,122.27949404579998,210.3571428571429,92719.35,0.0005814329254828112,0,0 days 00:15:00
2026-01-05 18:45:00+05:30,92901.0,92902.0,92675.5,92764.5,138650.0,53.29652484572914,91.21468009582895,116.06653125580578,211.64285714285717,92727.1,-0.0014703865240787166,0,0 days 00:15:00
2026-01-05 19:00:00+05:30,92765.5,92765.5,92504.0,92570.5,209524.0,39.77572559366755,61.21335029781039,105.0958950642067,209.42857142857144,92720.16,-0.0020935071179734852,1,0 days 00:15:00
2026-01-05 19:15:00+05:30,92569.5,92730.0,92551.0,92718.0,94910.0,45.692541856925416,48.77682865777752,93.83208178292088,215.07142857142856,92715.75,0.0015921120971584177,0,0 days 00:15:00
2026-01-05 19:30:00+05:30,92717.0,92854.0,92679.0,92716.5,205167.0,46.51378989773783,38.35759570723167,82.73718456778303,208.2142857142857,92706.81,-1.6178219263728806e-05,1,0 days 00:15:00
2026-01-05 19:45:00+05:30,92717.5,92809.5,92667.0,92744.0,71729.0,38.9242745930644,31.95098760401015,72.57994517502846,196.8571428571429,92703.16,0.0002965591077512998,1,0 days 00:15:00
2026-01-05 20:00:00+05:30,92750.0,93317.5,92380.0,93267.0,725630.0,61.38443935926774,68.28824920287298,71.72160598059736,250.2142857142857,92711.87,0.005623338170199434,1,0 days 00:15:00
2026-01-05 20:15:00+05:30,93259.0,93635.0,92892.0,93397.0,729501.0,62.552011095700415,106.34977040764352,78.6472388660066,283.07142857142856,92725.64,0.001392877266294787,1,0 days 00:15:00
2026-01-05 20:30:00+05:30,93400.0,93509.5,93123.0,93399.5,339878.0,61.64772727272727,135.15751755774545,89.94929460435438,299.4642857142857,92735.94,2.6767096815431455e-05,0,0 days 00:15:00
2026-01-05 20:45:00+05:30,93399.5,93759.5,93177.5,93344.0,428672.0,57.10510863182618,151.76008278864902,102.31145224121332,330.1428571428572,92742.82,-0.0005943982160991629,1,0 days 00:15:00
2026-01-05 21:00:00+05:30,93343.0,93941.5,93269.5,93814.0,466638.0,66.00744532340624,200.53120845058584,121.95540348308784,368.5,92759.45,0.005022504920981352,1,0 days 00:15:00
2026-01-05 21:15:00+05:30,93814.0,93989.0,93678.0,93908.5,265872.0,75.311100049776,243.9954099412862,146.3634047747275,368.6071428571428,92778.14,0.0010068053428070592,0,0 days 00:15:00
2026-01-05 21:30:00+05:30,93909.5,94020.5,93721.5,93875.5,224370.0,78.251874838376,272.6355061526119,171.61782505030442,377.32142857142856,92797.44,-0.0003514676472937476,0,0 days 00:15:00
2026-01-05 21:45:00+05:30,93875.5,94041.0,93628.5,93788.0,282970.0,74.04190086867655,284.987313655467,194.2917227713369,395.7142857142857,92816.32,-0.0009325202433162468,0,0 days 00:15:00
2026-01-05 22:00:00+05:30,93795.5,93879.0,93675.5,93680.0,125736.0,69.36847339632024,282.8015524265793,211.9936887023854,395.1071428571428,92835.41,-0.001152196769027377,0,0 days 00:15:00
2026-01-05 22:15:00+05:30,93679.0,93766.5,93537.0,93655.5,240476.0,73.45971563981043,275.9118357666157,224.77731811523148,395.32142857142856,92859.64,-0.0002615628125974935,0,0 days 00:15:00
2026-01-05 22:30:00+05:30,93675.5,93740.0,93576.0,93638.5,108272.0,81.01045296167247,266.0134898277174,233.02455245772867,388.3571428571428,92885.0,-0.00018153277784326762,0,0 days 00:15:00
2026-01-05 22:45:00+05:30,93638.5,93669.5,93210.0,93404.5,368939.0,68.9798175283384,236.5602160598792,233.7316851781588,408.3928571428572,92901.78,-0.0025020997533166268,1,0 days 00:15:00
2026-01-05 23:00:00+05:30,93403.5,93848.5,93403.5,93753.0,269340.0,74.04314544189283,238.5890162012074,234.7031513827685,427.6785714285714,92924.64,0.003724140392826651,1,0 days 00:15:00
2026-01-05 23:15:00+05:30,93756.5,94440.0,93756.5,94282.0,401741.0,78.94241625893865,279.65899903327227,243.6943209128693,466.57142857142856,92956.75,0.005626626911271173,0,0 days 00:15:00
2026-01-05 23:30:00+05:30,94283.0,94383.0,94037.5,94172.5,219534.0,70.18052150657455,299.91429613494256,254.938315957284,424.2857142857143,92989.62,-0.001162084347391665,0,0 days 00:15:00
2026-01-05 23:45:00+05:30,94178.0,94192.5,93914.5,93991.5,165765.0,62.954892133362385,297.92725772588165,263.5361043110035,391.07142857142856,93022.79,-0.0019238542529565839,0,0 days 00:15:00
2026-01-06 00:00:00+05:30,93991.5,94084.5,93874.0,93967.5,94245.0,62.26252158894646,291.0607489128015,269.0410332313631,378.5,93054.04,-0.0002553748437736778,1,0 days 00:15:00
2026-01-06 00:15:00+05:30,93967.5,94480.0,93945.0,94409.0,236745.0,69.70762398223539,317.5834471485577,278.74951601480205,375.1428571428572,93097.25,0.0046874297843533825,0,0 days 00:15:00
2026-01-06 00:30:00+05:30,94409.0,94416.0,94176.5,94280.0,107555.0,59.86869970351545,324.45355605521763,287.8903240228852,344.25,93135.07,-0.0013673295221035215,1,0 days 00:15:00
2026-01-06 00:45:00+05:30,94280.0,94417.5,94193.5,94370.5,71937.0,59.800593975392445,333.35801681052544,296.98386258041324,338.0357142857143,93173.22,0.0009594462452247278,0,0 days 00:15:00
2026-01-06 01:00:00+05:30,94370.5,94459.5,94126.0,94222.0,112691.0,57.00707785642063,324.68934057255683,302.524958178842,340.5,93205.78,-0.0015748243508186903,1,0 days 00:15:00
2026-01-06 01:15:00+05:30,94223.0,94306.0,94087.5,94257.5,56737.0,59.69840941954142,317.02938807188184,305.42584415744994,326.6428571428572,93240.19,0.00037669879663086513,1,0 days 00:15:00
2026-01-06 01:30:00+05:30,94258.5,94498.0,94152.0,94372.5,116983.0,64.26364572605561,316.588919439484,307.6584592138568,336.82142857142856,93277.24,0.0012193183931284081,1,0 days 00:15:00
2026-01-06 01:45:00+05:30,94371.5,94770.0,94252.0,94694.0,164999.0,69.05854285189943,338.28269564555376,313.78330650019615,357.42857142857144,93321.1,0.0034009230601910216,0,0 days 00:15:00
2026-01-06 02:00:00+05:30,94695.5,94695.5,94109.0,94139.5,133105.0,57.679337829552416,307.1905522668967,312.46475565353626,387.6071428571428,93351.44,-0.0058729154919758405,0,0 days 00:15:00
2026-01-06 02:15:00+05:30,94136.5,94223.5,93989.0,94139.5,77236.0,62.13672391017173,279.3298638389824,305.8377772906255,371.5357142857143,93380.75,0.0,0,0 days 00:15:00
2026-01-06 02:30:00+05:30,94139.5,94179.0,93929.0,93954.5,61284.0,53.51719322743934,239.5606080753496,292.58234344757034,357.60714285714283,93410.77,-0.00196710218991197,0,0 days 00:15:00
2026-01-06 02:45:00+05:30,93953.5,94104.0,93792.0,93800.5,78377.0,40.32938341032335,193.3874235531257,272.74335946868143,330.82142857142856,93437.88,-0.0016404360420216569,1,0 days 00:15:00
2026-01-06 03:00:00+05:30,93800.5,94104.0,93764.5,94048.5,45724.0,47.64079147640792,174.79148213480948,253.15298400190707,330.3928571428572,93470.55,0.0026404201681588407,1,0 days 00:15:00
2026-01-06 03:15:00+05:30,94049.5,94203.0,94037.0,94058.0,26619.0,51.35355180134337,158.98792139813304,234.3199714811523,322.3928571428572,93499.38,0.00010100661070267395,1,0 days 00:15:00
2026-01-06 03:30:00+05:30,94058.0,94196.0,93963.5,94150.0,21407.0,53.61457714398891,152.13341744321224,217.8826606735643,323.9642857142857,93529.81,0.000977641835922771,1,0 days 00:15:00
2026-01-06 03:45:00+05:30,94161.5,94370.5,94161.5,94211.5,40382.0,45.39519701562136,149.93534833386366,204.29319820562415,301.5,93560.78,0.0006529997073217484,1,0 days 00:15:00
2026-01-06 04:00:00+05:30,94226.5,94323.0,94162.5,94230.0,17769.0,48.77089478859391,147.9803329537972,193.0306251552588,295.85714285714283,93587.77,0.0001963474081817309,0,0 days 00:15:00
2026-01-06 04:15:00+05:30,94233.5,94306.5,94014.5,94134.0,18306.0,44.20201029664133,137.10412052834,181.84532422987505,300.7142857142857,93613.26,-0.0010193031397913797,0,0 days 00:15:00
2026-01-06 04:30:00+05:30,94147.0,94147.0,93971.0,94009.5,19145.0,44.72835524683701,117.08880742544716,168.8940208689895,289.4642857142857,93636.87,-0.0013234580856871226,0,0 days 00:15:00
2026-01-06 04:45:00+05:30,94009.5,94101.0,93909.0,93960.0,13896.0,42.67060852426706,96.124230978181,154.34006289082782,287.57142857142856,93654.93,-0.0005266812024742797,0,0 days 00:15:00
2026-01-06 05:00:00+05:30,93959.0,94017.0,93826.0,93883.5,26372.0,37.7197388247112,72.50099608668825,137.9722495299999,276.5,93675.22,-0.0008145078667009842,0,0 days 00:15:00
2026-01-06 05:15:00+05:30,93873.5,93953.5,93824.0,93832.0,15092.0,24.95642068564787,49.05827933597902,120.18945549119574,248.75,93692.97,-0.0005487027048070957,0,0 days 00:15:00
2026-01-06 05:30:00+05:30,93831.0,93960.0,93683.0,93689.0,73143.0,32.798778159602904,18.72500234511972,99.89656486198056,226.64285714285717,93706.96,-0.0015251628107744337,1,0 days 00:15:00
2026-01-06 05:45:00+05:30,93690.0,93787.5,93633.5,93772.5,43389.0,36.82699210337402,1.4071927101613255,80.19869043161671,220.89285714285717,93720.37,0.0008908496466977625,0,0 days 00:15:00
2026-01-06 06:00:00+05:30,93769.0,93769.0,93519.0,93617.5,63454.0,37.63756419662509,-24.541600510507124,59.25063224319194,221.14285714285717,93730.2,-0.0016543042355443868,1,0 days 00:15:00
2026-01-06 06:15:00+05:30,93613.5,93800.5,93545.0,93783.0,41469.0,49.36340487449982,-31.389896047941875,41.12252658496519,217.1071428571429,93748.03,0.0017662710934713663,1,0 days 00:15:00
2026-01-06 06:30:00+05:30,93777.0,93945.5,93762.5,93875.5,59915.0,42.904019688269074,-29.018732767610345,27.09427471445008,205.92857142857144,93769.88,0.000985833388751057,1,0 days 00:15:00
2026-01-06 06:45:00+05:30,93874.5,94135.0,93845.0,94080.5,68316.0,50.79533404029693,-10.477009596215794,19.580017852316907,214.78571428571428,93794.55,0.002181362460239033,0,0 days 00:15:00
2026-01-06 07:00:00+05:30,94080.5,94085.5,93779.5,93796.0,41878.0,38.98568761667704,-18.525779081930523,11.95885846546742,220.03571428571428,93812.45,-0.003028587582384412,0,0 days 00:15:00
2026-01-06 07:15:00+05:30,93800.0,93934.5,93697.0,93746.0,56829.0,35.41209652146662,-28.609279059804976,3.845230960412941,221.25,93832.08,-0.0005332139060547036,0,0 days 00:15:00
2026-01-06 07:30:00+05:30,93745.0,93839.5,93653.5,93717.5,49184.0,34.0392401121146,-38.456929708481766,-4.615201173366,223.07142857142856,93855.02,-0.0003040591925315602,0,0 days 00:15:00
2026-01-06 07:45:00+05:30,93718.5,93744.0,93632.0,93659.0,28633.0,34.85331632653062,-50.40073657329776,-13.772308253352351,210.2142857142857,93873.84,-0.0006244112991833496,0,0 days 00:15:00
2026-01-06 08:00:00+05:30,93659.0,93679.0,93481.0,93588.5,70546.0,36.09643328929987,-64.8079842699517,-23.979443456672225,211.78571428571428,93891.28,-0.0007530140945145189,1,0 days 00:15:00
2026-01-06 08:15:00+05:30,93588.5,93634.5,93509.0,93597.0,45265.0,37.67820773930754,-74.67909874145698,-34.11937451362918,207.03571428571428,93908.34,9.081900046565749e-05,1,0 days 00:15:00
2026-01-06 08:30:00+05:30,93596.0,93737.0,93572.0,93737.0,51108.0,45.232671656361866,-70.3937428574136,-41.37424818238607,205.17857142857144,93917.74,0.001494656880900626,1,0 days 00:15:00
2026-01-06 08:45:00+05:30,93737.0,93803.5,93708.5,93762.5,48469.0,47.69943727242635,-64.19987436869997,-45.939373419648845,202.7142857142857,93925.05,0.0002720007270122895,0,0 days 00:15:00
2026-01-06 09:00:00+05:30,93762.5,93910.5,93739.0,93740.0,61874.0,51.834532374100725,-60.41037769669492,-48.83357427505806,195.17857142857144,93931.86,-0.00023999680119458897,0,0 days 00:15:00
2026-01-06 09:15:00+05:30,93740.0,93802.5,93705.0,93734.5,32673.0,48.551829268292686,-57.19170790869976,-50.5052010017864,191.14285714285717,93939.67,-5.867464643536985e-05,1,0 days 00:15:00
2026-01-06 09:30:00+05:30,93735.0,93959.5,93699.0,93924.5,84311.0,61.39569413511507,-38.861505563007086,-48.17646191403055,191.64285714285717,93941.88,0.0020249502014117087,0,0 days 00:15:00
2026-01-06 09:45:00+05:30,93925.5,93976.0,93809.0,93838.0,40151.0,52.16876971608833,-30.95765465896693,-44.73270046301783,185.32142857142856,93940.47,-0.0009213768044141996,0,0 days 00:15:00
2026-01-06 10:00:00+05:30,93838.0,93913.5,93776.0,93793.0,29368.0,46.6202376075379,-28.002128683918272,-41.38658610719792,182.07142857142856,93938.82,-0.0004796648833380095,0,0 days 00:15:00
2026-01-06 10:15:00+05:30,93794.0,93825.0,93767.5,93767.5,18882.0,34.966378482228635,-27.40162111162499,-38.589593108083335,165.46428571428572,93938.41,-0.00027191226465186566,0,0 days 00:15:00
2026-01-06 10:30:00+05:30,93767.0,93793.0,93623.5,93705.5,61313.0,44.47159437996335,-31.564737730353954,-37.18462203253746,155.71428571428572,93938.92,-0.0006614286031626636,0,0 days 00:15:00
2026-01-06 10:45:00+05:30,93705.0,93770.5,93637.5,93663.0,37967.0,44.88286066584464,-37.857040064336616,-37.3191056388973,148.25,93939.07,-0.0004536515020281254,0,0 days 00:15:00
2026-01-06 11:00:00+05:30,93664.0,93746.0,93561.0,93584.0,46187.0,42.25188624492165,-48.65748160731164,-39.58678083258017,148.17857142857142,93937.98,-0.000843805291271736,0,0 days 00:15:00
2026-01-06 11:15:00+05:30,93580.0,93631.5,93529.5,93561.0,43758.0,44.06779661016949,-58.399622626937344,-43.34934919145161,147.46428571428572,93941.11,-0.0002457987134660353,1,0 days 00:15:00
2026-01-06 11:30:00+05:30,93562.0,93773.5,93509.0,93723.0,71275.0,57.32970027247956,-52.4437545069668,-45.16823025455465,152.21428571428572,93940.51,0.0017299933833519897,1,0 days 00:15:00
2026-01-06 11:45:00+05:30,93723.0,93730.5,93615.0,93727.5,34361.0,57.14285714285714,-46.82085208242643,-45.498754620129006,151.5,93929.42,4.8012675355418535e-05,1,0 days 00:15:00
2026-01-06 12:00:00+05:30,93727.5,93908.5,93727.5,93877.5,90478.0,57.60693015701138,-29.916061270225327,-42.38221595014827,152.64285714285714,93923.52,0.0015991048422398192,0,0 days 00:15:00
2026-01-06 12:15:00+05:30,93876.5,93916.5,93736.5,93737.5,55327.0,48.79576107899807,-27.498734437089297,-39.40551964753648,158.71428571428572,93918.44,-0.0014924182606433796,0,0 days 00:15:00
2026-01-06 12:30:00+05:30,93738.5,93750.0,93509.0,93520.5,89339.0,41.09533468559838,-42.60198282208876,-40.04481228244694,163.67857142857142,93909.5,-0.0023176590280297666,0,0 days 00:15:00
2026-01-06 12:45:00+05:30,93520.5,93570.0,93285.0,93368.0,184204.0,36.71620152229069,-66.11476166706416,-45.25880215937039,177.07142857142858,93888.68,-0.0016319894894254012,0,0 days 00:15:00
2026-01-06 13:00:00+05:30,93369.5,93389.5,93175.0,93247.5,135317.0,24.160305343511453,-93.395545529449,-54.88615083338611,173.78571428571428,93868.03,-0.001291425596987338,0,0 days 00:15:00
2026-01-06 13:15:00+05:30,93243.5,93311.0,93098.5,93216.5,135430.0,25.22917497010762,-116.17797681162484,-67.14451602903387,177.03571428571428,93844.95,-0.0003325038643985878,1,0 days 00:15:00
2026-01-06 13:30:00+05:30,93217.0,93388.0,93177.0,93347.5,82375.0,33.38306602014174,-122.25335201204872,-78.16628322563685,182.28571428571428,93827.46,0.001404344048472886,0,0 days 00:15:00
2026-01-06 13:45:00+05:30,93347.5,93368.5,93210.0,93302.5,54584.0,32.904411764705884,-129.20980435411911,-88.37498745133331,189.5,93808.36,-0.0004821859187987238,0,0 days 00:15:00
2026-01-06 14:00:00+05:30,93314.5,93314.5,93193.5,93220.5,32167.0,32.42753623188406,-139.7288504414464,-98.64576004935591,186.03571428571428,93785.32,-0.000879248192262597,0,0 days 00:15:00
2026-01-06 14:15:00+05:30,93219.5,93301.5,93139.0,93205.5,53303.0,33.08687615526803,-147.57449794074637,-108.43150762763402,188.14285714285717,93755.55,-0.00016092176018764752,1,0 days 00:15:00
2026-01-06 14:30:00+05:30,93206.5,93499.5,93195.5,93331.5,104936.0,40.978921043229725,-141.9883300505462,-115.14287211221648,196.64285714285717,93739.39,0.0013509386251829264,1,0 days 00:15:00
2026-01-06 14:45:00+05:30,93331.5,93540.0,93331.5,93440.0,81147.0,45.92592592592593,-127.33833150351713,-117.5819639904766,204.25,93725.4,0.0011618476288434083,0,0 days 00:15:00
2026-01-06 15:00:00+05:30,93441.0,93455.5,93347.0,93425.5,53663.0,38.87850467289719,-115.56595849370932,-117.17876289112316,193.1071428571429,93714.82,-0.00015519183615058518,1,0 days 00:15:00
2026-01-06 15:15:00+05:30,93426.5,93530.0,93393.0,93430.0,34093.0,38.87850467289719,-104.66662398751942,-114.67633511040243,194.64285714285717,93707.41,4.816556109795254e-05,1,0 days 00:15:00
2026-01-06 15:30:00+05:30,93430.0,93624.5,93368.5,93560.5,76385.0,37.9742033383915,-84.52422089590982,-108.64591226750392,200.0,93697.65,0.0013957930610067953,0,0 days 00:15:00
2026-01-06 15:45:00+05:30,93560.5,93629.5,93477.5,93560.0,84602.0,42.46924056003394,-67.81978290792904,-100.48068639558896,198.0,93687.69,-5.344149892760592e-06,0,0 days 00:15:00
2026-01-06 16:00:00+05:30,93561.0,93595.0,93522.5,93556.5,38130.0,51.865284974093264,-54.23858752810338,-91.23226662209184,185.9642857142857,93675.82,-3.740984894869571e-05,0,0 days 00:15:00
2026-01-06 16:15:00+05:30,93556.5,93607.5,93470.5,93545.0,58896.0,60.740291262135926,-43.89732519314566,-81.7652783363026,175.39285714285714,93662.49,-0.0001229279296476222,1,0 days 00:15:00
2026-01-06 16:30:00+05:30,93547.0,93775.5,93539.5,93752.5,151050.0,77.71679473106477,-18.742235612298828,-69.16066979150185,176.92857142857142,93652.94,0.0022157272242556546,1,0 days 00:15:00
2026-01-06 16:45:00+05:30,93752.5,93807.5,93657.0,93804.0,93183.0,81.53515834675255,5.28801674436545,-54.27093248432839,172.5,93646.34,0.0005491678645560812,0,0 days 00:15:00
2026-01-06 17:00:00+05:30,93804.0,93805.0,93733.0,93764.5,49883.0,74.82142857142857,20.90387808653759,-39.2359703701552,162.57142857142858,93641.44,-0.000421179468662557,1,0 days 00:15:00
2026-01-06 17:15:00+05:30,93763.5,93875.0,93751.5,93809.5,91786.0,80.17857142857143,36.49005004309584,-24.090766287505,160.07142857142858,93638.43,0.0004798106439412818,1,0 days 00:15:00
2026-01-06 17:30:00+05:30,93809.0,93959.5,93767.5,93866.5,106518.0,89.6319018404908,52.832605849034735,-8.706091860197052,165.14285714285714,93638.09,0.0006074298445470463,0,0 days 00:15:00
2026-01-06 17:45:00+05:30,93861.0,93943.0,93822.5,93841.5,55549.0,88.54545454545455,63.04021959043166,5.64317042992869,162.14285714285714,93638.28,-0.0002663711738212051,0,0 days 00:15:00
2026-01-06 18:00:00+05:30,93835.0,93843.0,93745.0,93795.5,74850.0,81.14093959731544,66.6497150335199,17.84447935064693,147.42857142857142,93640.41,-0.0004903084244743049,1,0 days 00:15:00
2026-01-06 18:15:00+05:30,93798.0,93881.5,93782.0,93828.0,52152.0,78.99850523168908,71.31071898427035,28.537727277371616,139.64285714285714,93641.52,0.00034643848265341926,0,0 days 00:15:00
2026-01-06 18:30:00+05:30,93828.0,93836.5,93713.0,93789.5,67493.0,76.26262626262627,71.07861986896023,37.04590579568934,140.71428571428572,93644.96,-0.0004104094824885713,0,0 days 00:15:00
2026-01-06 18:45:00+05:30,93770.0,93826.0,93689.0,93697.5,69667.0,67.13645099295323,62.747731731666136,42.18627098288471,140.71428571428572,93643.25,-0.0009814014559317247,0,0 days 00:15:00
2026-01-06 19:00:00+05:30,93696.5,93734.5,93628.0,93666.5,98243.0,57.78267254038179,53.032674282439984,44.35555164279577,130.03571428571428,93639.07,-0.0003309066873345065,1,0 days 00:15:00
2026-01-06 19:15:00+05:30,93667.5,93715.5,93600.0,93688.0,82606.0,59.116809116809115,46.53190079050546,44.7908214723377,127.42857142857144,93631.22,0.00022951143521363835,1,0 days 00:15:00
2026-01-06 19:30:00+05:30,93687.0,94159.5,93687.0,94072.5,325933.0,73.82271468144044,71.58078878639208,50.148814935148586,156.0,93636.75,0.004095648844966298,1,0 days 00:15:00
2026-01-06 19:45:00+05:30,94073.5,94425.0,94001.0,94296.5,381263.0,79.0042454650714,108.25919631836588,61.77089121179205,176.5,93647.76,0.0023783117772617456,0,0 days 00:15:00
2026-01-06 20:00:00+05:30,94296.5,94323.0,93969.0,94064.0,398744.0,61.794774706550555,117.21510881413997,72.85973473226164,184.92857142857144,93654.69,-0.002468671702165018,0,0 days 00:15:00
2026-01-06 20:15:00+05:30,94071.5,94124.5,93481.0,93805.0,729079.0,50.032722513089006,102.23509599671524,78.73480698515236,220.14285714285717,93657.61,-0.002757242164324902,0,0 days 00:15:00
2026-01-06 20:30:00+05:30,93805.0,93933.0,93654.5,93721.5,265443.0,48.6323155216285,82.67257773809251,79.5223611357404,234.89285714285717,93660.27,-0.0008905408624209968,1,0 days 00:15:00
2026-01-06 20:45:00+05:30,93760.0,94283.5,93760.0,94094.0,331966.0,57.488812845485654,96.11878049570078,82.84164500773248,266.2142857142857,93670.21,0.003966663969934097,0,0 days 00:15:00
2026-01-06 21:00:00+05:30,94095.0,94142.5,93309.5,93446.5,396546.0,41.566265060240966,53.905762365684495,77.05446847932289,312.0,93664.4,-0.006905202586424219,1,0 days 00:15:00
2026-01-06 21:15:00+05:30,93442.5,93621.5,93301.0,93617.0,219314.0,45.74084613925251,33.819713832301204,68.40751754991857,326.2857142857143,93661.49,0.0018229109068776425,0,0 days 00:15:00
2026-01-06 21:30:00+05:30,93618.0,93737.0,93330.0,93450.0,231478.0,43.73299473970614,4.375434054498328,55.60110085083452,348.35714285714283,93655.69,-0.001785457021969041,0,0 days 00:15:00
2026-01-06 21:45:00+05:30,93451.5,93466.5,92784.5,92814.5,478379.0,34.91591010567049,-69.43846530481824,30.59318761970397,389.9642857142857,93637.29,-0.006823656315176836,0,0 days 00:15:00
2026-01-06 22:00:00+05:30,92815.5,92978.5,92355.0,92525.0,504857.0,32.48857498961364,-149.57256348883675,-5.439962602004172,425.6785714285714,93609.3,-0.0031239993141754185,1,0 days 00:15:00
2026-01-06 22:15:00+05:30,92527.5,92689.5,92302.5,92661.0,307283.0,35.81885346832672,-199.80215535961904,-44.31240115352716,443.5357142857143,93585.76,0.001468793801367505,0,0 days 00:15:00
2026-01-06 22:30:00+05:30,92660.0,92741.0,92508.5,92581.5,163202.0,35.34971644612476,-243.22075690671045,-84.09407230416382,452.5357142857143,93561.53,-0.0008583343982173552,0,0 days 00:15:00
2026-01-06 22:45:00+05:30,92582.5,92676.5,92353.0,92487.5,215530.0,34.10144351741491,-281.96500875236234,-123.66825959380353,467.3928571428572,93535.93,-0.0010158374237005771,0,0 days 00:15:00
2026-01-06 23:00:00+05:30,92487.5,92627.5,92004.0,92208.0,320118.0,24.601552921945242,-331.4032116656017,-165.21525000816317,478.1785714285714,93505.98,-0.0030266055573588534,0,0 days 00:15:00
2026-01-06 23:15:00+05:30,92209.0,92209.0,91496.0,91557.0,516995.0,16.571079926784634,-418.2917955814919,-215.83055912282893,498.82142857142856,93463.86,-0.007085165546479856,1,0 days 00:15:00
2026-01-06 23:30:00+05:30,91556.5,91941.0,91218.0,91794.0,401789.0,22.330570453437346,-462.69405596480647,-265.20325849122446,525.1785714285714,93428.06,0.0025852068654662564,1,0 days 00:15:00
2026-01-06 23:45:00+05:30,91790.0,92099.5,91766.0,91968.0,162783.0,27.134677620114516,-478.3289430917357,-307.8283954113267,503.0357142857143,93396.2,0.0018937544432629004,0,0 days 00:15:00
2026-01-07 00:00:00+05:30,91968.0,92051.5,91792.5,91913.5,132255.0,27.331995987963893,-489.47503479411534,-344.15772328788444,501.6428571428572,93360.01,-0.0005927730804441881,1,0 days 00:15:00
2026-01-07 00:15:00+05:30,91913.5,92209.0,91908.5,92016.0,142914.0,22.054868208714367,-484.4530264721252,-372.21678392473257,482.9642857142857,93325.78,0.0011145575952829043,1,0 days 00:15:00
2026-01-07 00:30:00+05:30,92025.0,92231.5,91871.5,92198.0,103969.0,30.807071483474246,-460.47905383841135,-389.8692379074684,449.1785714285714,93292.19,0.001975963381905859,1,0 days 00:15:00
2026-01-07 00:45:00+05:30,92198.0,92316.0,92096.5,92224.0,78459.0,27.590090090090087,-434.37432822694245,-398.7702559713632,441.9642857142857,93261.92,0.00028196202375254883,0,0 days 00:15:00
2026-01-07 01:00:00+05:30,92222.0,92284.0,92031.0,92091.0,66739.0,27.895250487963565,-419.5814596911368,-402.93249671531794,430.9642857142857,93233.33,-0.0014431817604000888,0,0 days 00:15:00
2026-01-07 01:15:00+05:30,92092.0,92169.5,92011.0,92083.0,41623.0,35.05007153075823,-403.8482269671804,-403.1156427656904,393.57142857142856,93207.63,-8.687436885807448e-05,1,0 days 00:15:00
2026-01-07 01:30:00+05:30,92071.0,92478.0,92071.0,92404.0,119618.0,47.55851493139629,-361.3125235285552,-394.7550189182634,378.1071428571428,93190.76,0.0034799235061429945,1,0 days 00:15:00
2026-01-07 01:45:00+05:30,92405.0,92558.0,92364.5,92474.5,81735.0,46.134715025906736,-318.2453766917024,-379.4530904729512,364.2857142857143,93175.92,0.0007626630832382442,1,0 days 00:15:00
2026-01-07 02:00:00+05:30,92475.5,92679.0,92460.5,92611.0,64622.0,50.59728690018222,-269.98769325324974,-357.5600110290109,363.2857142857143,93161.19,0.0014749942566817025,0,0 days 00:15:00
2026-01-07 02:15:00+05:30,92617.5,92639.5,92460.0,92492.0,34388.0,50.09019843656044,-238.59506157634317,-333.7670211384774,353.0,93144.98,-0.0012857708021404078,1,0 days 00:15:00
2026-01-07 02:30:00+05:30,92467.5,92891.0,92347.0,92869.0,98136.0,62.75077160493827,-181.2065887630888,-303.2549346633997,347.32142857142856,93137.95,0.004067743698371917,1,0 days 00:15:00
2026-01-07 02:45:00+05:30,92851.0,93836.0,92847.0,93498.5,229926.0,87.7650262594826,-83.96255349616695,-259.3964584299532,367.0357142857143,93143.81,0.006755495395112807,1,0 days 00:15:00
2026-01-07 03:00:00+05:30,93497.5,93746.5,93441.0,93592.0,52635.0,87.04161516275236,0.6413208981102798,-207.3889025643405,337.2142857142857,93149.02,0.0009995163600945147,0,0 days 00:15:00
2026-01-07 03:15:00+05:30,93595.5,93629.5,93109.5,93216.5,71815.0,73.74928666539851,36.96468321957218,-158.51818540755798,350.5357142857143,93144.55,-0.0040201650966337635,0,0 days 00:15:00
2026-01-07 03:30:00+05:30,93217.5,93500.0,93056.0,93066.0,41572.0,71.15066984767847,52.99621001594642,-116.2153063228571,363.75,93137.36,-0.001615825777997886,1,0 days 00:15:00
2026-01-07 03:45:00+05:30,93073.0,93194.5,92931.0,93144.5,45153.0,70.89427883725236,71.21468588185962,-78.72930788191377,361.1071428571428,93131.65,0.0008431318819323192,0,0 days 00:15:00
2026-01-07 04:00:00+05:30,93144.5,93150.5,92929.0,93005.5,24527.0,65.1928504233302,73.58853807445848,-48.26573869063933,351.2142857142857,93120.55,-0.0014934195630870466,1,0 days 00:15:00
2026-01-07 04:15:00+05:30,92989.5,93333.0,92989.5,93329.5,34682.0,68.70241921840636,100.45593180853756,-18.521404590803947,360.07142857142856,93115.94,0.0034776110396001606,1,0 days 00:15:00
2026-01-07 04:30:00+05:30,93323.5,93518.0,93291.5,93449.0,43034.0,73.07953772943576,129.89385075338942,11.161646478034728,358.17857142857144,93113.79,0.0012795907056250327,1,0 days 00:15:00
2026-01-07 04:45:00+05:30,93449.5,93545.0,93362.0,93502.5,28327.0,73.75732217573221,155.74528182695212,40.07837354781821,359.92857142857144,93112.94,0.0005723409703631793,1,0 days 00:15:00
2026-01-07 05:00:00+05:30,93505.5,93629.5,93499.0,93509.0,33117.0,70.66965955854845,174.7428955532232,67.01127794889922,340.17857142857144,93108.07,6.951444165317359e-05,1,0 days 00:15:00
2026-01-07 05:15:00+05:30,93509.0,93752.5,93504.0,93717.0,22039.0,72.10460772104608,204.22828641507655,94.45467964213468,344.10714285714283,93106.33,0.0022219145372224503,0,0 days 00:15:00
2026-01-07 05:30:00+05:30,93717.0,93718.0,93510.0,93539.0,24474.0,66.26928471248246,210.8025580428512,117.72425532227798,343.35714285714283,93101.82,-0.0019011412570244187,0,0 days 00:15:00
2026-01-07 05:45:00+05:30,93535.5,93539.5,93310.0,93334.0,44431.0,64.3294758339006,197.1977559501538,133.61895544785315,346.92857142857144,93092.31,-0.002194004294181248,0,0 days 00:15:00
2026-01-07 06:00:00+05:30,93331.5,93357.5,93059.0,93167.5,48184.0,55.47204399633364,171.00940381544933,141.0970451213724,329.3928571428572,93078.33,-0.0017855089019025124,0,0 days 00:15:00
2026-01-07 06:15:00+05:30,93154.0,93169.0,92616.5,92680.0,96812.0,34.17134016631212,109.65375010516436,134.80838611813078,298.2142857142857,93055.1,-0.005246248866694768,1,0 days 00:15:00
2026-01-07 06:30:00+05:30,92679.0,92864.5,92671.0,92779.0,46842.0,34.31107680432265,68.23090175545076,121.49288924559478,290.2142857142857,93034.77,0.0010676215163834702,0,0 days 00:15:00
2026-01-07 06:45:00+05:30,92779.0,92779.0,92303.0,92517.0,107942.0,35.88294651866801,14.09925815659517,100.01416302779488,287.07142857142856,93008.55,-0.002827909664566353,0,0 days 00:15:00
2026-01-07 07:00:00+05:30,92527.5,92606.0,92404.0,92411.0,47046.0,36.53925195232223,-36.928089485300006,72.6257125251759,269.7857142857143,92980.98,-0.0011463922349120067,1,0 days 00:15:00
2026-01-07 07:15:00+05:30,92411.0,92494.5,92340.5,92420.0,52697.0,34.67315422043579,-75.7679990111792,42.94697021790488,261.9642857142857,92955.43,9.738626103972073e-05,1,0 days 00:15:00
2026-01-07 07:30:00+05:30,92415.5,92664.5,92214.5,92635.5,83231.0,42.41803278688524,-88.14379138602817,16.728817897118276,278.2857142857143,92934.81,0.0023290320732213166,1,0 days 00:15:00
2026-01-07 07:45:00+05:30,92635.5,92738.5,92476.5,92659.0,53143.0,34.33045103996261,-94.96079348729108,-5.609104379763597,272.4642857142857,92914.23,0.0002536502716054984,1,0 days 00:15:00
2026-01-07 08:00:00+05:30,92656.5,92926.5,92622.0,92900.0,60645.0,37.859354268023004,-79.99450403969968,-20.48618431175081,278.0357142857143,92890.78,0.002597558032845869,1,0 days 00:15:00
2026-01-07 08:15:00+05:30,92900.5,93032.0,92859.0,92932.0,61269.0,37.26278187095333,-64.80445385666098,-29.34983822073285,277.32142857142856,92863.49,0.00034439709324872355,1,0 days 00:15:00
2026-01-07 08:30:00+05:30,92933.0,92999.5,92878.5,92940.0,46567.0,37.30477465417225,-51.52672845561756,-33.78521626770979,276.6428571428572,92841.01,8.608074379085608e-05,1,0 days 00:15:00
2026-01-07 08:45:00+05:30,92940.0,93089.5,92909.0,92974.5,61939.0,32.043530834341,-37.78461620744201,-34.58509625565624,271.7857142857143,92824.4,0.0003711383501127692,0,0 days 00:15:00
2026-01-07 09:00:00+05:30,92973.5,92998.5,92716.5,92835.5,84230.0,32.65960069016515,-37.67572921862302,-35.203222848249595,277.07142857142856,92806.68,-0.0014961522622997674,0,0 days 00:15:00
2026-01-07 09:15:00+05:30,92840.0,92856.0,92738.5,92787.0,28556.0,35.389957264957275,-41.03001172916265,-36.36858062443221,269.07142857142856,92780.54,-0.0005225659723759529,0,0 days 00:15:00
2026-01-07 09:30:00+05:30,92790.5,92902.5,92718.5,92773.5,57584.0,38.53984874927283,-44.26735544278927,-37.948335588103625,260.8928571428572,92767.08,-0.00014550510506085377,0,0 days 00:15:00
2026-01-07 09:45:00+05:30,92756.5,92782.5,92652.0,92756.0,52783.0,53.04243394715773,-47.69527595411637,-39.89772366130617,230.75,92749.86,-0.0001886492450192319,0,0 days 00:15:00
2026-01-07 10:00:00+05:30,92751.5,92794.5,92577.0,92746.0,67957.0,48.57758620689655,-50.63515355183336,-42.04520963941161,232.4642857142857,92735.78,-0.00010781554926291168,0,0 days 00:15:00
2026-01-07 10:15:00+05:30,92746.0,92746.0,92630.0,92646.0,28579.0,56.4629258517034,-60.33864564631949,-45.70389684079319,206.75,92732.41,-0.0010787953061439958,1,0 days 00:15:00
2026-01-07 10:30:00+05:30,92646.0,92723.0,92606.0,92719.0,31202.0,65.95854922279793,-61.43011500072316,-48.84914047277918,200.67857142857144,92736.29,0.0007876352469335912,0,0 days 00:15:00
2026-01-07 10:45:00+05:30,92720.0,92780.5,92668.0,92698.5,40695.0,64.26011264720943,-63.220524153046426,-51.72341720883264,197.7142857142857,92737.04,-0.00022112260259720112,1,0 days 00:15:00
2026-01-07 11:00:00+05:30,92700.0,92827.5,92700.0,92725.0,39207.0,55.68253968253969,-61.78884443870629,-53.73650265480737,174.78571428571428,92739.91,0.0002858321645359048,0,0 days 00:15:00
2026-01-07 11:15:00+05:30,92725.0,92725.0,92478.5,92513.0,112050.0,42.52049180327869,-76.87469258914643,-58.36414064167519,173.67857142857142,92740.42,-0.0022889481916309826,1,0 days 00:15:00
2026-01-07 11:30:00+05:30,92514.0,92650.5,92492.0,92644.5,37565.0,35.25678015002886,-77.32799592538504,-62.15691169841716,163.25,92749.15,0.0014204125904619016,1,0 days 00:15:00
2026-01-07 11:45:00+05:30,92649.5,92819.5,92642.5,92808.0,59974.0,43.787575150300604,-63.75918234635901,-62.47736582800553,163.53571428571428,92774.17,0.0017632551986203314,0,0 days 00:15:00
2026-01-07 12:00:00+05:30,92808.0,92879.0,92647.0,92647.0,68475.0,37.27193744569939,-65.2450499714032,-63.03090265668507,171.46428571428572,92791.23,-0.0017362706904248168,0,0 days 00:15:00
2026-01-07 12:15:00+05:30,92655.0,92712.5,92576.0,92585.0,33015.0,33.47475604582095,-70.61152688591392,-64.54702750253085,168.32142857142858,92803.57,-0.0006694307929016325,1,0 days 00:15:00
2026-01-07 12:30:00+05:30,92585.0,92751.5,92585.0,92734.0,29524.0,45.72991165334455,-62.12530193990096,-64.06268239000488,160.07142857142858,92819.98,0.0016080383782218891,1,0 days 00:15:00
2026-01-07 12:45:00+05:30,92733.0,92819.0,92733.0,92784.0,30671.0,49.87394957983194,-50.77996556408471,-61.40613902482085,157.82142857142858,92835.34,0.0005390312660836163,1,0 days 00:15:00
2026-01-07 13:00:00+05:30,92785.0,92870.0,92744.5,92800.0,42535.0,51.11111111111111,-40.03612691562739,-57.132136602982165,153.64285714285714,92847.38,0.00017242865807012798,1,0 days 00:15:00
2026-01-07 13:15:00+05:30,92798.0,92858.0,92780.0,92857.0,17137.0,54.09902597402597,-26.615328807383776,-51.02877504386249,149.89285714285714,92860.04,0.0006140355794926666,1,0 days 00:15:00
2026-01-07 13:30:00+05:30,92858.0,92925.0,92814.5,92902.0,57482.0,56.156274664561955,-12.207406314526452,-43.26450129799529,142.25,92876.26,0.0004844987417058025,0,0 days 00:15:00
2026-01-07 13:45:00+05:30,92902.0,92937.5,92745.0,92833.0,67686.0,57.56472491909384,-6.284305713998037,-35.86846218119584,147.71428571428572,92891.26,-0.0007429940848437791,0,0 days 00:15:00
2026-01-07 14:00:00+05:30,92838.0,92916.5,92744.5,92744.5,41417.0,51.01877746703955,-8.631912870667293,-30.421152319090133,151.64285714285714,92898.07,-0.0009537794906063392,0,0 days 00:15:00
2026-01-07 14:15:00+05:30,92744.5,92777.0,92665.5,92689.0,54269.0,49.63078118927322,-14.800187276952784,-27.296959310662665,151.57142857142858,92902.36,-0.000598597358699741,0,0 days 00:15:00
2026-01-07 14:30:00+05:30,92690.0,92690.0,92246.0,92246.0,193552.0,35.936582501467996,-54.803249136253726,-32.79821727578088,174.07142857142858,92895.06,-0.004790881632262048,0,0 days 00:15:00
2026-01-07 14:45:00+05:30,92246.0,92327.5,91859.0,91930.5,282582.0,33.877663991143095,-110.68823208431422,-48.37622023748755,189.92857142857144,92883.83,-0.0034260647651509378,0,0 days 00:15:00
2026-01-07 15:00:00+05:30,91931.5,91982.0,91628.0,91709.5,182084.0,25.3428270042194,-170.84098815945617,-72.86917382188128,203.89285714285717,92860.64,-0.0024068841939601823,0,0 days 00:15:00
2026-01-07 15:15:00+05:30,91709.5,91738.5,91560.0,91681.5,127540.0,18.0062482249361,-218.2559282393049,-101.94652470536602,204.0,92824.3,-0.00030535849870030017,1,0 days 00:15:00
2026-01-07 15:30:00+05:30,91679.5,91848.0,91558.5,91799.5,137531.0,25.327510917030565,-243.5040331082564,-130.2580263859441,208.1071428571429,92788.45,0.001286236899388062,0,0 days 00:15:00
2026-01-07 15:45:00+05:30,91799.5,91828.5,91719.5,91761.5,54150.0,25.68644818423384,-263.54167614680773,-156.91475633811683,206.14285714285717,92759.35,-0.00041403130886009416,1,0 days 00:15:00
2026-01-07 16:00:00+05:30,91760.5,91956.5,91752.0,91846.5,86827.0,22.767720159558152,-269.4567335001193,-179.42315177051734,208.8571428571429,92734.96,0.0009258856484717115,1,0 days 00:15:00
2026-01-07 16:15:00+05:30,91846.5,91962.0,91809.0,91934.0,41467.0,24.505098980203954,-264.0402487085521,-196.3465711581243,213.64285714285717,92710.75,0.0009522229682862004,1,0 days 00:15:00
2026-01-07 16:30:00+05:30,91934.0,92111.0,91883.0,92081.5,103054.0,30.025020850708927,-245.0211765931308,-206.0814922451256,220.9642857142857,92692.27,0.0016031261669777052,1,0 days 00:15:00
2026-01-07 16:45:00+05:30,92081.5,92204.5,92028.5,92138.5,83608.0,30.025020850708927,-222.7809214987792,-209.42137809585637,227.9642857142857,92668.45,0.0006188253373030334,1,0 days 00:15:00
2026-01-07 17:00:00+05:30,92139.0,92229.5,92092.5,92160.0,55435.0,29.098591549295776,-201.1023065787158,-207.75756379242824,229.8571428571429,92642.67,0.00023331714688444845,0,0 days 00:15:00
2026-01-07 17:15:00+05:30,92160.5,92167.5,92045.5,92045.5,77727.0,28.371326558637747,-190.959775725918,-204.3980061791262,224.82142857142856,92613.53,-0.0012431769382189037,0,0 days 00:15:00
2026-01-07 17:30:00+05:30,92050.5,92150.0,91979.5,92009.0,108569.0,29.20554141928187,-183.74884955091693,-200.2681748534844,224.7142857142857,92583.53,-0.0003966216580249486,1,0 days 00:15:00
2026-01-07 17:45:00+05:30,92009.0,92144.5,91965.5,92020.0,49169.0,30.59744779582367,-175.12776665540878,-195.24009321386927,229.53571428571428,92549.59,0.00011954637598528246,0,0 days 00:15:00
2026-01-07 18:00:00+05:30,92021.0,92093.0,91939.0,91979.5,61583.0,39.91676125614831,-169.6083681856253,-190.11374820822047,208.82142857142856,92518.4,-0.0004402185946597628,0,0 days 00:15:00
2026-01-07 18:15:00+05:30,91987.5,92029.5,91953.0,91962.5,38657.0,51.56402737047899,-164.70731960464036,-185.0324624875045,180.82142857142856,92490.97,-0.00018484087427993837,0,0 days 00:15:00
2026-01-07 18:30:00+05:30,91962.0,92028.5,91823.0,91864.0,98029.0,58.57856746252082,-166.8480100941233,-181.39557200882825,170.21428571428572,92464.9,-0.001071662784494685,1,0 days 00:15:00
2026-01-07 18:45:00+05:30,91860.0,92255.0,91841.5,92193.5,177602.0,71.29783693843594,-140.33888714321074,-173.18423503570477,187.0,92455.17,0.0035804066880932924,0,0 days 00:15:00
2026-01-07 19:00:00+05:30,92193.0,92222.5,92026.0,92113.0,105682.0,63.46071275225419,-124.39198013446004,-163.42578405545584,180.3571428571429,92441.85,-0.0008735449386647013,0,0 days 00:15:00
2026-01-07 19:15:00+05:30,92114.0,92149.5,91975.5,92003.0,80341.0,59.76546704407602,-119.25532102352008,-154.5916914490687,185.0,92431.57,-0.0011948990102763003,0,0 days 00:15:00
2026-01-07 19:30:00+05:30,92004.0,92017.5,91561.0,91671.0,353785.0,44.08493427704752,-140.3561684890301,-151.744586857061,203.0,92416.77,-0.0036151046046263386,0,0 days 00:15:00
2026-01-07 19:45:00+05:30,91669.5,91727.5,91471.5,91526.0,235762.0,36.76184295911746,-166.85562256042613,-154.76679399773403,210.3571428571429,92398.89,-0.0015829956852931204,1,0 days 00:15:00
2026-01-07 20:00:00+05:30,91526.0,92054.5,91332.5,91805.0,463584.0,41.73393124065769,-163.4594042680983,-156.5053160518069,245.64285714285717,92382.28,0.0030436774510291926,1,0 days 00:15:00
2026-01-07 20:15:00+05:30,91804.0,92118.0,91745.0,91930.5,173596.0,44.02642159678345,-148.92436823544267,-154.98912648853403,259.7142857142857,92367.71,0.0013660944076401918,0,0 days 00:15:00
2026-01-07 20:30:00+05:30,91930.5,91967.0,91387.0,91628.0,361910.0,36.84470820969338,-159.97042982539278,-155.9853871559058,291.35714285714283,92342.27,-0.003295954955462331,0,0 days 00:15:00
2026-01-07 20:45:00+05:30,91630.5,91645.0,90995.5,91247.0,576950.0,32.55407472143325,-197.1948891357606,-164.22728755187677,329.0357142857143,92308.57,-0.004166786616506946,1,0 days 00:15:00
2026-01-07 21:00:00+05:30,91246.5,91469.5,91083.0,91335.5,225478.0,35.61204870754112,-217.0522872947622,-174.79228750045385,344.4642857142857,92276.48,0.0009694248564994873,0,0 days 00:15:00
2026-01-07 21:15:00+05:30,91340.5,91560.5,91247.5,91313.0,182534.0,34.97023809523809,-231.9314193305036,-186.2201138664638,354.0357142857143,92243.25,-0.00024637486881975263,1,0 days 00:15:00
2026-01-07 21:30:00+05:30,91313.0,91625.5,91249.5,91568.5,205761.0,41.994546162835995,-220.5639994801022,-193.0888909891915,369.8928571428572,92217.91,0.002794160877192595,0,0 days 00:15:00
2026-01-07 21:45:00+05:30,91569.5,91759.5,91459.0,91562.5,262551.0,42.17527386541471,-209.62298393370293,-196.3957095780938,385.8928571428572,92193.42,-6.552686330716059e-05,0,0 days 00:15:00
2026-01-07 22:00:00+05:30,91566.0,91601.0,91109.5,91433.0,324404.0,41.66988790104368,-208.9925816231844,-198.91508398711196,406.32142857142856,92166.61,-0.0014153355860399783,0,0 days 00:15:00
2026-01-07 22:15:00+05:30,91432.0,91526.5,91197.0,91239.5,161715.0,30.538555691554464,-221.55289227307367,-203.4426456443043,400.32142857142856,92136.28,-0.0021185462767831435,0,0 days 00:15:00
2026-01-07 22:30:00+05:30,91238.5,91293.0,91005.0,91239.5,193230.0,31.575616958447583,-228.86877221503528,-208.5278709584505,406.8571428571428,92106.15,0.0,1,0 days 00:15:00
2026-01-07 22:45:00+05:30,91238.5,91637.5,91222.5,91574.0,192323.0,41.73410404624278,-205.30863516427053,-207.8840237996145,424.07142857142856,92084.71,0.0036594712457710377,0,0 days 00:15:00
2026-01-07 23:00:00+05:30,91573.0,91669.5,91447.5,91568.5,135761.0,47.740797884064364,-184.9488852223294,-203.2969960841575,407.32142857142856,92061.7,-6.0062519640702804e-05,0,0 days 00:15:00
2026-01-07 23:15:00+05:30,91568.5,91609.5,91169.0,91223.5,218220.0,43.87279724529067,-194.4112021029141,-201.51983728790884,420.5,92032.2,-0.0037747867484253417,1,0 days 00:15:00
2026-01-07 23:30:00+05:30,91224.5,91312.0,91132.0,91235.0,119820.0,37.051340299863696,-198.69180704235623,-200.95423123879837,381.7857142857143,92002.4,0.0001260560622304472,1,0 days 00:15:00
2026-01-07 23:45:00+05:30,91236.0,91307.5,91031.5,91259.0,129821.0,34.00809716599191,-197.86673333916409,-200.3367316588715,374.8571428571428,91977.32,0.0002630223474565237,0,0 days 00:15:00
2026-01-08 00:00:00+05:30,91260.0,91421.0,91125.5,91125.5,141059.0,36.98523698523699,-205.61498917467543,-201.3923831620323,354.5357142857143,91946.94,-0.0014639404537361855,0,0 days 00:15:00
2026-01-08 00:15:00+05:30,91126.5,91213.5,90709.5,90866.0,390004.0,39.469320066335,-230.04322392700124,-207.1225513150261,344.1428571428572,91908.1,-0.0028517834719637746,0,0 days 00:15:00
2026-01-08 00:30:00+05:30,90867.0,91080.0,90713.0,90766.0,172929.0,34.35869266684976,-254.53778706426965,-216.60559846487484,342.75,91870.48,-0.0011011276658740685,1,0 days 00:15:00
2026-01-08 00:45:00+05:30,90765.0,90890.0,90645.0,90882.5,126168.0,38.75685557586837,-261.534521293579,-225.5913830306157,337.8928571428572,91836.43,0.0012826972529170104,1,0 days 00:15:00
2026-01-08 01:00:00+05:30,90882.5,91151.0,90873.5,91067.0,123823.0,36.398155682126394,-249.31789402262075,-230.33668522901672,330.85714285714283,91803.09,0.002028035946636661,1,0 days 00:15:00
2026-01-08 01:15:00+05:30,91066.0,91259.5,91055.0,91156.5,72847.0,39.465490399584844,-229.76563169894507,-230.2224745230024,324.0,91770.54,0.0009823102640087174,0,0 days 00:15:00
2026-01-08 01:30:00+05:30,91152.5,91275.5,90942.5,90972.0,97459.0,38.37033299697275,-226.54644461689168,-229.48726854178028,312.67857142857144,91733.98,-0.00202604274577618,0,0 days 00:15:00
2026-01-08 01:45:00+05:30,90972.0,91023.0,90750.0,90880.0,87873.0,40.44137197553842,-228.7815949700598,-229.3461338274362,308.6428571428572,91694.44,-0.0010118118893259935,1,0 days 00:15:00
2026-01-08 02:00:00+05:30,90900.0,91132.5,90881.0,91000.0,48323.0,44.01399650087478,-218.35293390807053,-227.14749384356307,306.10714285714283,91656.4,0.0013195515440088063,1,0 days 00:15:00
2026-01-08 02:15:00+05:30,91005.5,91121.5,90959.0,91045.5,29129.0,34.56032719836401,-204.0643483591266,-222.5308647466758,288.07142857142856,91620.65,0.0004998750416509929,1,0 days 00:15:00
2026-01-08 02:30:00+05:30,91023.0,91209.5,91015.5,91149.5,24685.0,38.425414364640886,-182.24777166568677,-214.474246130478,286.07142857142856,91588.75,0.0011416340876039702,1,0 days 00:15:00
2026-01-08 02:45:00+05:30,91150.5,91206.0,91104.0,91157.5,14163.0,47.759674134419555,-162.43993782706093,-204.0673844697946,261.8928571428572,91558.12,8.776404641759693e-05,0,0 days 00:15:00
2026-01-08 03:00:00+05:30,91167.0,91215.5,91019.0,91092.0,22536.0,45.31761624099542,-150.29488353381748,-193.3128842825992,263.07142857142856,91535.04,-0.0007187948698913389,0,0 days 00:15:00
2026-01-08 03:15:00+05:30,91093.0,91136.0,91047.5,91080.5,12096.0,44.10696599537801,-139.98414431793208,-182.64713628966575,249.67857142857144,91518.04,-0.00012625396275814144,0,0 days 00:15:00
2026-01-08 03:30:00+05:30,91032.5,91063.0,90851.0,90955.5,47108.0,44.35590969455511,-140.2821789001464,-174.17414481176192,244.9642857142857,91502.96,-0.0013733549369016925,1,0 days 00:15:00
2026-01-08 03:45:00+05:30,90955.5,91056.5,90947.0,91043.5,10325.0,56.65043087298614,-131.89708144860924,-165.7187321391314,216.78571428571428,91490.2,0.0009670383557916577,0,0 days 00:15:00
2026-01-08 04:00:00+05:30,91050.0,91369.0,91019.5,91024.0,36783.0,60.28708133971292,-125.380015565519,-157.65098882440893,215.53571428571428,91474.69,-0.00021420627047183958,1,0 days 00:15:00
2026-01-08 04:15:00+05:30,91024.0,91241.5,90940.5,91154.0,23093.0,60.710059171597635,-108.47484981019808,-147.81576102156677,219.53571428571428,91462.54,0.0014271758616920987,1,0 days 00:15:00
2026-01-08 04:30:00+05:30,91144.5,91200.0,90975.0,91200.0,16618.0,55.89016829052258,-90.32436553112348,-136.3174819234781,215.78571428571428,91449.61,0.00050451321030199,1,0 days 00:15:00
2026-01-08 04:45:00+05:30,91219.5,91461.5,91197.5,91290.0,58951.0,55.909694555112885,-67.8950759616855,-122.6330007311196,220.03571428571428,91436.73,0.000986355496703767,0,0 days 00:15:00
2026-01-08 05:00:00+05:30,91289.0,91412.0,91135.5,91199.5,18862.0,60.985031385803964,-56.76791090345069,-109.45998276558583,216.0,91419.09,-0.0009918379678727778,1,0 days 00:15:00
2026-01-08 05:15:00+05:30,91198.5,91390.0,91159.5,91338.0,16802.0,71.1645101663586,-36.35468573357503,-94.83892335918368,212.9642857142857,91403.08,0.0015174966960553931,0,0 days 00:15:00
2026-01-08 05:30:00+05:30,91340.0,91499.5,91164.5,91202.5,37287.0,59.22551252847381,-30.756236546556465,-82.02238599665823,218.8571428571429,91383.93,-0.0014846023198942712,0,0 days 00:15:00
2026-01-08 05:45:00+05:30,91183.5,91199.5,91046.5,91086.0,27804.0,51.732991014120664,-35.31293605476094,-72.68049600827878,218.39285714285717,91364.74,-0.0012781938066447193,1,0 days 00:15:00
2026-01-08 06:00:00+05:30,91089.5,91217.0,91067.5,91216.0,22170.0,52.78359146086229,-28.110202779935207,-63.76643736261007,215.2142857142857,91348.88,0.0014262051105930216,1,0 days 00:15:00
2026-01-08 06:15:00+05:30,91217.0,91400.0,91217.0,91365.5,36283.0,57.78443113772455,-10.220765567137278,-53.05730300351552,221.07142857142856,91335.79,0.0016376252074930945,1,0 days 00:15:00
2026-01-08 06:30:00+05:30,91369.0,91404.0,91268.0,91399.0,25695.0,61.77147239263804,6.584015902350075,-41.1290392223424,216.75,91324.18,0.0003665919844955259,1,0 days 00:15:00
2026-01-08 06:45:00+05:30,91396.0,91660.0,91286.0,91480.5,62024.0,64.55604075691411,26.176548211471527,-27.66792173557962,237.14285714285717,91314.54,0.0008912973339863606,0,0 days 00:15:00
2026-01-08 07:00:00+05:30,91481.5,91493.5,91308.5,91330.5,39428.0,63.4024303073624,29.262702605105005,-16.281796867442694,233.9642857142857,91303.87,-0.0016410394742398659,1,0 days 00:15:00
2026-01-08 07:15:00+05:30,91330.0,91437.0,91284.0,91395.0,24313.0,62.777171937477284,36.49245088950556,-5.726947316053043,237.07142857142856,91287.9,0.0007059770276060505,1,0 days 00:15:00
2026-01-08 07:30:00+05:30,91396.0,91450.0,91283.0,91398.0,29924.0,63.760117733627666,41.98023144406034,3.8144884359696327,224.03571428571428,91273.6,3.2824014051587926e-05,0,0 days 00:15:00
2026-01-08 07:45:00+05:30,91398.0,91424.0,91042.5,91185.5,77125.0,51.092611862643075,28.84980046610872,8.82155084199745,229.78571428571428,91257.25,-0.0023277031708486377,0,0 days 00:15:00
2026-01-08 08:00:00+05:30,91192.0,91194.0,90838.5,90870.5,96986.0,40.36831335866705,-6.894552014826331,5.678330270632694,239.1071428571429,91241.24,-0.003460477153635399,1,0 days 00:15:00
2026-01-08 08:15:00+05:30,90871.5,90988.0,90722.5,90935.5,102516.0,39.48383269059626,-29.635631001146976,-1.3844619837232397,239.2142857142857,91229.43,0.0007150479386763941,1,0 days 00:15:00
2026-01-08 08:30:00+05:30,90935.5,91109.5,90885.0,91040.5,58202.0,45.3235294117647,-38.73891931235266,-8.855353449449126,235.5,91214.14,0.0011539984575162732,0,0 days 00:15:00
2026-01-08 08:45:00+05:30,91039.5,91075.0,90909.5,90922.0,51019.0,37.61904761904762,-54.88264754122065,-18.06081226780343,230.8571428571429,91193.97,-0.0013024663516069148,0,0 days 00:15:00
2026-01-08 09:00:00+05:30,90923.0,91022.5,90708.0,90781.5,68117.0,37.50741839762612,-78.11340159468818,-30.071330133180386,229.39285714285717,91177.04,-0.001546475747594265,1,0 days 00:15:00
2026-01-08 09:15:00+05:30,90782.5,90830.0,90594.5,90790.0,103334.0,40.61509194673431,-94.74589093466057,-43.00624229347642,235.07142857142856,91167.9,9.362702853936094e-05,1,0 days 00:15:00
2026-01-08 09:30:00+05:30,90790.0,90859.5,90673.0,90792.5,63715.0,35.39151431528113,-106.49788809919846,-55.70457145462083,237.7142857142857,91157.04,2.7535693143907732e-05,1,0 days 00:15:00
2026-01-08 09:45:00+05:30,90793.5,91152.0,90784.0,91074.0,84265.0,40.784065760354096,-92.03580168282495,-62.97081750026166,250.8571428571429,91152.26,0.0030956797959672514,0,0 days 00:15:00
2026-01-08 10:00:00+05:30,91074.0,91117.0,90969.0,91018.5,50143.0,38.13532896788276,-84.08361657959176,-67.19337731612768,251.7142857142857,91141.26,-0.0006095803146048393,0,0 days 00:15:00
2026-01-08 10:15:00+05:30,91027.5,91094.5,90969.0,90996.5,40255.0,34.32642487046631,-78.65004002771457,-69.48470985844506,233.9642857142857,91129.94,-0.00024173831944766062,1,0 days 00:15:00
2026-01-08 10:30:00+05:30,91008.5,91167.5,91008.5,91063.0,54545.0,40.842177336528586,-68.19182432435628,-69.2261327516273,232.9642857142857,91122.54,0.0007305304360107929,0,0 days 00:15:00
2026-01-08 10:45:00+05:30,91063.0,91140.5,90963.0,90986.5,46521.0,36.12903225806452,-65.32351487787673,-68.4456091768772,234.7142857142857,91117.48,-0.0008404308114311425,0,0 days 00:15:00
2026-01-08 11:00:00+05:30,90987.5,91052.5,90859.0,90869.0,72745.0,33.33333333333333,-71.70505574028357,-69.09749848955848,236.6071428571429,91110.07,-0.0012922349486358777,0,0 days 00:15:00
2026-01-08 11:15:00+05:30,90869.0,90896.0,90758.0,90798.0,67426.0,36.596333448633686,-81.55150449868233,-71.58829969138324,219.2142857142857,91094.55,-0.0007816499817241729,0,0 days 00:15:00
2026-01-08 11:30:00+05:30,90798.0,90845.0,90384.0,90501.5,243078.0,37.070777855641204,-111.98901843192289,-79.66844343949117,226.75,91073.21,-0.0032708337787852324,0,0 days 00:15:00
2026-01-08 11:45:00+05:30,90500.5,90500.5,90159.0,90240.0,203963.0,28.580227902679397,-155.4202442379319,-94.81880359917932,232.25,91053.54,-0.002893637404410105,1,0 days 00:15:00
2026-01-08 12:00:00+05:30,90240.0,90388.0,90189.0,90347.5,72299.0,28.69003690036901,-179.10088845361315,-111.67522057006607,230.42857142857144,91035.79,0.0011905587341073383,0,0 days 00:15:00
2026-01-08 12:15:00+05:30,90348.5,90348.5,89839.5,89852.5,232172.0,23.29588014981273,-235.1002434550173,-136.36022514705633,254.9642857142857,91007.66,-0.005493909490009286,1,0 days 00:15:00
2026-01-08 12:30:00+05:30,89848.5,90070.5,89603.5,90018.5,233458.0,31.188362919132146,-263.05301169310405,-161.6987824562659,265.85714285714283,90985.52,0.001845767768325136,1,0 days 00:15:00
2026-01-08 12:45:00+05:30,90012.5,90252.0,89967.5,90238.0,115728.0,37.67306833407772,-264.4456020597718,-182.24814637696707,269.35714285714283,90972.96,0.002435419621403711,1,0 days 00:15:00
2026-01-08 13:00:00+05:30,90245.5,90439.0,90174.5,90414.0,132974.0,42.155440414507765,-248.48315175376771,-195.4951474523272,274.92857142857144,90965.92,0.0019484982804966544,1,0 days 00:15:00
2026-01-08 13:15:00+05:30,90414.0,90563.5,90389.0,90518.5,85295.0,37.57548646835159,-224.8090593287925,-201.3579298276203,261.10714285714283,90958.64,0.0011551270404122312,1,0 days 00:15:00
2026-01-08 13:30:00+05:30,90519.5,90618.0,90420.0,90598.0,109239.0,40.69484399203364,-197.35717427414784,-200.5577787169258,264.67857142857144,90949.26,0.0008778880456038509,1,0 days 00:15:00
2026-01-08 13:45:00+05:30,90598.0,90686.5,90543.5,90686.5,97902.0,43.336199484092866,-166.54037345612596,-193.75429766476583,265.92857142857144,90939.86,0.0009763659555065638,0,0 days 00:15:00
2026-01-08 14:00:00+05:30,90682.0,90749.5,90359.0,90410.0,163626.0,37.125394321766564,-162.55524035419512,-187.5144862026517,281.60714285714283,90928.62,-0.0030536229563198803,0,0 days 00:15:00
2026-01-08 14:15:00+05:30,90410.0,90419.0,90132.0,90209.5,140406.0,35.394736842105274,-173.57480569764448,-184.72655010165028,289.42857142857144,90915.21,-0.0022201377188571935,1,0 days 00:15:00
2026-01-08 14:30:00+05:30,90208.5,90355.0,90134.0,90304.5,89935.0,39.29857819905214,-172.65196024652687,-182.3116321306256,291.3928571428572,90901.3,0.0010525500378981,0,0 days 00:15:00
2026-01-08 14:45:00+05:30,90303.5,90332.5,89998.5,90009.0,136350.0,36.21593291404612,-193.5340390498168,-184.55611351446385,305.3928571428572,90880.57,-0.0032776277377176703,1,0 days 00:15:00
2026-01-08 15:00:00+05:30,90010.0,90099.5,89935.5,90039.0,106106.0,41.0903486804084,-205.29596359314743,-188.70408353020056,284.17857142857144,90858.36,0.0003332444712257622,0,0 days 00:15:00
2026-01-08 15:15:00+05:30,90039.0,90128.5,89926.0,89988.5,71269.0,44.72635772698679,-216.200081527757,-194.20328312971185,274.17857142857144,90834.98,-0.0005610254136125579,0,0 days 00:15:00
2026-01-08 15:30:00+05:30,89988.5,90040.0,89742.0,89909.5,183368.0,40.70458404074703,-228.5813695787656,-201.0789004195226,281.25,90811.33,-0.0008782755236653364,1,0 days 00:15:00
2026-01-08 15:45:00+05:30,89909.5,90254.0,89888.0,90170.0,124375.0,57.482913033231206,-214.89626626169772,-203.84237358795764,271.0357142857143,90793.12,0.002893168647269194,0,0 days 00:15:00
2026-01-08 16:00:00+05:30,90170.0,90273.0,90107.0,90137.5,84602.0,52.99295774647887,-204.3179515117372,-203.93748917271355,249.53571428571428,90776.76,-0.0003604952689373607,1,0 days 00:15:00
2026-01-08 16:15:00+05:30,90137.5,90474.5,90136.5,90379.0,106865.0,53.507462686567166,-174.43673110636882,-198.0373375594446,253.3571428571429,90763.47,0.0026756572842673264,0,0 days 00:15:00
2026-01-08 16:30:00+05:30,90373.0,90468.0,90238.0,90258.0,114401.0,46.010230179028135,-158.69005721490248,-190.16788149053625,250.89285714285717,90748.15,-0.0013397035834034094,0,0 days 00:15:00
2026-01-08 16:45:00+05:30,90258.0,90288.0,90043.0,90186.0,111073.0,41.352405721716515,-150.28807559378038,-182.19192031118504,255.92857142857144,90728.79,-0.0007980315645976132,0,0 days 00:15:00
2026-01-08 17:00:00+05:30,90187.0,90246.0,90019.0,90051.0,82553.0,36.17290192113246,-152.76187260750157,-176.30591077044838,258.0,90705.81,-0.0014980278771394011,1,0 days 00:15:00
2026-01-08 17:15:00+05:30,90052.0,90258.0,89999.0,90202.0,70587.0,38.127909826023036,-140.91357257431082,-169.22744313122087,266.2857142857143,90684.05,0.0016754232697592953,0,0 days 00:15:00
2026-01-08 17:30:00+05:30,90205.0,90218.5,89800.0,89861.0,165348.0,36.959619952494066,-157.2271429462853,-166.82738309423377,268.2857142857143,90657.28,-0.0037875677696808086,1,0 days 00:15:00
2026-01-08 17:45:00+05:30,89861.0,90004.5,89783.0,89928.0,98090.0,42.860765914278474,-162.87193861725973,-166.03629419883896,263.60714285714283,90629.08,0.0007453181574127508,1,0 days 00:15:00
2026-01-08 18:00:00+05:30,89928.0,90008.0,89758.5,89976.5,133199.0,41.480519480519476,-161.5694629906211,-165.1429279571954,265.6428571428572,90604.56,0.0005391749642166942,0,0 days 00:15:00
2026-01-08 18:15:00+05:30,89981.5,90060.0,89907.0,89962.0,90573.0,48.570559610705594,-159.8644525937998,-164.08723288451628,252.7142857142857,90582.08,-0.00016116617657021257,0,0 days 00:15:00
2026-01-08 18:30:00+05:30,89962.0,89997.0,89903.5,89950.5,52936.0,47.27776068901876,-157.62418003109633,-162.7946223138323,247.67857142857144,90556.77,-0.00012783992235847435,1,0 days 00:15:00
2026-01-08 18:45:00+05:30,89950.5,90083.0,89897.5,90048.0,90917.0,51.778774289985044,-146.29491600014444,-159.49468105109474,246.4642857142857,90530.42,0.0010833424671399443,0,0 days 00:15:00
2026-01-08 19:00:00+05:30,90047.0,90077.5,89853.0,89999.0,104998.0,52.72450532724505,-139.6603653662169,-155.52781791411917,241.2142857142857,90502.42,-0.0005443023344987114,0,0 days 00:15:00
2026-01-08 19:15:00+05:30,89999.0,90036.5,89839.0,89939.5,76708.0,42.00485605272286,-137.6172232414392,-151.94569897958317,229.17857142857144,90471.6,-0.0006613370920465974,0,0 days 00:15:00
2026-01-08 19:30:00+05:30,89939.5,89939.5,89698.5,89833.5,215749.0,39.96699669966997,-142.90402387594804,-150.13736395885616,234.53571428571428,90441.66,-0.001179265098587806,0,0 days 00:15:00
2026-01-08 19:45:00+05:30,89833.5,89853.0,89406.5,89609.5,337054.0,24.307178631051755,-163.28651412948966,-152.76719399298287,242.28571428571428,90405.95,-0.002496615820633934,0,0 days 00:15:00
2026-01-08 20:00:00+05:30,89608.5,89894.5,89335.5,89398.5,446441.0,22.92913385826772,-194.22679550613972,-161.05911429561425,265.7857142857143,90365.96,-0.0023574376309391256,1,0 days 00:15:00
2026-01-08 20:15:00+05:30,89399.5,90144.0,89271.5,89988.0,526047.0,45.29691211401425,-169.22870489805064,-162.69303241610154,310.60714285714283,90342.01,0.006572424592035126,1,0 days 00:15:00
2026-01-08 20:30:00+05:30,89984.0,90435.0,89778.5,90279.5,430548.0,55.0519566659297,-124.46121277035854,-155.04666848695297,341.2857142857143,90330.19,0.00323408550153516,1,0 days 00:15:00
2026-01-08 20:45:00+05:30,90279.5,90610.0,90240.0,90542.0,328184.0,57.16392751790982,-67.02843446210318,-137.44302168198303,349.2142857142857,90322.32,0.002903417839168694,0,0 days 00:15:00
2026-01-08 21:00:00+05:30,90550.0,90658.0,90242.5,90425.5,293728.0,63.13707237607633,-30.560833970303065,-116.06658413964703,349.0,90310.02,-0.0012875241807914323,1,0 days 00:15:00
2026-01-08 21:15:00+05:30,90428.0,90796.0,90227.0,90739.0,295859.0,66.93110647181629,23.36746651722933,-88.17977400827176,373.82142857142856,90306.36,0.0034609464097999612,0,0 days 00:15:00
2026-01-08 21:30:00+05:30,90740.0,90877.5,90510.0,90655.5,315860.0,63.97119341563786,58.69171941751847,-58.80547532311372,382.25,90303.84,-0.0009206453988163959,0,0 days 00:15:00
2026-01-08 21:45:00+05:30,90656.5,90675.5,90409.0,90631.5,246730.0,63.722074195531874,83.7840347164165,-30.287573315207677,390.3571428571428,90300.67,-0.0002647735374319469,1,0 days 00:15:00
2026-01-08 22:00:00+05:30,90632.5,90740.5,90271.0,90678.0,307508.0,64.69993938169327,106.19785399941613,-2.9904878522829144,417.2142857142857,90298.38,0.0005129350753216991,1,0 days 00:15:00
2026-01-08 22:15:00+05:30,90679.0,90898.5,90647.0,90896.5,200077.0,66.34559815064534,139.97850609863235,25.60331093790014,421.9285714285714,90294.83,0.0024067267757171378,1,0 days 00:15:00
2026-01-08 22:30:00+05:30,90897.5,91225.0,90830.0,91067.5,424168.0,69.65961361545538,178.49065795869683,56.18078034205948,434.1071428571428,90295.81,0.0018794932001719785,0,0 days 00:15:00
2026-01-08 22:45:00+05:30,91067.5,91150.0,90798.5,90820.5,210286.0,65.16351118760758,186.9262110347336,82.32986648059429,445.1071428571428,90292.29,-0.002715958741989955,1,0 days 00:15:00
2026-01-08 23:00:00+05:30,90822.0,91186.0,90822.0,91164.5,163922.0,71.17403754374801,218.8466448004474,109.63322214456493,454.0,90294.32,0.003780535865229018,1,0 days 00:15:00
2026-01-08 23:15:00+05:30,91154.5,91409.5,91153.5,91330.0,237107.0,77.8894472361809,254.56383199810807,138.61934411527355,440.3928571428572,90301.19,0.0018137537884209095,0,0 days 00:15:00
2026-01-08 23:30:00+05:30,91329.0,91435.0,91132.0,91134.0,188231.0,78.27007655970027,264.01104325555207,163.69768394332925,422.1071428571428,90306.49,-0.00214836981965081,1,0 days 00:15:00
2026-01-08 23:45:00+05:30,91135.0,91267.5,91079.0,91216.5,117137.0,73.97073170731707,274.9852282207139,185.9551927988062,373.25,90314.86,0.0009048508847405565,0,0 days 00:15:00
2026-01-09 00:00:00+05:30,91217.5,91274.0,90909.0,90969.0,138506.0,63.688703593408775,260.7059118461766,200.9053366082803,352.42857142857144,90324.21,-0.0027170126300609557,1,0 days 00:15:00
2026-01-09 00:15:00+05:30,90969.0,91129.5,90905.5,91080.0,92751.0,61.36459653569921,255.40210657443092,211.80469060151043,342.0,90341.01,0.0012194520569224722,1,0 days 00:15:00
2026-01-09 00:30:00+05:30,91080.0,91274.0,90983.0,91186.5,99545.0,66.14340263046245,256.83186476239644,220.81012543368763,333.10714285714283,90357.79,0.0011686186119810808,0,0 days 00:15:00
2026-01-09 00:45:00+05:30,91180.5,91180.5,90909.0,91047.0,71361.0,57.05451213925791,243.89698169298936,225.427496685548,312.2857142857143,90381.68,-0.0015310031058905773,1,0 days 00:15:00
2026-01-09 01:00:00+05:30,91042.5,91292.0,91041.0,91132.0,65821.0,60.90638590066377,237.76398804380733,227.89479495719988,303.9642857142857,90403.95,0.000933148235174527,0,0 days 00:15:00
2026-01-09 01:15:00+05:30,91131.0,91131.0,90762.0,90899.5,104535.0,55.59966569160051,211.70236637516064,224.65630924079204,311.35714285714283,90417.18,-0.002554504318553614,0,0 days 00:15:00
2026-01-09 01:30:00+05:30,90900.5,90900.5,90530.0,90653.0,160606.0,49.51793289625916,169.2073366760742,213.5665147278485,304.2857142857143,90421.96,-0.002715469646186238,0,0 days 00:15:00
2026-01-09 01:45:00+05:30,90638.0,90705.0,90546.5,90560.0,56029.0,43.18135764944276,126.56641783290252,196.1664953488593,297.6428571428572,90422.79,-0.0010264165171910112,1,0 days 00:15:00
2026-01-09 02:00:00+05:30,90590.0,90814.5,90566.0,90744.0,44380.0,43.479137270711554,106.39400087219838,178.21199645352715,287.60714285714283,90425.71,0.0020297408018685893,1,0 days 00:15:00
2026-01-09 02:15:00+05:30,90765.5,90964.0,90748.0,90882.5,42753.0,51.30691399662732,100.42536649134126,162.65467046109,278.2142857142857,90429.63,0.0015251081405564153,1,0 days 00:15:00
2026-01-09 02:30:00+05:30,90892.5,91108.0,90881.5,91094.5,37503.0,48.4375,111.51631828420796,152.4270000257136,268.2857142857143,90443.32,0.002329965829832791,0,0 days 00:15:00
2026-01-09 02:45:00+05:30,91094.5,91150.0,90987.0,91069.5,19926.0,43.7961419385568,116.94066720132832,145.32973346083656,261.6428571428572,90460.52,-0.00027447794467573057,1,0 days 00:15:00
2026-01-09 03:00:00+05:30,91068.5,91272.5,91019.0,91228.5,29120.0,52.29090909090908,132.5416167266667,142.7721101140026,258.10714285714283,90479.0,0.001744396979875774,0,0 days 00:15:00
2026-01-09 03:15:00+05:30,91222.5,91303.5,91209.0,91228.5,21111.0,50.30303030303029,143.2541371043335,142.8685155120688,251.39285714285717,90503.39,0.0,1,0 days 00:15:00
2026-01-09 03:30:00+05:30,91232.0,91460.0,91113.5,91399.0,49873.0,61.29795060430899,163.61575122243084,147.0179626541412,250.07142857142856,90530.59,0.0018671892188839917,0,0 days 00:15:00
2026-01-09 03:45:00+05:30,91399.0,91399.0,91188.5,91245.0,16593.0,54.23946557040082,165.41911554602848,150.69819323251866,249.1071428571429,90555.72,-0.0016863410404364776,0,0 days 00:15:00
2026-01-09 04:00:00+05:30,91246.0,91246.5,90984.0,91100.5,31389.0,47.832661290322584,153.41982416939572,151.24251941989408,247.07142857142856,90579.54,-0.0015849037157231328,1,0 days 00:15:00
2026-01-09 04:15:00+05:30,91101.5,91194.0,91091.5,91193.0,14618.0,53.76871450696954,149.64921327124466,150.9238581901642,234.57142857142856,90600.0,0.0010148470234969604,1,0 days 00:15:00
2026-01-09 04:30:00+05:30,91197.0,91298.5,91186.5,91233.5,15275.0,52.68163804491413,148.2203960345505,150.38316575904147,224.64285714285717,90621.92,0.00044401444598647004,1,0 days 00:15:00
2026-01-09 04:45:00+05:30,91230.5,91281.0,91213.0,91248.0,6917.0,60.40609137055837,146.56852616496326,149.62023784022583,203.07142857142856,90639.3,0.00015892021964443895,0,0 days 00:15:00
2026-01-09 05:00:00+05:30,91254.5,91265.5,91067.5,91084.0,19948.0,63.53643216080402,130.52140844758833,145.80047196169835,190.75,90655.82,-0.001798916747764754,0,0 days 00:15:00
2026-01-09 05:15:00+05:30,91084.0,91126.0,91010.0,91070.5,20019.0,66.87603305785123,115.3845337864186,139.7172843266424,187.7142857142857,90673.51,-0.0001482258195621372,1,0 days 00:15:00
2026-01-09 05:30:00+05:30,91069.5,91133.5,91025.0,91112.0,13375.0,63.43065693430657,105.5207769004628,132.8779828414065,177.28571428571428,90694.73,0.0004555871251938809,0,0 days 00:15:00
2026-01-09 05:45:00+05:30,91111.0,91116.5,91022.5,91033.5,11798.0,55.76335877862596,90.32813800805889,124.36801387473696,168.28571428571428,90711.36,-0.0008619483309789935,1,0 days 00:15:00
2026-01-09 06:00:00+05:30,91032.5,91197.5,91032.5,91195.5,25026.0,54.007936507936506,90.31876978171933,117.55816505613345,163.89285714285714,90738.05,0.0017779831165899024,1,0 days 00:15:00
2026-01-09 06:15:00+05:30,91189.0,91279.5,91174.5,91257.0,13466.0,57.23100655611262,94.1881391795323,112.88415988081324,159.75,90764.63,0.0006741480914669859,0,0 days 00:15:00
2026-01-09 06:30:00+05:30,91261.0,91304.5,91197.0,91230.5,24326.0,50.085910652920965,94.03236717861728,109.11380134037404,149.32142857142858,90789.71,-0.00029043085346971954,1,0 days 00:15:00
2026-01-09 06:45:00+05:30,91230.5,91509.5,90982.0,91462.0,84548.0,58.36617699749194,111.30596612743102,109.55223429778546,180.25,90819.71,0.002534314478213758,0,0 days 00:15:00
2026-01-09 07:00:00+05:30,91482.0,91606.5,90809.5,90920.5,113943.0,36.45626945938296,80.37438734229363,103.7166649066871,212.42857142857144,90839.11,-0.005938087164571592,1,0 days 00:15:00
2026-01-09 07:15:00+05:30,90921.5,91042.5,90913.5,91026.0,32401.0,43.62630966239814,63.64025140131707,95.7013822056131,206.6071428571429,90858.67,0.0011596816847103289,1,0 days 00:15:00
2026-01-09 07:30:00+05:30,91025.0,91442.0,90998.0,91402.5,74503.0,57.743589743589745,79.83840413815051,92.52878659212058,219.57142857142856,90886.74,0.004127650389619333,0,0 days 00:15:00
2026-01-09 07:45:00+05:30,91401.5,91456.5,91253.0,91261.5,49092.0,51.713785339004254,80.37156193323608,90.09734166034367,226.78571428571428,90913.18,-0.001543818464554202,0,0 days 00:15:00
2026-01-09 08:00:00+05:30,91262.5,91321.5,91100.5,91193.5,41748.0,49.01283316880553,74.44886149423837,86.96764562712262,234.57142857142856,90940.38,-0.0007453893085794186,0,0 days 00:15:00
2026-01-09 08:15:00+05:30,91193.5,91217.5,90979.0,91008.5,46677.0,44.548144775779654,54.20231429566047,80.4145793608302,246.75,90968.36,-0.0020307138623641,1,0 days 00:15:00
2026-01-09 08:30:00+05:30,91008.5,91180.0,90931.0,91119.0,63646.0,50.81661222585161,46.536759490001714,73.63901538666451,250.39285714285717,91002.77,0.0012134357915042403,0,0 days 00:15:00
2026-01-09 08:45:00+05:30,91120.0,91221.5,90925.0,90986.5,52794.0,48.14323607427056,29.4308489215764,64.79738209364689,263.2857142857143,91022.74,-0.0014552006763324278,1,0 days 00:15:00
2026-01-09 09:00:00+05:30,90985.5,91221.0,90939.5,91162.5,51935.0,51.053619862299186,29.7332739870908,57.78456047233568,275.6428571428572,91040.4,0.0019324844470473123,1,0 days 00:15:00
2026-01-09 09:15:00+05:30,91162.5,91242.0,91139.0,91202.0,34605.0,53.57370095440085,32.782373124035075,52.78412300267557,276.2857142857143,91053.6,0.0004331983540406489,0,0 days 00:15:00
2026-01-09 09:30:00+05:30,91200.0,91212.5,91005.5,91033.0,33763.0,46.56375555085641,21.31619868005509,46.49053813815147,279.2857142857143,91065.75,-0.0018547485219410492,1,0 days 00:15:00
2026-01-09 09:45:00+05:30,91033.0,91113.5,91014.0,91104.0,23793.0,46.77759056444819,17.753626694830018,40.74315584948718,278.8928571428572,91073.05,0.0007796329531760619,0,0 days 00:15:00
2026-01-09 10:00:00+05:30,91103.0,91114.0,90895.0,90990.5,58309.0,45.1239333604226,5.705986231259885,33.73572192584172,286.85714285714283,91079.75,-0.0012466056327729703,0,0 days 00:15:00
2026-01-09 10:15:00+05:30,90990.5,91037.5,90976.5,90987.5,18393.0,39.37290033594625,-4.037390043406049,26.18109953199217,253.53571428571428,91086.87,-3.297101847772025e-05,1,0 days 00:15:00
2026-01-09 10:30:00+05:30,90988.5,91096.5,90988.5,91054.0,23824.0,53.79800853485064,-6.320235956125544,19.68083243436863,204.39285714285717,91094.39,0.0007306026698090736,0,0 days 00:15:00
2026-01-09 10:45:00+05:30,91044.0,91055.0,90884.0,90990.0,46342.0,48.95104895104895,-13.142178070585942,13.116230333377716,207.39285714285717,91096.26,-0.000703126745586001,0,0 days 00:15:00
2026-01-09 11:00:00+05:30,90990.0,91009.5,90889.0,90973.0,34991.0,34.16881680796166,-19.69336145860143,6.554311974981888,184.28571428571428,91094.37,-0.00018685117358431598,1,0 days 00:15:00
2026-01-09 11:15:00+05:30,90972.0,91076.0,90954.5,91068.0,30718.0,42.61732163296452,-17.023281646266696,1.838793250732171,178.42857142857142,91099.32,0.0010437210147609883,0,0 days 00:15:00
2026-01-09 11:30:00+05:30,91068.0,91083.0,91004.0,91005.0,43344.0,42.78054385292991,-19.76298228734231,-2.481561856882726,168.28571428571428,91096.13,-0.0006920301474052526,0,0 days 00:15:00
2026-01-09 11:45:00+05:30,91005.0,91117.5,90963.0,90966.0,33609.0,48.16731349719707,-24.795363333338173,-6.944322152173815,162.28571428571428,91088.85,-0.00042863973487129644,1,0 days 00:15:00
2026-01-09 12:00:00+05:30,90962.5,91124.0,90960.5,91090.5,38877.0,48.78568385172561,-18.52391984136193,-9.26024169001144,156.17857142857142,91087.98,0.0013677074908913078,1,0 days 00:15:00
2026-01-09 12:15:00+05:30,91090.5,91125.0,91058.5,91113.5,23029.0,55.96804511278196,-11.56453910158598,-9.721101172326348,139.75,91085.92,0.0002524642721582717,0,0 days 00:15:00
2026-01-09 12:30:00+05:30,91113.5,91113.5,91012.0,91044.0,15753.0,43.81201044386423,-11.52440274876426,-10.081761487613932,126.89285714285714,91087.42,-0.0007630759466110343,0,0 days 00:15:00
2026-01-09 12:45:00+05:30,91040.0,91042.5,90968.0,91003.5,25082.0,39.645279081898806,-14.592393893995904,-10.983887968890324,124.96428571428572,91085.89,-0.00044493882825248046,0,0 days 00:15:00
2026-01-09 13:00:00+05:30,91003.5,91003.5,90876.5,90950.5,56858.0,45.10385756676558,-21.05771580102737,-12.998653535317736,119.25,91081.17,-0.0005825648405523742,0,0 days 00:15:00
2026-01-09 13:15:00+05:30,90950.5,90953.0,90713.0,90721.0,113710.0,30.86913086913087,-44.19085728601203,-19.2370942854566,129.28571428571428,91074.65,-0.002526539628753621,0,0 days 00:15:00
2026-01-09 13:30:00+05:30,90722.0,90809.5,90460.0,90657.0,201754.0,32.4750394114556,-66.9169270273851,-28.7730608338423,138.60714285714286,91065.15,-0.0007057085496160924,0,0 days 00:15:00
2026-01-09 13:45:00+05:30,90660.0,90822.5,90611.0,90651.5,84740.0,32.38993710691824,-84.39841269909812,-39.89813120689347,149.35714285714286,91060.19,-6.0670073401781364e-05,0,0 days 00:15:00
2026-01-09 14:00:00+05:30,90651.5,90675.0,90264.5,90294.5,220858.0,19.485737243873047,-125.61156058777124,-57.04081708306902,170.89285714285714,91053.02,-0.003945933739558459,0,0 days 00:15:00
2026-01-09 14:15:00+05:30,90294.5,90318.0,89657.5,89998.5,443850.0,16.423975618015575,-180.082128755952,-81.64907941764562,205.8571428571429,91041.79,-0.0032835469590951774,1,0 days 00:15:00
2026-01-09 14:30:00+05:30,89997.5,90230.0,89972.0,90127.0,134404.0,23.362720403022678,-210.4555695856543,-107.41037745124736,215.67857142857144,91029.45,0.001426783235011823,1,0 days 00:15:00
2026-01-09 14:45:00+05:30,90128.0,90447.5,90028.0,90375.0,132954.0,30.097645031591043,-212.07059508372916,-128.34242097774373,236.9642857142857,91019.3,0.0027478937192088465,0,0 days 00:15:00
2026-01-09 15:00:00+05:30,90375.0,90375.0,90260.5,90322.0,61882.0,30.27151935297516,-215.14708976076508,-145.703354734348,239.5,91003.85,-0.0005866173928715825,0,0 days 00:15:00
2026-01-09 15:15:00+05:30,90323.0,90400.5,90242.5,90309.0,51764.0,30.733137829912025,-216.1426671885129,-159.791217225181,239.75,90988.64,-0.00014393985553360367,1,0 days 00:15:00
2026-01-09 15:30:00+05:30,90308.0,90473.5,90240.0,90358.0,79007.0,27.523780300705738,-210.5506817864516,-169.94311013743513,244.75,90971.23,0.000542434436852984,1,0 days 00:15:00
2026-01-09 15:45:00+05:30,90358.0,90523.5,90358.0,90399.5,61392.0,28.33737864077669,-200.4595173627604,-176.04639158250018,251.82142857142856,90954.65,0.00045917874200706026,1,0 days 00:15:00
2026-01-09 16:00:00+05:30,90399.5,90504.5,90368.0,90470.0,41045.0,32.59551243177684,-184.64496384149243,-177.76610603429864,254.32142857142856,90936.07,0.0007795676282667307,0,0 days 00:15:00
2026-01-09 16:15:00+05:30,90469.0,90500.0,90444.5,90453.5,33007.0,33.07692307692308,-171.4666673351894,-176.5062182944768,252.8571428571429,90920.24,-0.00018239753316449858,1,0 days 00:15:00
2026-01-09 16:30:00+05:30,90452.5,90553.5,90399.5,90552.5,70136.0,38.09096349491322,-151.29031916262466,-171.4630384681064,254.78571428571428,90909.28,0.0010938864995840506,0,0 days 00:15:00
2026-01-09 16:45:00+05:30,90553.5,90648.0,90470.0,90533.0,89584.0,43.56605065023956,-135.31408832469606,-164.23324843942433,250.3571428571429,90896.08,-0.0002153678795417066,0,0 days 00:15:00
2026-01-09 17:00:00+05:30,90532.0,90567.0,90433.0,90487.5,35889.0,44.124783362218366,-124.884687089012,-156.3635361693419,234.9642857142857,90881.16,-0.0005027055052682043,0,0 days 00:15:00
2026-01-09 17:15:00+05:30,90487.5,90525.5,90365.5,90407.0,70611.0,41.94398682042834,-121.71196888909616,-149.43322271329276,231.28571428571428,90864.34,-0.0008900215906390398,0,0 days 00:15:00
2026-01-09 17:30:00+05:30,90407.0,90563.0,90341.5,90376.0,79464.0,53.42005874947545,-120.31212450010936,-143.6090030706561,217.78571428571428,90850.18,-0.00034295260399315605,0,0 days 00:15:00
2026-01-09 17:45:00+05:30,90377.0,90392.0,90186.0,90295.5,141558.0,65.21516393442623,-124.2659544004855,-139.740393336622,185.32142857142856,90834.68,-0.000891120130480543,1,0 days 00:15:00
2026-01-09 18:00:00+05:30,90294.5,90414.5,90267.0,90375.5,62897.0,63.39622641509434,-119.56578176515175,-135.70547102232794,177.42857142857142,90819.95,0.0008855876729351443,1,0 days 00:15:00
2026-01-09 18:15:00+05:30,90375.5,90441.5,90339.0,90413.5,43744.0,52.6829268292683,-111.48939828430592,-130.86225647472355,154.78571428571428,90807.55,0.0004203795646815822,1,0 days 00:15:00
2026-01-09 18:30:00+05:30,90413.5,90631.0,90399.0,90599.0,110116.0,66.29411764705883,-89.0934921579028,-122.5085036113594,163.17857142857142,90795.62,0.0020495829286619827,0,0 days 00:15:00
2026-01-09 18:45:00+05:30,90598.0,90691.0,90546.5,90559.0,143370.0,64.25313568985177,-73.72241479781223,-112.75128584864996,162.21428571428572,90781.66,-0.0004416034693477299,1,0 days 00:15:00
2026-01-09 19:00:00+05:30,90559.0,90841.5,90355.5,90582.5,301589.0,63.18261890780975,-58.964762566422,-101.9939811922044,180.25,90768.7,0.0002594656677992667,0,0 days 00:15:00
2026-01-09 19:15:00+05:30,90583.0,90697.5,90444.5,90569.5,117555.0,60.328068043742405,-47.767573353034095,-91.14869962437034,186.5,90750.85,-0.0001435258790663778,0,0 days 00:15:00
2026-01-09 19:30:00+05:30,90569.5,90576.0,90209.0,90313.0,217974.0,42.22001982160555,-58.912025412602816,-84.70136478201684,202.9642857142857,90738.7,-0.002836097156205376,1,0 days 00:15:00
2026-01-09 19:45:00+05:30,90314.0,90565.5,90288.0,90533.5,130515.0,53.297609233305856,-49.38232801867707,-77.63755742934889,218.82142857142856,90728.85,0.002438533333693662,0,0 days 00:15:00
2026-01-09 20:00:00+05:30,90533.5,90640.5,90039.0,90060.5,446854.0,34.49905482041588,-79.08547304601234,-77.92714055268158,250.78571428571428,90702.01,-0.005238281244966022,1,0 days 00:15:00
2026-01-09 20:15:00+05:30,90060.5,90211.5,89897.0,90120.5,316606.0,37.32718894009217,-96.66958412958776,-81.67562926806282,260.5357142857143,90679.19,0.0006659969943307082,1,0 days 00:15:00
2026-01-09 20:30:00+05:30,90120.5,90307.5,89808.0,90229.5,345085.0,42.37137788290953,-100.64950495999074,-85.47040440644841,286.6428571428572,90659.91,0.0012087608901767619,1,0 days 00:15:00
2026-01-09 20:45:00+05:30,90225.5,91709.5,90138.5,91651.5,666842.0,70.51937345424567,10.8152237906761,-66.21327876702351,387.4285714285714,90672.77,0.01563691616705277,0,0 days 00:15:00
2026-01-09 21:00:00+05:30,91650.5,92008.0,91158.5,91209.5,677327.0,62.10251197909104,62.76262980570027,-40.41809705247876,432.2857142857143,90674.58,-0.004834282441911953,0,0 days 00:15:00
2026-01-09 21:15:00+05:30,91209.5,91529.5,90817.0,91147.5,428900.0,62.43795620437956,97.80105184248532,-12.77426727348594,468.4642857142857,90677.8,-0.0006799848910539662,1,0 days 00:15:00
2026-01-09 21:30:00+05:30,91147.5,91738.0,91133.5,91732.5,342301.0,67.264631043257,170.80493176484015,23.94157253417928,501.1071428571428,90689.2,0.00639765961656284,0,0 days 00:15:00
2026-01-09 21:45:00+05:30,91731.5,91753.5,91289.0,91357.0,253247.0,61.05448154657294,196.10079288047564,58.37341660343856,526.9642857142857,90692.3,-0.0041018248067868305,1,0 days 00:15:00
2026-01-09 22:00:00+05:30,91357.0,91459.5,91217.0,91432.0,194914.0,60.0192446475824,219.66762659919917,90.63225860259068,527.7142857142857,90700.28,0.0008206183545928553,1,0 days 00:15:00
2026-01-09 22:15:00+05:30,91432.0,91655.5,91389.0,91599.5,169174.0,62.142607072003734,248.99015869678988,122.30383862143051,536.4285714285714,90710.19,0.0018302865546061323,0,0 days 00:15:00
2026-01-09 22:30:00+05:30,91600.0,91648.5,91204.5,91323.5,185396.0,58.16618911174784,247.1090638023452,147.26488365761347,533.4285714285714,90716.85,-0.0030176654597287174,0,0 days 00:15:00
2026-01-09 22:45:00+05:30,91324.0,91327.0,90969.0,91100.0,258795.0,55.587151132174824,224.9901539699204,162.80993772007486,540.9285714285714,90719.1,-0.002450343424261619,1,0 days 00:15:00
2026-01-09 23:00:00+05:30,91100.0,91262.5,91018.5,91134.0,122125.0,59.07182320441989,207.80878411294543,171.809706998649,532.1428571428571,90720.7,0.0003731466180241319,1,0 days 00:15:00
2026-01-09 23:15:00+05:30,91135.0,91502.0,91109.0,91381.5,172862.0,59.31458699472759,211.72299537471557,179.79236467386232,540.3928571428571,90728.53,0.002712100086917532,0,0 days 00:15:00
2026-01-09 23:30:00+05:30,91380.0,91476.0,91200.5,91246.0,140414.0,64.06453909123266,201.56777063250772,184.1474458655914,517.1071428571429,90733.99,-0.0014838950855005073,0,0 days 00:15:00
2026-01-09 23:45:00+05:30,91246.0,91246.0,90541.0,90552.0,342418.0,54.44982984428173,135.95250599822612,174.50845789211837,545.0,90723.67,-0.007634884555234778,1,0 days 00:15:00
2026-01-10 00:00:00+05:30,90551.0,90833.5,90292.0,90779.5,273377.0,55.53654117173344,101.14336697138788,159.83543970797228,548.0,90719.16,0.002509217861926405,1,0 days 00:15:00
2026-01-10 00:15:00+05:30,90780.0,90924.5,90610.0,90781.0,114159.0,37.727336810940365,72.8382766572322,142.43600709782427,458.25,90715.46,1.652341781437718e-05,0,0 days 00:15:00
2026-01-10 00:30:00+05:30,90779.5,90779.5,90490.5,90515.5,123254.0,39.703264094955486,28.652370836643968,119.6792798455882,418.32142857142856,90703.96,-0.0029289058509023034,0,0 days 00:15:00
2026-01-10 00:45:00+05:30,90521.0,90555.5,90259.0,90293.0,130186.0,37.89831468630506,-24.0420268385642,90.93501850875774,388.6071428571428,90687.55,-0.0024611687206451084,1,0 days 00:15:00
2026-01-10 01:00:00+05:30,90296.0,90442.5,90154.0,90308.5,107611.0,25.95406957109084,-63.81636089364474,59.98474262827724,366.0357142857143,90672.84,0.0001716486301392825,0,0 days 00:15:00
2026-01-10 01:15:00+05:30,90308.5,90587.0,90300.0,90300.0,68222.0,29.62606013878181,-94.92939913173905,29.001914276273983,353.35714285714283,90658.77,-9.412624551201056e-05,1,0 days 00:15:00
2026-01-10 01:30:00+05:30,90300.0,90431.5,90204.0,90375.5,55270.0,29.63962227789554,-112.20110260453656,0.7613109001118694,352.2857142857143,90647.27,0.0008357525441426018,1,0 days 00:15:00
2026-01-10 01:45:00+05:30,90369.5,90540.5,90324.0,90446.5,38539.0,26.921537229783823,-118.79060130710424,-23.14907154133135,348.7142857142857,90641.78,0.0007853027137053939,0,0 days 00:15:00
2026-01-10 02:00:00+05:30,90446.0,90562.5,90238.5,90239.5,57736.0,27.686290654590366,-139.1123954323848,-46.34173631954204,340.1428571428572,90633.43,-0.002291268726530891,1,0 days 00:15:00
2026-01-10 02:15:00+05:30,90238.5,90369.5,90209.0,90298.5,38551.0,32.30293663060279,-148.74214985611616,-66.82181902685687,326.0357142857143,90626.37,0.0006536020350328013,1,0 days 00:15:00
2026-01-10 02:30:00+05:30,90284.0,90409.5,90095.0,90330.0,45991.0,32.22811671087533,-152.07894150028005,-83.87324352154151,331.07142857142856,90627.08,0.00034878217246256084,1,0 days 00:15:00
2026-01-10 02:45:00+05:30,90331.0,90614.0,90287.0,90540.0,33182.0,31.085637221847605,-136.20800684542337,-94.34019618631788,326.35714285714283,90637.91,0.00232211084606041,0,0 days 00:15:00
2026-01-10 03:00:00+05:30,90539.0,90606.0,90395.0,90428.0,17170.0,31.417537482962288,-131.15575881843688,-101.70330871274167,321.75,90643.93,-0.0012377880542392198,1,0 days 00:15:00
2026-01-10 03:15:00+05:30,90430.0,90545.5,90402.5,90512.5,10745.0,48.75903235940937,-118.96205157430086,-105.15505728505352,281.60714285714283,90646.68,0.0009340087613658104,0,0 days 00:15:00
2026-01-10 03:30:00+05:30,90518.0,90539.5,90329.0,90368.0,12722.0,36.36062313556513,-119.57994986935228,-108.04003580191328,257.9642857142857,90647.6,-0.0015977402842169486,1,0 days 00:15:00
2026-01-10 03:45:00+05:30,90356.0,90578.5,90330.5,90569.0,12426.0,43.79391100702576,-102.66713571453874,-106.96545578443838,253.2142857142857,90652.8,0.0022217687115656396,0,0 days 00:15:00
2026-01-10 04:00:00+05:30,90560.5,90684.5,90509.0,90520.5,22692.0,50.16767270288397,-92.11530541417596,-103.9954257103859,245.0,90656.05,-0.0005356467510222711,1,0 days 00:15:00
2026-01-10 04:15:00+05:30,90519.5,90655.5,90519.5,90592.0,8768.0,61.15671641791044,-77.09475112853397,-98.61529079401552,233.53571428571428,90659.9,0.0007895645382234025,1,0 days 00:15:00
2026-01-10 04:30:00+05:30,90594.5,90674.0,90572.0,90673.0,10587.0,62.96691568836713,-57.98639946736512,-90.48951252868544,220.2142857142857,90663.96,0.0008937191999720018,1,0 days 00:15:00
2026-01-10 04:45:00+05:30,90674.0,90702.5,90628.5,90680.0,10156.0,63.53276353276353,-41.796250451167,-80.75086011318177,205.0,90668.49,7.719750986719388e-05,0,0 days 00:15:00
2026-01-10 05:00:00+05:30,90680.0,90701.5,90615.0,90653.0,13857.0,60.23607524898562,-30.78919637348736,-70.75852736524288,194.92857142857144,90670.5,-0.00029779466726444475,0,0 days 00:15:00
2026-01-10 05:15:00+05:30,90658.0,90671.0,90566.0,90613.5,10819.0,56.30664652567975,-24.965559174481317,-61.59993372709057,186.9642857142857,90672.11,-0.00043582240099772725,0,0 days 00:15:00
2026-01-10 05:30:00+05:30,90613.5,90659.0,90544.0,90544.0,12820.0,62.83185840707965,-25.662532204616586,-54.412453422595775,172.03571428571428,90673.24,-0.0007672881708980511,1,0 days 00:15:00
2026-01-10 05:45:00+05:30,90537.5,90598.5,90489.0,90598.5,18865.0,62.690355329949234,-21.56856483843876,-47.84367570576437,168.39285714285714,90677.07,0.0006017362203180437,0,0 days 00:15:00
2026-01-10 06:00:00+05:30,90597.5,90635.5,90567.0,90580.0,9355.0,60.692899914456795,-19.591028413778982,-42.193146247367295,150.82142857142858,90681.15,-0.00020421849241825487,0,0 days 00:15:00
2026-01-10 06:15:00+05:30,90584.0,90584.0,90515.0,90575.0,9000.0,51.815352697095435,-18.217277329909848,-37.39797246387581,132.39285714285714,90686.74,-5.5201346926869017e-05,1,0 days 00:15:00
2026-01-10 06:30:00+05:30,90575.0,90625.5,90550.0,90619.5,7628.0,60.68042387060792,-13.383514773246134,-32.59508092574988,122.71428571428572,90691.62,0.000491184896833943,1,0 days 00:15:00
2026-01-10 06:45:00+05:30,90619.5,90673.5,90579.5,90637.5,12888.0,57.53012048192772,-8.007962744290126,-27.67765728945793,119.21428571428572,90696.1,0.00019861301973630787,1,0 days 00:15:00
2026-01-10 07:00:00+05:30,90636.5,90699.5,90629.0,90699.5,10974.0,72.17391304347827,1.240779873798601,-21.893969856806628,109.21428571428572,90698.11,0.000683809729022852,0,0 days 00:15:00
2026-01-10 07:15:00+05:30,90698.5,90713.0,90633.0,90659.5,20598.0,57.7152600170503,5.281922610200127,-16.458791363405275,97.21428571428572,90700.12,-0.00044111404064431825,1,0 days 00:15:00
2026-01-10 07:30:00+05:30,90665.5,90719.0,90665.5,90715.5,19096.0,66.41414141414141,12.855103698704625,-10.596012350983296,88.92857142857143,90702.78,0.0006175051884708743,1,0 days 00:15:00
2026-01-10 07:45:00+05:30,90715.5,90756.0,90674.0,90748.0,22224.0,64.05405405405406,21.234603369768596,-4.229889206832919,85.07142857142857,90706.35,0.0003581987600536283,0,0 days 00:15:00
2026-01-10 08:00:00+05:30,90748.0,90748.0,90569.0,90584.5,41862.0,43.05882352941177,14.515013614975032,-0.4809086424713285,90.57142857142856,90711.78,-0.0018033175995244045,1,0 days 00:15:00
2026-01-10 08:15:00+05:30,90583.5,90672.0,90581.5,90661.5,20754.0,48.69257950530036,15.227414649067214,2.6607560158363803,91.75,90714.34,0.0008496739749565651,0,0 days 00:15:00
2026-01-10 08:30:00+05:30,90662.5,90666.5,90521.0,90546.0,24197.0,43.27889447236181,6.398356602861895,3.4082761332414835,95.96428571428572,90724.05,-0.0012747818455779549,1,0 days 00:15:00
2026-01-10 08:45:00+05:30,90546.0,90609.5,90546.0,90605.0,11817.0,49.47884733292459,4.114640394560411,3.549548985505269,93.0,90733.74,0.0006513902996527437,0,0 days 00:15:00
2026-01-10 09:00:00+05:30,90604.5,90629.5,90566.0,90566.0,17058.0,51.40127388535032,-0.8325975509360433,2.673119678217007,89.32142857142857,90740.47,-0.0004305324870141071,1,0 days 00:15:00
2026-01-10 09:15:00+05:30,90569.5,90626.0,90544.0,90601.0,18301.0,50.16329196603526,-1.9071275930909903,1.7570702239554077,87.35714285714286,90719.46,0.00038638383850751924,0,0 days 00:15:00
2026-01-10 09:30:00+05:30,90601.0,90619.5,90484.5,90509.0,42351.0,45.76877234803337,-10.06629355098994,-0.6076025310336619,92.10714285714286,90705.45,-0.001015957240498025,0,0 days 00:15:00
2026-01-10 09:45:00+05:30,90509.0,90534.5,90481.5,90503.0,24764.0,45.714285714285715,-16.82271937497717,-3.8506258998223633,90.96428571428572,90692.56,-6.629394738690329e-05,0,0 days 00:15:00
2026-01-10 10:00:00+05:30,90505.0,90519.5,90436.5,90484.0,36456.0,41.682013505217924,-23.440173004870303,-7.768535320831951,91.5,90667.59,-0.00020995983214044332,0,0 days 00:15:00
2026-01-10 10:15:00+05:30,90485.0,90493.0,90369.0,90430.5,40342.0,37.82352941176471,-32.62546946131624,-12.73992214892881,93.64285714285714,90649.06,-0.0005914396199257244,1,0 days 00:15:00
2026-01-10 10:30:00+05:30,90430.5,90509.5,90399.0,90508.5,34550.0,38.97228637413395,-33.22790435496427,-16.8375185901359,96.5,90630.59,0.0008621690716946302,1,0 days 00:15:00
2026-01-10 10:45:00+05:30,90509.5,90544.0,90502.0,90539.0,28218.0,42.96555750145942,-30.88818349552457,-19.64765157121364,93.78571428571428,90609.38,0.0003369281574010981,1,0 days 00:15:00
2026-01-10 11:00:00+05:30,90539.0,90594.5,90500.0,90578.0,36938.0,41.810601548540795,-25.591955659823725,-20.836512388935656,96.28571428571428,90594.47,0.0004306608501993898,0,0 days 00:15:00
2026-01-10 11:15:00+05:30,90578.5,90587.0,90564.0,90572.0,20431.0,39.175891758917594,-21.62947566708317,-20.99510504456516,92.07142857142856,90583.91,-6.62434446833475e-05,0,0 days 00:15:00
2026-01-10 11:30:00+05:30,90572.0,90579.0,90544.5,90545.0,15465.0,47.080561714708054,-20.432324952897037,-20.882549026231533,81.75,90572.13,-0.0002981498169692726,0,0 days 00:15:00
2026-01-10 11:45:00+05:30,90546.0,90546.0,90441.0,90503.5,40913.0,37.67550702028081,-22.572080661702785,-21.220455353325782,82.78571428571429,90554.57,-0.00045844070209730424,1,0 days 00:15:00
2026-01-10 12:00:00+05:30,90506.5,90525.0,90477.0,90518.5,20674.0,47.45605920444033,-22.794714557079715,-21.535307194076573,75.82142857142857,90540.02,0.00016572571327597426,0,0 days 00:15:00
2026-01-10 12:15:00+05:30,90518.5,90525.0,90481.0,90484.0,15355.0,38.275193798449614,-25.461510747947614,-22.320547904850784,74.42857142857143,90538.66,-0.0003812102088954721,1,0 days 00:15:00
2026-01-10 12:30:00+05:30,90484.0,90609.5,90476.0,90578.0,37590.0,51.050788091068306,-19.76214581774548,-21.808867487429723,79.42857142857143,90534.63,0.0010383184593692842,1,0 days 00:15:00
2026-01-10 12:45:00+05:30,90578.0,90579.5,90536.5,90578.5,14738.0,47.90307548928239,-15.031735734897666,-20.45344113692331,76.64285714285714,90530.58,5.520088983783768e-06,1,0 days 00:15:00
2026-01-10 13:00:00+05:30,90579.5,90660.0,90571.0,90582.5,51325.0,58.19397993311036,-10.835183838265948,-18.52978967719184,73.35714285714286,90531.92,4.41596149353165e-05,1,0 days 00:15:00
2026-01-10 13:15:00+05:30,90582.5,90646.0,90582.5,90636.0,21788.0,63.40725806451613,-3.156002906849608,-15.455032323123394,74.10714285714286,90538.78,0.0005904474604336755,1,0 days 00:15:00
2026-01-10 13:30:00+05:30,90636.0,90719.5,90600.5,90666.5,76118.0,67.98029556650246,5.329463667992968,-11.298133124900122,76.67857142857143,90545.94,0.00033645427159265074,0,0 days 00:15:00
2026-01-10 13:45:00+05:30,90666.5,90689.0,90578.5,90658.5,41857.0,74.67532467532467,11.278709974008962,-6.782764505118306,75.71428571428571,90553.11,-8.823934929207623e-05,0,0 days 00:15:00
2026-01-10 14:00:00+05:30,90659.5,90659.5,90609.0,90609.0,15295.0,61.59169550173011,11.862550128586008,-3.053701578377443,71.42857142857143,90557.78,-0.0005461541780012268,1,0 days 00:15:00
2026-01-10 14:15:00+05:30,90610.0,90639.5,90588.0,90638.0,12883.0,61.458333333333336,14.498179308051476,0.4566745989083407,72.10714285714286,90561.61,0.0003200052993701451,0,0 days 00:15:00
2026-01-10 14:30:00+05:30,90638.5,90687.0,90604.5,90608.5,31539.0,53.609467455621306,14.04463317450427,3.174266314027527,71.25,90568.99,-0.0003255235302254405,1,0 days 00:15:00
2026-01-10 14:45:00+05:30,90609.0,90664.5,90608.5,90644.5,11447.0,58.01104972375691,16.401032834255602,5.819619618073142,73.60714285714286,90575.91,0.0003972348096129356,1,0 days 00:15:00
2026-01-10 15:00:00+05:30,90645.0,90719.5,90588.5,90656.0,38674.0,62.70022883295194,18.97768746415386,8.451233187289287,80.5,90582.43,0.00012686120573774238,1,0 days 00:15:00
2026-01-10 15:15:00+05:30,90656.0,90739.5,90654.0,90738.5,32114.0,74.58158995815899,27.36136060765421,12.233258671362272,79.10714285714286,90586.4,0.0009096197038877948,0,0 days 00:15:00
2026-01-10 15:30:00+05:30,90738.5,90739.5,90688.5,90729.5,33034.0,72.35169491525423,32.9000063968997,16.366608216469757,79.32142857142857,90592.43,-9.919104202814593e-05,1,0 days 00:15:00
2026-01-10 15:45:00+05:30,90730.0,90774.5,90694.5,90734.5,58848.0,78.30508474576271,37.26333279706887,20.54595313258958,81.89285714285714,90596.87,5.510734913013152e-05,1,0 days 00:15:00
2026-01-10 16:00:00+05:30,90734.5,90789.5,90728.5,90758.5,39430.0,74.2281879194631,42.17176991631277,24.87111648933422,76.71428571428571,90604.68,0.0002644730115200046,1,0 days 00:15:00
2026-01-10 16:15:00+05:30,90759.5,90810.0,90758.0,90805.0,52699.0,77.06093189964157,49.2462232727994,29.74613784602726,77.35714285714286,90609.4,0.0005122174998462984,0,0 days 00:15:00
2026-01-10 16:30:00+05:30,90805.0,90805.0,90723.5,90753.0,43853.0,68.27438370846731,50.0795274891716,33.81281577465613,76.82142857142857,90614.05,-0.0005728197206607631,0,0 days 00:15:00
2026-01-10 16:45:00+05:30,90753.0,90777.0,90743.5,90743.5,23973.0,62.721893491124256,49.4038595391612,36.93102452755714,74.67857142857143,90617.08,-0.00010468521441105105,1,0 days 00:15:00
2026-01-10 17:00:00+05:30,90744.0,90779.5,90743.5,90747.0,21257.0,60.176991150442475,48.59068539553846,39.262956701153406,68.75,90618.56,3.856951190766173e-05,0,0 days 00:15:00
2026-01-10 17:15:00+05:30,90747.0,90748.0,90665.0,90702.5,56167.0,55.092592592592595,43.84998559189262,40.18036247930125,66.78571428571429,90619.01,-0.0004904946102598536,1,0 days 00:15:00
2026-01-10 17:30:00+05:30,90701.5,90744.5,90681.0,90715.5,34842.0,63.46396965865993,40.67308420051995,40.278906823545,67.71428571428571,90620.26,0.00014331543752268237,0,0 days 00:15:00
2026-01-10 17:45:00+05:30,90715.0,90768.5,90684.0,90684.0,37005.0,55.77889447236181,35.207727450018865,39.26467094883978,70.07142857142857,90621.67,-0.0003472997479775006,0,0 days 00:15:00
2026-01-10 18:00:00+05:30,90685.0,90686.5,90632.5,90678.5,43428.0,59.35828877005347,30.08577868595603,37.42889249626303,68.03571428571429,90624.36,-6.065200911640551e-05,1,0 days 00:15:00
2026-01-10 18:15:00+05:30,90677.5,90711.5,90668.0,90706.5,30155.0,58.46994535519126,27.96361622196855,35.53583724140414,67.14285714285714,90626.52,0.00030873556492989646,0,0 days 00:15:00
2026-01-10 18:30:00+05:30,90706.5,90737.0,90672.0,90672.0,27032.0,52.05655526992288,23.230142881555366,33.07469836943439,62.42857142857143,90628.36,-0.00038041995513321596,1,0 days 00:15:00
2026-01-10 18:45:00+05:30,90672.0,90717.0,90672.0,90695.0,16476.0,43.39908952959029,21.09160800934478,30.678080297416468,59.535714285714285,90630.76,0.0002536293826694277,1,0 days 00:15:00
2026-01-10 19:00:00+05:30,90694.0,90704.0,90671.5,90697.5,21212.0,45.046439628482965,19.37518771905161,28.417501781743496,58.21428571428572,90632.32,2.7564535470512144e-05,0,0 days 00:15:00
2026-01-10 19:15:00+05:30,90696.5,90700.0,90607.0,90629.5,40058.0,36.39896373056995,12.385112702802871,25.211023965955373,59.142857142857146,90632.16,-0.0007500262309278456,0,0 days 00:15:00
2026-01-10 19:30:00+05:30,90630.0,90639.0,90503.5,90585.5,113077.0,28.694581280788185,3.257445807408658,20.820308334246032,64.46428571428571,90629.88,-0.00048561102408373793,0,0 days 00:15:00
2026-01-10 19:45:00+05:30,90585.5,90623.0,90561.0,90585.0,53931.0,19.444444444444443,-3.97086809418397,15.862073048560031,65.17857142857143,90628.39,-5.519662417513075e-06,0,0 days 00:15:00
2026-01-10 20:00:00+05:30,90585.0,90585.0,90525.5,90525.5,52632.0,19.04761904761905,-14.335263679837226,9.82260570288058,63.60714285714285,90624.59,-0.0006570574554278784,1,0 days 00:15:00
2026-01-10 20:15:00+05:30,90526.5,90564.5,90526.0,90561.5,37056.0,26.903553299492387,-19.420356931499555,3.974013176004553,64.0,90620.86,0.0003975989493918722,1,0 days 00:15:00
2026-01-10 20:30:00+05:30,90561.5,90609.5,90546.5,90600.0,47959.0,32.86713286713287,-20.111864670776413,-0.8431623933516401,65.92857142857143,90621.17,0.0004250351269954479,0,0 days 00:15:00
2026-01-10 20:45:00+05:30,90599.0,90610.5,90544.0,90564.5,29590.0,33.57142857142857,-23.25635803148907,-5.325801520979127,64.75,90619.23,-0.0003919090158875705,1,0 days 00:15:00
2026-01-10 21:00:00+05:30,90564.5,90612.5,90564.5,90612.0,27764.0,38.613861386138616,-21.66578892059624,-8.59379900090255,63.642857142857146,90620.55,0.0005243505762426246,1,0 days 00:15:00
2026-01-10 21:15:00+05:30,90611.5,90639.5,90579.0,90632.5,34088.0,44.193912063134164,-18.53738532747957,-10.582516266217954,61.92857142857143,90621.1,0.00022621376193390872,1,0 days 00:15:00
2026-01-10 21:30:00+05:30,90632.5,90698.0,90619.5,90641.5,79150.0,45.861297539149895,-15.157155898938072,-11.49744419276198,63.67857142857143,90622.61,9.929719659079506e-05,0,0 days 00:15:00
2026-01-10 21:45:00+05:30,90641.5,90642.5,90582.0,90618.5,36549.0,40.04524886877828,-14.170854712487198,-12.032126296707023,64.89285714285714,90622.96,-0.0002537791032046467,1,0 days 00:15:00
2026-01-10 22:00:00+05:30,90619.5,90673.0,90570.5,90671.5,29465.0,49.94571118349619,-9.00870016796398,-11.427441070958416,67.57142857142857,90626.21,0.0005846985659434481,0,0 days 00:15:00
2026-01-10 22:15:00+05:30,90670.5,90674.5,90639.5,90649.5,18299.0,45.04896626768227,-6.616599597007735,-10.46527277616828,66.85714285714286,90629.14,-0.00024266356470522182,1,0 days 00:15:00
2026-01-10 22:30:00+05:30,90650.5,90688.5,90650.5,90688.5,23992.0,49.09274193548387,-1.55593277249136,-8.683404775432898,67.32142857142857,90633.23,0.00043013599577911433,1,0 days 00:15:00
2026-01-10 22:45:00+05:30,90688.5,90718.5,90687.5,90717.5,36949.0,59.62800875273523,4.740098873764509,-5.998704045593416,62.892857142857146,90638.97,0.0003197248188817894,0,0 days 00:15:00
2026-01-10 23:00:00+05:30,90717.5,90717.5,90629.0,90631.5,42260.0,54.60921843687375,2.758470119413687,-4.247269212591996,59.535714285714285,90641.43,-0.0009484475397911215,0,0 days 00:15:00
2026-01-10 23:15:00+05:30,90631.5,90635.0,90512.5,90521.0,79619.0,44.74548440065682,-7.640338393190177,-4.925883048711633,63.85714285714285,90641.07,-0.0012199667540324429,0,0 days 00:15:00
2026-01-10 23:30:00+05:30,90525.0,90552.0,90478.0,90506.0,63247.0,48.27280779450842,-16.897064852993935,-7.320119409568093,64.89285714285714,90639.63,-0.00016572113590054575,1,0 days 00:15:00
2026-01-10 23:45:00+05:30,90507.0,90549.5,90507.0,90549.5,29133.0,48.951048951048946,-20.486841254794854,-9.953463778613449,65.21428571428571,90639.18,0.00048051565223921494,1,0 days 00:15:00
2026-01-11 00:00:00+05:30,90548.5,90571.0,90537.5,90568.0,15028.0,47.10144927536232,-21.590092381520662,-12.28078949919489,63.10714285714285,90639.64,0.00020428727278523688,0,0 days 00:15:00
2026-01-11 00:15:00+05:30,90568.0,90575.0,90553.5,90565.0,22433.0,50.04812319538018,-22.44773822290881,-14.314179243937676,59.892857142857146,90640.87,-3.312483092832746e-05,0,0 days 00:15:00
2026-01-11 00:30:00+05:30,90564.5,90572.0,90554.0,90554.0,9098.0,43.99585921325052,-23.74136116731097,-16.199615628612335,57.75,90641.58,-0.00012146710188912879,1,0 days 00:15:00
2026-01-11 00:45:00+05:30,90554.0,90584.0,90554.0,90583.0,8465.0,44.96439471007121,-22.17093628139992,-17.393879759169852,55.57142857142857,90643.56,0.0003201996306417981,1,0 days 00:15:00
2026-01-11 01:00:00+05:30,90583.0,90607.5,90576.5,90606.5,11915.0,46.541501976284586,-18.81324229636812,-17.677752266609506,52.17857142857143,90644.13,0.000259396931188316,0,0 days 00:15:00
2026-01-11 01:15:00+05:30,90607.5,90607.5,90576.5,90601.0,7420.0,48.208802456499484,-16.406920885885484,-17.4235859904647,50.07142857142857,90644.58,-6.070388920647392e-05,1,0 days 00:15:00
2026-01-11 01:30:00+05:30,90601.0,90637.5,90594.0,90637.5,11744.0,46.39830508474576,-11.422971964449973,-16.223463185261757,45.85714285714285,90645.68,0.0004027841820967335,0,0 days 00:15:00
2026-01-11 01:45:00+05:30,90637.5,90637.5,90610.0,90611.5,5935.0,46.00840336134454,-9.462066433829024,-14.871183834975213,45.32142857142857,90645.19,-0.0002868981365783226,0,0 days 00:15:00
2026-01-11 02:00:00+05:30,90610.5,90611.5,90550.0,90557.0,15200.0,36.622583926754835,-12.16549296755693,-14.330045661491557,46.92857142857143,90643.0,-0.0006016498634586688,0,0 days 00:15:00
2026-01-11 02:15:00+05:30,90557.0,90559.5,90546.5,90547.5,5562.0,31.991525423728817,-14.902758850468672,-14.44458829928698,45.642857142857146,90640.78,-0.00010491180515900517,0,0 days 00:15:00
2026-01-11 02:30:00+05:30,90548.5,90548.5,90471.5,90506.0,30484.0,35.321637426900594,-20.188049683521967,-15.59328057613398,44.82142857142857,90638.72,-0.0004584280417311792,1,0 days 00:15:00
2026-01-11 02:45:00+05:30,90506.0,90548.5,90490.5,90533.0,6888.0,51.74418604651163,-21.945037661746028,-16.86363199325639,40.21428571428572,90636.62,0.00029827827374409664,0,0 days 00:15:00
2026-01-11 03:00:00+05:30,90530.5,90533.0,90484.0,90508.0,8335.0,50.282485875706215,-25.06581128957623,-18.50406785252036,38.42857142857143,90634.61,-0.000276180535446745,0,0 days 00:15:00
2026-01-11 03:15:00+05:30,90508.0,90508.0,90472.5,90479.5,6176.0,39.67551622418879,-29.498715855079357,-20.70299745303216,37.85714285714285,90631.31,-0.00031493887959739125,0,0 days 00:15:00
2026-01-11 03:30:00+05:30,90478.5,90479.5,90373.0,90382.5,56370.0,27.784431137724553,-40.37351326845237,-24.637100616116207,43.07142857142857,90625.84,-0.001072641121964319,1,0 days 00:15:00
2026-01-11 03:45:00+05:30,90382.5,90465.5,90367.5,90465.5,11417.0,39.99999999999999,-41.81247405364411,-28.07217530362179,48.535714285714285,90620.38,0.0009178979676584884,1,0 days 00:15:00
2026-01-11 04:00:00+05:30,90465.5,90566.0,90465.5,90566.0,12199.0,51.0221465076661,-34.44627553431201,-29.34699534975984,54.42857142857143,90617.11,0.0011103041219289451,0,0 days 00:15:00
2026-01-11 04:15:00+05:30,90569.5,90572.0,90392.5,90393.5,8739.0,37.02943189596167,-42.04317099027685,-31.88623047786324,65.10714285714286,90610.29,-0.0019065045189632353,1,0 days 00:15:00
2026-01-11 04:30:00+05:30,90393.5,90509.5,90393.5,90481.0,12151.0,42.1019509125236,-40.53597317384265,-33.616179017059125,71.17857142857143,90604.74,0.0009675217548710454,1,0 days 00:15:00
2026-01-11 04:45:00+05:30,90486.0,90524.5,90482.5,90512.5,6899.0,44.606946983546614,-36.38035125870374,-34.16901346538805,72.07142857142857,90598.89,0.00034807880192437346,0,0 days 00:15:00
2026-01-11 05:00:00+05:30,90512.5,90545.5,90480.0,90505.0,7146.0,41.62981680353759,-33.30822182366683,-33.99685513704381,73.64285714285714,90593.93,-8.286491642291986e-05,0,0 days 00:15:00
2026-01-11 05:15:00+05:30,90490.0,90540.5,90456.5,90479.5,4908.0,41.65613147914033,-32.55588996631559,-33.70866210289817,77.67857142857143,90588.65,-0.00028179208903239805,0,0 days 00:15:00
2026-01-11 05:30:00+05:30,90491.5,90491.5,90419.0,90478.5,11861.0,44.67796610169491,-31.675220961653395,-33.301973874649214,78.46428571428571,90583.28,-1.1052288376448721e-05,1,0 days 00:15:00
2026-01-11 05:45:00+05:30,90479.5,90587.5,90479.5,90578.5,16628.0,51.8719806763285,-22.647058966991608,-31.170990893117693,85.32142857142857,90580.8,0.001104624622834699,0,0 days 00:15:00
2026-01-11 06:00:00+05:30,90579.5,90579.5,90527.0,90529.0,6637.0,51.37559808612439,-19.26434448150394,-28.789661610794944,83.57142857142857,90577.07,-0.0005466366796802567,1,0 days 00:15:00
2026-01-11 06:15:00+05:30,90529.0,90620.0,90528.0,90610.0,12077.0,54.325842696629216,-9.932994448943646,-25.01832817842469,86.0,90575.59,0.0008943408697074139,0,0 days 00:15:00
2026-01-11 06:30:00+05:30,90610.0,90650.0,90579.0,90599.0,13844.0,55.194063926940636,-3.3864040308544645,-20.691943348910645,87.57142857142857,90574.0,-0.00012140677354341622,0,0 days 00:15:00
2026-01-11 06:45:00+05:30,90598.0,90620.5,90551.0,90558.5,7315.0,54.4481981981982,-1.4494867057801455,-16.843452020284545,90.0,90571.04,-0.0004471247469714114,1,0 days 00:15:00
2026-01-11 07:00:00+05:30,90559.5,90567.5,90530.0,90567.5,11922.0,61.5625,0.8025081979867537,-13.314259976630286,85.07142857142857,90568.95,9.937833339682752e-05,1,0 days 00:15:00
2026-01-11 07:15:00+05:30,90567.5,90607.5,90562.5,90607.5,7454.0,59.37912813738441,5.748629467896535,-9.501682087724925,81.28571428571429,90567.2,0.0004415620328404359,1,0 days 00:15:00
2026-01-11 07:30:00+05:30,90607.5,90667.0,90588.0,90659.5,15515.0,56.59844742413549,13.706432406252134,-4.860059188929512,79.75,90566.44,0.0005737393063980085,0,0 days 00:15:00
2026-01-11 07:45:00+05:30,90658.5,90665.0,90615.5,90649.5,11867.0,73.44322344322345,18.987258840483264,-0.0905955830469564,70.46428571428571,90566.84,-0.00011030892024266705,1,0 days 00:15:00
2026-01-11 08:00:00+05:30,90649.5,90663.5,90611.0,90663.5,14299.0,69.31216931216932,24.02508856712666,4.732541246987768,65.92857142857143,90568.4,0.00015442908150902645,0,0 days 00:15:00
2026-01-11 08:15:00+05:30,90663.5,90709.5,90644.5,90663.5,32352.0,67.12018140589569,27.698315976114827,9.32569619281318,67.46428571428571,90569.97,0.0,0,0 days 00:15:00
2026-01-11 08:30:00+05:30,90664.5,90664.5,90594.5,90612.5,17027.0,61.09391124871001,26.19217430538265,12.698991815327076,67.78571428571429,90571.71,-0.0005626779203598182,1,0 days 00:15:00
2026-01-11 08:45:00+05:30,90611.5,90702.5,90603.5,90679.5,19302.0,69.01140684410646,30.058391807731823,16.170871813808027,68.85714285714286,90574.07,0.0007391391021150867,0,0 days 00:15:00
2026-01-11 09:00:00+05:30,90680.5,90680.5,90647.5,90673.0,10403.0,68.29727187206021,32.226415300377994,19.381980511122023,66.03571428571429,90575.53,-7.168359965025549e-05,1,0 days 00:15:00
2026-01-11 09:15:00+05:30,90673.0,90705.5,90653.0,90705.0,17930.0,63.646170442286945,36.11046316155989,22.7276770412096,62.0,90578.34,0.0003528542638248381,0,0 days 00:15:00
2026-01-11 09:30:00+05:30,90706.0,90706.0,90639.0,90694.5,18537.0,69.49352179034159,37.90439851534029,25.76302133603573,63.035714285714285,90579.99,-0.00011576658162484471,0,0 days 00:15:00
2026-01-11 09:45:00+05:30,90695.5,90724.5,90672.0,90682.0,26789.0,60.1123595505618,37.88079346757149,28.186575762342887,60.21428571428572,90580.98,-0.00013783483549176487,1,0 days 00:15:00
2026-01-11 10:00:00+05:30,90682.5,90750.0,90677.0,90718.5,26844.0,65.66186107470512,40.34229044189851,30.617718698254013,60.35714285714285,90582.52,0.00040242447504367434,1,0 days 00:15:00
2026-01-11 10:15:00+05:30,90718.5,90759.5,90718.5,90759.5,21979.0,76.30890052356021,45.08172778142034,33.51052051488728,58.32142857142857,90585.34,0.0004518454104362049,0,0 days 00:15:00
2026-01-11 10:30:00+05:30,90758.5,90759.5,90745.5,90753.0,14412.0,74.44005270092227,47.76269176218193,36.36095476434621,56.642857142857146,90586.97,-7.162041184793955e-05,0,0 days 00:15:00
2026-01-11 10:45:00+05:30,90753.0,90753.0,90704.5,90733.5,22189.0,67.54874651810584,47.763302382285474,38.64142428793406,56.892857142857146,90588.65,-0.00021489201758850425,1,0 days 00:15:00
2026-01-11 11:00:00+05:30,90734.5,90788.5,90733.5,90788.5,27011.0,67.81767955801104,51.60693403755431,41.234526237858105,55.17857142857143,90590.65,0.0006059871716166977,0,0 days 00:15:00
2026-01-11 11:15:00+05:30,90788.5,90827.5,90712.0,90739.0,72711.0,61.14570361145704,50.081495202946826,43.003920030875854,59.892857142857146,90591.08,-0.0005453719268639939,1,0 days 00:15:00
2026-01-11 11:30:00+05:30,90740.0,90767.0,90739.0,90753.0,18529.0,61.14570361145704,49.432430643602856,44.289622153421256,58.142857142857146,90593.51,0.00015427677283593035,0,0 days 00:15:00
2026-01-11 11:45:00+05:30,90754.0,90754.0,90541.5,90637.5,91649.0,47.48549323017408,39.14689652281231,43.26107702729947,68.67857142857143,90595.84,-0.0012734957520900644,0,0 days 00:15:00
2026-01-11 12:00:00+05:30,90637.0,90652.5,90626.0,90634.5,20901.0,52.34541577825159,30.402994900839985,40.68946060200758,65.57142857142857,90598.41,-3.309943069280892e-05,1,0 days 00:15:00
2026-01-11 12:15:00+05:30,90634.5,90715.0,90633.5,90706.5,25846.0,52.848101265822784,28.94947659416357,38.34146380043877,64.32142857142857,90601.55,0.0007940841153784181,0,0 days 00:15:00
2026-01-11 12:30:00+05:30,90706.0,90707.0,90638.5,90647.0,20781.0,47.53320683111955,22.7343328884308,35.22003761803718,66.85714285714286,90603.13,-0.0006561770479742486,1,0 days 00:15:00
2026-01-11 12:45:00+05:30,90646.5,90718.0,90637.0,90695.0,20807.0,49.079189686924494,21.43489741654776,32.4630095777393,68.89285714285714,90605.73,0.0005293864755104713,0,0 days 00:15:00
2026-01-11 13:00:00+05:30,90695.0,90708.5,90663.5,90679.5,11971.0,48.63138686131387,18.93608162045712,29.757623986282866,67.32142857142857,90608.24,-0.00017091708082149682,0,0 days 00:15:00
2026-01-11 13:15:00+05:30,90678.5,90679.5,90667.0,90673.5,10377.0,49.2151431209603,16.283891676255735,27.062877524277443,64.46428571428571,90610.05,-6.616929416317797e-05,0,0 days 00:15:00
2026-01-11 13:30:00+05:30,90675.0,90693.5,90565.0,90638.5,30232.0,42.59259259259259,11.228370874654502,23.89597619435286,68.42857142857143,90610.69,-0.0003860748371286995,1,0 days 00:15:00
2026-01-11 13:45:00+05:30,90639.5,90702.5,90639.5,90690.5,13748.0,43.738656987295826,11.287682259440771,21.37431740737044,70.07142857142857,90612.48,0.0005735431334806287,1,0 days 00:15:00
2026-01-11 14:00:00+05:30,90691.5,90769.5,90644.0,90700.0,43229.0,45.21660649819494,11.96335149530205,19.49212422495676,78.03571428571429,90613.73,0.00010474638979102083,1,0 days 00:15:00
2026-01-11 14:15:00+05:30,90699.0,90790.0,90673.5,90763.0,15879.0,52.46861924686193,17.382028514912236,19.07010508294785,82.89285714285714,90616.76,0.0006943564531744174,0,0 days 00:15:00
2026-01-11 14:30:00+05:30,90764.5,90788.0,90735.5,90739.0,30650.0,45.63106796116505,19.514815028684097,19.159047072095102,82.71428571428571,90620.4,-0.00026445989730003666,0,0 days 00:15:00
2026-01-11 14:45:00+05:30,90739.0,90786.0,90713.5,90714.5,22441.0,47.737765466297326,19.00899460465007,19.129036578606097,79.64285714285714,90623.74,-0.0002700416376524606,0,0 days 00:15:00
2026-01-11 15:00:00+05:30,90714.5,90737.0,90634.0,90712.0,33297.0,46.132075471698116,18.19663963306812,18.9425571894985,85.0,90627.86,-2.7559369774104198e-05,0,0 days 00:15:00
2026-01-11 15:15:00+05:30,90717.0,90757.5,90694.0,90698.5,16014.0,57.126168224299064,16.27588699570333,18.409223150739468,74.35714285714286,90631.17,-0.00014883372268886845,1,0 days 00:15:00
2026-01-11 15:30:00+05:30,90698.5,90709.5,90648.5,90704.0,15832.0,58.07200929152149,15.024290063316585,17.73223653325489,76.82142857142857,90635.09,6.063863509797408e-05,0,0 days 00:15:00
2026-01-11 15:45:00+05:30,90704.0,90704.0,90675.5,90692.0,6983.0,48.043184885290145,12.915212238091044,16.768831674222124,73.03571428571429,90639.34,-0.00013230721755170917,0,0 days 00:15:00
2026-01-11 16:00:00+05:30,90692.0,90704.5,90651.0,90661.5,10258.0,52.12298682284041,8.682570497650886,15.151579438907875,71.96428571428571,90644.92,-0.0003363596543498009,1,0 days 00:15:00
2026-01-11 16:15:00+05:30,90660.5,90704.0,90660.5,90698.0,9685.0,50.45454545454545,8.179132433258928,13.757090037778088,69.28571428571429,90649.57,0.00040251545127569047,0,0 days 00:15:00
2026-01-11 16:30:00+05:30,90699.0,90699.0,90658.5,90667.0,9240.0,48.19102749638205,5.218556941967108,12.049383418615893,68.96428571428571,90651.59,-0.00034185206960433946,1,0 days 00:15:00
2026-01-11 16:45:00+05:30,90667.0,90678.0,90662.0,90677.0,5824.0,50.500715307582254,3.637267802710994,10.366960295434913,69.21428571428571,90657.26,0.00011028763025126285,1,0 days 00:15:00
2026-01-11 17:00:00+05:30,90678.0,90709.5,90677.0,90686.5,9559.0,57.407407407407405,3.1147504679538542,8.9165183299387,62.35714285714285,90661.37,0.00010476198362610999,1,0 days 00:15:00
2026-01-11 17:15:00+05:30,90685.5,90726.5,90661.5,90726.5,9085.0,55.769230769230774,5.860758248789352,8.30536631370883,62.42857142857143,90665.65,0.0004409827371602427,1,0 days 00:15:00
2026-01-11 17:30:00+05:30,90717.0,90764.5,90679.0,90764.5,21504.0,59.47136563876652,10.97673860983923,8.83964077293491,59.57142857142857,90670.84,0.00041875355312700455,1,0 days 00:15:00
2026-01-11 17:45:00+05:30,90764.5,90838.5,90745.0,90836.5,78717.0,60.51502145922747,20.603484036764712,11.19240942570087,57.92857142857143,90677.98,0.0007929472169492463,1,0 days 00:15:00
2026-01-11 18:00:00+05:30,90836.5,90865.0,90778.5,90862.0,67812.0,67.52136752136752,29.94519644776301,14.9429668301133,60.35714285714285,90685.65,0.0002806847625865119,1,0 days 00:15:00
2026-01-11 18:15:00+05:30,90863.0,90988.0,90862.0,90898.0,121593.0,75.3103448275862,39.79474096978083,19.913321658046808,64.17857142857143,90692.04,0.0003961267657432927,1,0 days 00:15:00
2026-01-11 18:30:00+05:30,90899.0,90936.5,90870.0,90909.5,44541.0,76.5814266487214,47.97549817683466,25.525756961804383,61.57142857142857,90699.65,0.0001265074324803804,0,0 days 00:15:00
2026-01-11 18:45:00+05:30,90909.5,90931.5,90789.5,90851.0,66104.0,68.30732292917168,49.17152734842966,30.254911039129443,67.17857142857143,90704.47,-0.0006437042373891109,0,0 days 00:15:00
2026-01-11 19:00:00+05:30,90851.0,90851.0,90788.5,90789.0,43326.0,58.98520084566596,44.60235900882981,33.12440063306952,67.28571428571429,90708.27,-0.000682669042147731,1,0 days 00:15:00
2026-01-11 19:15:00+05:30,90789.0,90859.5,90789.0,90821.5,36086.0,63.12056737588653,43.10682986516622,35.12088647948886,70.28571428571429,90713.53,0.00035790882517189716,1,0 days 00:15:00
2026-01-11 19:30:00+05:30,90820.5,90934.5,90820.5,90903.0,46784.0,72.1763085399449,47.94529757463897,37.685768698518885,74.60714285714286,90720.24,0.0008969622198898098,1,0 days 00:15:00
2026-01-11 19:45:00+05:30,90903.5,90953.5,90890.0,90953.5,34627.0,72.87376902417189,55.21822472510394,41.1922599038359,76.03571428571429,90727.16,0.0005553829673182804,1,0 days 00:15:00
2026-01-11 20:00:00+05:30,90953.5,91019.0,90916.0,90997.0,128779.0,78.89667250437829,63.75720497431757,45.70524891793223,80.5,90733.91,0.00047815203397395703,1,0 days 00:15:00
2026-01-11 20:15:00+05:30,90996.0,91153.0,90947.5,91084.5,137801.0,81.41865844255975,76.70076836073713,51.90435280649321,94.03571428571428,90742.61,0.0009611081492136304,0,0 days 00:15:00
2026-01-11 20:30:00+05:30,91084.5,91113.0,90834.0,90879.0,128351.0,61.397276494967436,69.57449160242686,55.43838056567994,111.64285714285714,90746.92,-0.0022586956984968613,1,0 days 00:15:00
2026-01-11 20:45:00+05:30,90879.0,90979.5,90827.5,90922.0,70905.0,61.53392330383481,66.62855406694871,57.6764152659337,117.85714285714286,90752.09,0.0004730447115455351,0,0 days 00:15:00
2026-01-11 21:00:00+05:30,90922.0,90985.5,90733.5,90806.0,107571.0,52.242031334413824,54.30762233326095,57.00265667939915,129.75,90755.96,-0.001276633383459509,1,0 days 00:15:00
2026-01-11 21:15:00+05:30,90805.0,90862.5,90661.5,90843.0,143389.0,50.36496350364963,46.98714735863905,54.99955481524714,137.42857142857142,90759.23,0.000407379071855091,1,0 days 00:15:00
2026-01-11 21:30:00+05:30,90844.0,90959.5,90844.0,90858.0,73994.0,49.77272727272727,41.9128476222977,52.382213376657255,139.57142857142858,90762.93,0.000165106411457041,1,0 days 00:15:00
2026-01-11 21:45:00+05:30,90858.0,91039.5,90844.5,91001.5,68643.0,55.24050632911393,48.90691081891418,51.68715286510864,144.5,90768.86,0.0015781416949084313,1,0 days 00:15:00
2026-01-11 22:00:00+05:30,90996.5,91257.5,90996.5,91090.5,219139.0,58.497652582159624,60.92896134825424,53.53551456173776,158.39285714285714,90776.78,0.0009775279209089625,0,0 days 00:15:00
2026-01-11 22:15:00+05:30,91089.5,91100.0,90924.0,91005.5,102197.0,57.0774163994503,62.87297288719856,55.40300622682992,160.82142857142858,90783.25,-0.0009335735674978717,1,0 days 00:15:00
2026-01-11 22:30:00+05:30,91005.5,91113.0,90980.0,91019.5,73586.0,61.04456157163393,64.79636685205332,57.2816783518746,165.85714285714286,90789.27,0.0001538250243383934,0,0 days 00:15:00
2026-01-11 22:45:00+05:30,91019.5,91028.0,90897.5,91014.5,63821.0,59.49803149606299,65.16601891166647,58.85854646383298,170.14285714285714,90794.37,-5.4934792415204024e-05,0,0 days 00:15:00
2026-01-11 23:00:00+05:30,91013.5,91026.0,90861.5,90959.5,45818.0,52.85497726124305,60.32553526708216,59.15194422448282,173.75,90798.5,-0.0006044819773675694,0,0 days 00:15:00
2026-01-11 23:15:00+05:30,90959.5,90992.5,90917.5,90954.5,18018.0,50.05296610169492,55.44680266499927,58.41091591258611,174.57142857142858,90802.92,-5.497103028093768e-05,0,0 days 00:15:00
2026-01-11 23:30:00+05:30,90953.5,90954.5,90859.0,90859.0,37252.0,43.07228915662651,43.37432780394738,55.40359829085837,174.03571428571428,90804.33,-0.0010505271476857077,1,0 days 00:15:00
2026-01-11 23:45:00+05:30,90863.0,90920.5,90858.5,90896.0,22938.0,40.03172924378636,36.37310872129456,51.5975003769456,163.78571428571428,90807.47,0.0004071414872889476,0,0 days 00:15:00
2026-01-12 00:00:00+05:30,90896.5,90901.0,90759.5,90819.5,61859.0,46.356399265156156,24.37075065118552,46.1521504317936,153.96428571428572,90808.8,-0.0008419755554081532,1,0 days 00:15:00
2026-01-12 00:15:00+05:30,90821.0,90922.5,90811.0,90850.5,33638.0,45.556246115599755,17.162398879416287,40.35420012131814,151.07142857142858,90813.06,0.000341278144997992,1,0 days 00:15:00
2026-01-12 00:30:00+05:30,90849.5,90894.5,90812.0,90894.5,18138.0,56.04095563139932,14.829218444225262,35.24920378589957,138.96428571428572,90818.26,0.0004841948979024147,0,0 days 00:15:00
2026-01-12 00:45:00+05:30,90893.0,90902.0,90837.5,90864.0,9048.0,51.446280991735534,10.399185699337975,30.27920016858725,129.21428571428572,90821.41,-0.000335610167186436,0,0 days 00:15:00
2026-01-12 01:00:00+05:30,90866.5,90873.0,90737.5,90753.5,24515.0,43.63968350578211,-2.004961729820934,23.822367788905616,130.57142857142858,90823.54,-0.001216843240710211,0,0 days 00:15:00
2026-01-12 01:15:00+05:30,90752.5,90759.5,90635.0,90654.5,85895.0,27.670527670527676,-19.597898185951635,15.138314593934163,125.53571428571428,90822.73,-0.001091462447390871,0,0 days 00:15:00
2026-01-12 01:30:00+05:30,90653.0,90668.5,90358.5,90532.0,187818.0,15.545959284392353,-42.93027976057783,3.5245957230317657,129.03571428571428,90819.78,-0.0013521980794961774,0,0 days 00:15:00
2026-01-12 01:45:00+05:30,90532.0,90553.0,90375.5,90494.5,54309.0,16.513761467889907,-63.712854729179526,-9.922894367410493,129.14285714285714,90816.2,-0.0004143039890446624,1,0 days 00:15:00
2026-01-12 02:00:00+05:30,90494.5,90623.5,90428.5,90569.0,32573.0,22.647237401335758,-73.32640657376032,-22.603596808680457,133.57142857142858,90814.81,0.0008229157638532442,1,0 days 00:15:00
2026-01-12 02:15:00+05:30,90569.0,90716.5,90569.0,90663.0,19091.0,30.739726027397268,-72.52418757366831,-32.58771496167803,134.78571428571428,90814.26,0.001037344491362722,0,0 days 00:15:00
2026-01-12 02:30:00+05:30,90663.0,90664.0,90553.0,90626.0,11101.0,31.358300726662932,-74.02074889752839,-40.8743217488481,130.96428571428572,90812.78,-0.00040818803693259617,0,0 days 00:15:00
2026-01-12 02:45:00+05:30,90626.0,90740.0,90597.5,90603.0,17036.0,30.739726027397268,-76.18448499003716,-47.93635439708592,135.78571428571428,90809.58,-0.00025382251321236633,1,0 days 00:15:00
2026-01-12 03:00:00+05:30,90606.5,90683.0,90605.5,90654.5,5165.0,38.22682786413356,-72.90325845294865,-52.929735208258464,134.67857142857142,90807.89,0.0005682523634699652,1,0 days 00:15:00
2026-01-12 03:15:00+05:30,90653.5,90804.5,90640.5,90720.0,19772.0,40.18952062430323,-64.27661933183845,-55.19911203297446,141.96428571428572,90808.0,0.0007222625324663221,0,0 days 00:15:00
2026-01-12 03:30:00+05:30,90720.0,90720.0,90419.0,90530.0,28312.0,35.67540821375556,-71.94205455796327,-58.54770053797223,153.35714285714286,90804.36,-0.0020965524920929695,1,0 days 00:15:00
2026-01-12 03:45:00+05:30,90522.0,90689.0,90522.0,90645.0,8040.0,40.612151667428044,-67.9540957800491,-60.42897958638761,157.32142857142858,90803.29,0.0012694909942825249,1,0 days 00:15:00
2026-01-12 04:00:00+05:30,90650.5,90703.5,90596.0,90671.5,8596.0,39.64716805942433,-61.94126088816847,-60.731435846743786,159.10714285714286,90802.64,0.0002923065489207722,0,0 days 00:15:00
2026-01-12 04:15:00+05:30,90670.5,90671.5,90492.0,90492.0,8527.0,34.82871125611746,-70.84355536446674,-62.75385975028839,167.32142857142858,90798.64,-0.001981636022041886,1,0 days 00:15:00
2026-01-12 04:30:00+05:30,90492.0,90696.5,90195.0,90678.0,104218.0,47.099500576258166,-62.17334670214041,-62.63775714065879,193.4642857142857,90798.97,0.0020533208075283063,1,0 days 00:15:00
2026-01-12 04:45:00+05:30,90677.0,91009.5,90677.0,90713.5,59852.0,52.382875605815826,-51.840011178079294,-60.478207948142895,208.32142857142856,90799.28,0.00039141856650668985,1,0 days 00:15:00
2026-01-12 05:00:00+05:30,90726.0,90915.0,90657.5,90900.0,21359.0,64.1321044546851,-28.2758307967888,-54.03773251787208,204.57142857142856,90803.94,0.0020538128008879956,1,0 days 00:15:00
2026-01-12 05:15:00+05:30,90898.0,90986.5,90825.5,90986.5,16835.0,68.20873427091044,-2.59134952032764,-43.74845591836319,203.39285714285717,90810.13,0.0009511426798711067,0,0 days 00:15:00
2026-01-12 05:30:00+05:30,90974.0,91009.5,90762.0,90884.0,30768.0,61.421319796954315,9.384712442959426,-33.12182224609867,207.14285714285717,90814.08,-0.0011271757745472512,1,0 days 00:15:00
2026-01-12 05:45:00+05:30,90884.0,91197.5,90847.5,91117.5,57397.0,64.96542640763911,37.28749930943013,-19.039957934992906,221.6071428571429,90821.9,0.0025659143261128827,0,0 days 00:15:00
2026-01-12 06:00:00+05:30,91108.5,91161.5,90768.0,90795.0,38132.0,54.6840354767184,32.99723261722829,-8.632519824548666,241.78571428571428,90822.51,-0.003545664403109577,1,0 days 00:15:00
2026-01-12 06:15:00+05:30,90783.0,91239.0,90651.0,91239.0,64536.0,64.29213483146067,64.67867913910595,6.029719968182257,273.60714285714283,90830.56,0.004878219239147598,1,0 days 00:15:00
2026-01-12 06:30:00+05:30,91238.0,91779.5,91187.5,91498.0,181493.0,67.33812949640287,109.42421497090254,26.70861896872632,310.17857142857144,90843.28,0.002834676868182606,0,0 days 00:15:00
2026-01-12 06:45:00+05:30,91497.0,91549.0,91350.0,91484.5,44271.0,66.05755093467758,142.15733603601984,49.79836238218502,312.67857142857144,90855.01,-0.00014755509433413448,0,0 days 00:15:00
2026-01-12 07:00:00+05:30,91498.0,91504.0,91057.0,91351.0,77072.0,67.66351118760758,155.53334443706262,70.94535879316055,323.10714285714283,90863.84,-0.0014603293531590062,1,0 days 00:15:00
2026-01-12 07:15:00+05:30,91350.0,91487.0,91342.5,91378.5,35018.0,66.39839034205231,166.43439552691416,90.04316613991128,321.5,90874.39,0.0003009913583478417,1,0 days 00:15:00
2026-01-12 07:30:00+05:30,91380.0,91709.0,91332.5,91707.5,65564.0,70.40173296573454,199.32343104714528,111.89921912135809,340.7142857142857,90892.76,0.0035939433285488045,1,0 days 00:15:00
2026-01-12 07:45:00+05:30,91705.0,91929.5,91598.0,91751.5,116815.0,76.20137299771167,226.3296733374009,134.78530996456664,351.57142857142856,90911.36,0.00047967121638778246,1,0 days 00:15:00
2026-01-12 08:00:00+05:30,91754.0,91982.5,91689.0,91910.5,86823.0,75.93099095308227,257.59291532164207,159.34683103598172,336.7142857142857,90931.51,0.0017314418847889472,1,0 days 00:15:00
2026-01-12 08:15:00+05:30,91910.5,92376.0,91910.5,92178.5,188912.0,78.07589114603297,300.5302939096,187.58352361070536,346.2142857142857,90956.01,0.0029116371899866886,1,0 days 00:15:00
2026-01-12 08:30:00+05:30,92199.5,92455.5,92114.0,92399.5,117442.0,78.36202004917723,348.3754732146044,219.7419135314852,352.2142857142857,90984.06,0.0023946527279287044,0,0 days 00:15:00
2026-01-12 08:45:00+05:30,92398.5,92497.5,92325.0,92353.5,131071.0,76.25816365731848,378.2214060237602,251.4378120299402,353.0357142857143,91009.44,-0.0004979621543415771,0,0 days 00:15:00
2026-01-12 09:00:00+05:30,92356.5,92424.5,91913.0,91959.0,148688.0,68.56649395509498,365.82467069163977,274.3151837622801,371.8928571428572,91031.04,-0.004280779680560421,0,0 days 00:15:00
2026-01-12 09:15:00+05:30,91959.0,91989.0,91766.0,91776.0,89113.0,61.574969238882055,337.34489605033014,286.92112621989014,362.82142857142856,91048.12,-0.001992000005583783,1,0 days 00:15:00
2026-01-12 09:30:00+05:30,91775.0,92062.0,91716.5,92053.0,98466.0,72.47231153983566,333.28416211709555,296.1937333993312,359.3928571428572,91073.06,0.0030136725940731403,0,0 days 00:15:00
2026-01-12 09:45:00+05:30,92052.5,92082.5,91978.5,92008.0,56843.0,66.02083333333334,322.71482171794923,301.4979510630548,324.82142857142856,91096.36,-0.0004889683408933827,1,0 days 00:15:00
2026-01-12 10:00:00+05:30,92007.0,92197.5,91980.0,92159.5,64135.0,64.42748091603053,322.8418077673996,305.7667224039238,298.07142857142856,91122.39,0.0016452417953613542,0,0 days 00:15:00
2026-01-12 10:15:00+05:30,92158.5,92255.0,92109.0,92136.5,57827.0,64.16159860990443,317.42743150680326,308.0988642244997,294.2857142857143,91145.09,-0.0002495984733190836,0,0 days 00:15:00
2026-01-12 10:30:00+05:30,92136.5,92206.0,92002.0,92095.5,53607.0,66.84770310024894,306.2973369264946,307.7385587648987,276.92857142857144,91165.19,-0.0004450909796002607,1,0 days 00:15:00
2026-01-12 10:45:00+05:30,92095.5,92226.5,92062.0,92199.5,33987.0,67.95713035870517,302.3829057091207,306.6674281537431,278.35714285714283,91189.07,0.0011286254216289573,0,0 days 00:15:00
2026-01-12 11:00:00+05:30,92198.5,92229.5,92051.5,92068.5,34329.0,58.64463601532566,285.41994215468003,302.4179309539305,264.17857142857144,91210.05,-0.001421842339087842,1,0 days 00:15:00
2026-01-12 11:15:00+05:30,92069.5,92099.5,92042.0,92075.5,15578.0,57.89858605558265,269.4356266387622,295.82147009089687,244.6071428571429,91231.27,7.602745680967512e-05,1,0 days 00:15:00
2026-01-12 11:30:00+05:30,92076.5,92177.0,92000.5,92129.5,39098.0,55.626927029804726,258.14950335262984,288.28707674324346,236.25,91254.67,0.000586303320180007,0,0 days 00:15:00
2026-01-12 11:45:00+05:30,92128.5,92166.5,91919.0,91920.5,59674.0,43.163751987281394,229.69285971416684,276.5682333374282,220.67857142857144,91273.99,-0.0022711229539272124,0,0 days 00:15:00
2026-01-12 12:00:00+05:30,91919.0,91919.0,91769.0,91894.0,79074.0,35.06646971935008,202.66622598358663,261.7878318666599,207.1071428571429,91294.69,-0.0002883341649716491,0,0 days 00:15:00
2026-01-12 12:15:00+05:30,91893.0,91893.0,91775.0,91799.0,40501.0,34.07981625035889,171.60357874755573,243.75098124283903,203.28571428571428,91312.75,-0.001034334552428542,0,0 days 00:15:00
2026-01-12 12:30:00+05:30,91799.0,91942.0,91743.0,91787.5,59817.0,43.687891056312104,144.39377161109587,223.87953931649045,180.9642857142857,91332.11,-0.00012528154319666767,1,0 days 00:15:00
2026-01-12 12:45:00+05:30,91788.0,91893.5,91719.5,91854.5,50755.0,53.15895372233401,126.7747629245714,204.45858403810664,177.46428571428572,91352.19,0.0007296806065362522,0,0 days 00:15:00
2026-01-12 13:00:00+05:30,91854.5,91866.5,91502.0,91543.0,145576.0,30.031323414252157,86.67696679780784,180.9022605900469,178.82142857142858,91365.16,-0.0033969961373331668,0,0 days 00:15:00
2026-01-12 13:15:00+05:30,91543.0,91546.0,91352.0,91378.0,138522.0,27.451682176091623,41.11114969794289,152.9440384116261,185.25,91375.44,-0.001804057978592901,1,0 days 00:15:00
2026-01-12 13:30:00+05:30,91378.0,91596.0,91311.5,91509.0,120483.0,26.37123138394479,15.393074765597705,125.43384568242044,190.03571428571428,91390.55,0.001432578831782239,0,0 days 00:15:00
2026-01-12 13:45:00+05:30,91509.0,91571.5,91421.0,91421.0,47694.0,25.18210197710718,-11.951776816902566,97.95672118255584,190.3571428571429,91405.88,-0.0009621167308613497,0,0 days 00:15:00
2026-01-12 14:00:00+05:30,91421.0,91421.0,90460.0,90528.5,410837.0,15.830789358918437,-104.43618444629828,57.47814005678504,244.42857142857144,91405.81,-0.009810493112298074,1,0 days 00:15:00
2026-01-12 14:15:00+05:30,90529.5,90824.5,90350.0,90723.0,215217.0,19.026641493601858,-160.18965270924673,13.944581503578682,266.57142857142856,91410.38,0.0021461899587887257,1,0 days 00:15:00
2026-01-12 14:30:00+05:30,90724.0,90822.0,90619.0,90777.5,81925.0,22.01993931512787,-197.6980434826837,-28.3839434936738,268.35714285714283,91414.55,0.0006005493278309973,0,0 days 00:15:00
2026-01-12 14:45:00+05:30,90778.0,90878.5,90740.5,90767.5,79613.0,21.688311688311686,-225.6297109720472,-67.83309698934848,274.10714285714283,91416.64,-0.00011016552381076351,1,0 days 00:15:00
2026-01-12 15:00:00+05:30,90767.5,90905.0,90719.5,90807.0,69302.0,21.193639729906337,-241.79122013354208,-102.6247216181872,274.75,91420.26,0.00043508312701505885,0,0 days 00:15:00
2026-01-12 15:15:00+05:30,90806.0,90853.0,90640.0,90655.5,47238.0,21.738159070598755,-263.7833857713704,-134.85645444882385,272.2857142857143,91421.31,-0.001669766868637136,1,0 days 00:15:00
2026-01-12 15:30:00+05:30,90668.0,90766.0,90551.5,90665.0,105965.0,22.332282755515536,-277.24980174664233,-163.33512390838757,276.7857142857143,91421.52,0.00010478682784020617,0,0 days 00:15:00
2026-01-12 15:45:00+05:30,90665.0,90683.0,90507.5,90529.0,66886.0,21.927497789566758,-295.4898735022289,-189.76607382715585,280.82142857142856,91417.7,-0.0015011537417270497,0,0 days 00:15:00
2026-01-12 16:00:00+05:30,90530.0,90606.5,90495.5,90505.5,47376.0,21.811785400175907,-308.28776592039503,-213.4704122458037,274.5357142857143,91417.21,-0.0002596190243516511,0,0 days 00:15:00
2026-01-12 16:15:00+05:30,90504.5,90504.5,90328.0,90409.0,110467.0,18.62383329715651,-322.4993595138949,-235.27620169942196,274.7857142857143,91412.49,-0.001066802375176719,1,0 days 00:15:00
2026-01-12 16:30:00+05:30,90404.5,90593.5,90390.5,90552.0,62176.0,26.79156908665105,-318.5511851553456,-251.93119839060668,263.25,91410.1,0.0015804513653856155,1,0 days 00:15:00
2026-01-12 16:45:00+05:30,90551.0,90787.0,90521.0,90660.0,93957.0,32.723772858517805,-303.2122886048601,-262.1874164334574,268.3928571428572,91413.46,0.0011919741825842354,0,0 days 00:15:00
2026-01-12 17:00:00+05:30,90659.0,90723.5,90523.0,90565.0,52012.0,26.885406464250735,-295.3175714943063,-268.8134474456272,262.3928571428572,91411.2,-0.0010484205678232624,1,0 days 00:15:00
2026-01-12 17:15:00+05:30,90565.0,90658.5,90557.0,90583.5,29791.0,28.770595690747783,-284.2910259348282,-271.9089631434674,258.8928571428572,91408.6,0.00020425231303957867,1,0 days 00:15:00
2026-01-12 17:30:00+05:30,90593.5,90752.0,90582.5,90734.0,66300.0,58.350264120276314,-260.4065127365466,-269.60847306208325,202.3571428571429,91405.28,0.001660071802918159,1,0 days 00:15:00
2026-01-12 17:45:00+05:30,90733.0,90837.0,90733.0,90749.5,64045.0,51.26010461245839,-237.48951222236792,-263.1846808941402,175.89285714285714,91400.54,0.00017081442707124985,0,0 days 00:15:00
2026-01-12 18:00:00+05:30,90749.5,90777.5,90640.0,90701.5,63575.0,46.36363636363636,-220.65722393096075,-254.6791895015043,171.21428571428572,91396.89,-0.0005290684660834543,1,0 days 00:15:00
2026-01-12 18:15:00+05:30,90702.5,90797.5,90674.5,90751.5,39509.0,49.26267281105991,-200.9663174470188,-243.93661509060723,170.14285714285714,91389.57,0.0005511069121534104,0,0 days 00:15:00
2026-01-12 18:30:00+05:30,90751.5,90797.5,90499.5,90522.0,105347.0,38.8235294117647,-201.5564469259989,-235.4605814576856,178.17857142857142,91384.11,-0.0025320868479864526,1,0 days 00:15:00
2026-01-12 18:45:00+05:30,90526.5,90726.0,90525.5,90663.5,63422.0,50.31620553359684,-188.4341102280596,-226.0552872117604,177.53571428571428,91372.6,0.0015619354613635548,0,0 days 00:15:00
2026-01-12 19:00:00+05:30,90664.5,90763.0,90564.5,90623.5,59410.0,48.39830181397144,-179.19656312593725,-216.6835423945958,176.39285714285714,91355.11,-0.0004412892336364118,0,0 days 00:15:00
2026-01-12 19:15:00+05:30,90622.5,90668.5,90536.0,90606.5,28950.0,53.293667658308536,-171.27316795334627,-207.6014675063459,173.32142857142858,91337.55,-0.00018760690889872713,1,0 days 00:15:00
2026-01-12 19:30:00+05:30,90605.5,90638.5,90554.0,90616.0,29161.0,54.75268817204301,-162.3557139810291,-198.55231680128253,171.42857142857142,91322.85,0.00010484349359158273,0,0 days 00:15:00
2026-01-12 19:45:00+05:30,90616.0,90634.5,90087.5,90251.5,422268.0,44.49493184201328,-182.59582025364216,-195.36101749175447,197.82142857142856,91300.31,-0.004030580324926196,1,0 days 00:15:00
2026-01-12 20:00:00+05:30,90251.5,91004.5,90166.0,90771.0,504418.0,56.05976757055895,-154.93099388314295,-187.27501277003216,243.2142857142857,91281.58,0.005739633760153837,1,0 days 00:15:00
2026-01-12 20:15:00+05:30,90771.0,91099.0,90542.0,90862.5,365726.0,55.65484501535883,-124.19153169676429,-174.6583165553786,264.0,91263.8,0.001007523477113668,1,0 days 00:15:00
2026-01-12 20:30:00+05:30,90862.5,90931.0,90666.0,90897.5,192307.0,59.6070499855533,-95.90059657413804,-158.9067725591305,268.60714285714283,91243.54,0.0003851232441968303,1,0 days 00:15:00
2026-01-12 20:45:00+05:30,90897.5,91391.5,90857.5,91290.0,405169.0,66.78545972915182,-41.33190841168107,-135.3917997296406,299.5,91225.77,0.0043087545220388355,1,0 days 00:15:00
2026-01-12 21:00:00+05:30,91290.0,91552.5,91205.0,91484.5,290866.0,67.46567372585525,17.408025714583346,-104.83183464079583,312.2142857142857,91207.47,0.002128306447766973,1,0 days 00:15:00
2026-01-12 21:15:00+05:30,91482.0,91635.0,91333.5,91627.5,188553.0,69.28822495606326,74.63836697346414,-68.93779431794384,326.32142857142856,91192.95,0.0015618859394310835,1,0 days 00:15:00
2026-01-12 21:30:00+05:30,91628.5,91840.0,91584.0,91750.0,313126.0,72.30376515634971,128.39845352130942,-29.47054475009319,334.7857142857143,91188.77,0.0013360419704920138,1,0 days 00:15:00
2026-01-12 21:45:00+05:30,91753.0,92195.5,91527.5,92179.0,381592.0,76.14947792636013,203.27717143179325,17.078998486284103,373.7142857142857,91196.83,0.00466485195863485,0,0 days 00:15:00
2026-01-12 22:00:00+05:30,92179.0,92293.0,91943.0,92136.0,284594.0,81.73417223751474,256.19608521997,64.90241583302128,377.4285714285714,91198.49,-0.00046659252670830907,0,0 days 00:15:00
2026-01-12 22:15:00+05:30,92136.0,92223.5,91995.5,92087.5,144020.0,79.06122448979592,290.8682132851245,110.09557532344192,379.1428571428572,91200.08,-0.0005265343576743069,0,0 days 00:15:00
2026-01-12 22:30:00+05:30,92087.5,92274.0,91835.0,91945.5,253094.0,75.9012539184953,303.3906131847616,148.75458289570588,396.32142857142856,91195.8,-0.0015432017972945202,0,0 days 00:15:00
2026-01-12 22:45:00+05:30,91934.0,92068.5,91624.5,91687.0,279595.0,69.3395382137104,289.12308475075406,176.82828326671552,418.57142857142856,91186.81,-0.0028154076293731203,0,0 days 00:15:00
2026-01-12 23:00:00+05:30,91686.0,91723.5,90977.5,91296.5,520187.0,60.71822334225862,243.4989746129868,190.16242153596977,465.82142857142856,91170.83,-0.004268150874969662,1,0 days 00:15:00
2026-01-12 23:15:00+05:30,91295.5,91509.5,91274.0,91479.5,136685.0,70.51453391246241,219.5769626861147,196.0453297659988,443.57142857142856,91156.43,0.002002451756791388,1,0 days 00:15:00
2026-01-12 23:30:00+05:30,91479.5,91803.5,91367.0,91670.0,178510.0,66.87312312312312,213.52892527688527,199.54204886817607,414.8571428571428,91148.46,0.0020802685095981568,1,0 days 00:15:00
2026-01-12 23:45:00+05:30,91679.0,91921.0,91670.0,91885.5,121580.0,68.34648493543759,223.54793955424972,204.3432270053908,393.0,91144.66,0.002348064743487446,0,0 days 00:15:00
2026-01-13 00:00:00+05:30,91885.5,91895.0,91449.5,91627.0,162146.0,62.111904366594715,208.22895712708123,205.1203730297289,405.8928571428572,91134.61,-0.0028172486449022935,1,0 days 00:15:00
2026-01-13 00:15:00+05:30,91626.0,91744.5,91594.0,91658.0,67082.0,56.943396226415096,196.32686027242744,203.36167047826865,378.5,91129.36,0.00033827100194345355,0,0 days 00:15:00
2026-01-13 00:30:00+05:30,91654.0,91730.5,91392.0,91645.0,145234.0,53.25096212274661,183.7274754401733,199.4348314706496,377.8571428571428,91124.38,-0.00014184165040179652,1,0 days 00:15:00
2026-01-13 00:45:00+05:30,91647.0,91805.0,91646.0,91804.0,55065.0,53.552022539746424,184.44616281730123,196.4370977399799,367.75,91124.48,0.001733452238108129,0,0 days 00:15:00
2026-01-13 01:00:00+05:30,91801.0,91856.5,91709.0,91763.5,44184.0,50.28095733610822,179.67651716900582,193.08498162578508,360.0,91124.0,-0.00044125458653768715,1,0 days 00:15:00
2026-01-13 01:15:00+05:30,91767.5,91840.0,91680.5,91831.5,37443.0,41.48910115111438,179.3165210950392,190.3312895196359,323.67857142857144,91123.54,0.0007407609478411405,1,0 days 00:15:00
2026-01-13 01:30:00+05:30,91832.0,92023.5,91790.5,91838.5,81414.0,42.582897033158815,177.5493843294389,187.7749084815965,315.32142857142856,91129.45,7.622366203943324e-05,0,0 days 00:15:00
2026-01-13 01:45:00+05:30,91837.5,91838.5,91656.0,91704.0,37185.0,40.83193879990438,163.41217593099282,182.90236197147576,312.07142857142856,91135.97,-0.0014656008725536444,0,0 days 00:15:00
2026-01-13 02:00:00+05:30,91694.5,91694.5,91410.0,91440.5,60605.0,38.5901491188432,129.4538254657673,172.21265467033408,301.7142857142857,91134.6,-0.0028775112746114227,1,0 days 00:15:00
2026-01-13 02:15:00+05:30,91439.5,91481.5,91379.0,91463.5,30245.0,44.34892541087231,103.2077807939495,158.41167989505718,277.32142857142856,91135.45,0.00025149805494935616,0,0 days 00:15:00
2026-01-13 02:30:00+05:30,91451.0,91457.5,91164.0,91437.0,59508.0,54.35388906104741,79.3545232215256,142.60024856035088,245.42857142857144,91153.62,-0.00028977504364867125,0,0 days 00:15:00
2026-01-13 02:45:00+05:30,91438.0,91460.0,91296.5,91302.5,19575.0,44.34504792332268,49.03240377623297,123.8866796035273,240.28571428571428,91165.21,-0.0014720410670642345,0,0 days 00:15:00
2026-01-13 03:00:00+05:30,91301.5,91347.5,91241.0,91258.5,21799.0,35.495241452238275,21.207012144994223,103.35074611182068,216.7142857142857,91174.83,-0.00048203067305682955,0,0 days 00:15:00
2026-01-13 03:15:00+05:30,91256.0,91256.0,90886.5,91014.5,105509.0,19.903248099516247,-20.2995711802796,78.62068265340064,225.3571428571429,91179.77,-0.002677304326460541,1,0 days 00:15:00
2026-01-13 03:30:00+05:30,91014.5,91404.5,91014.5,91370.5,43664.0,41.69634185820654,-24.188779527088627,58.05879021730279,221.39285714285717,91191.04,0.003903834768403958,0,0 days 00:15:00
2026-01-13 03:45:00+05:30,91370.5,91370.5,91198.0,91226.0,19442.0,36.97225572979493,-38.48729000361345,38.74957417311954,222.9642857142857,91202.45,-0.0015827250814183388,1,0 days 00:15:00
2026-01-13 04:00:00+05:30,91226.0,91375.5,91155.5,91309.5,19467.0,40.29505351460805,-42.59025644529902,22.481608049435827,214.5,91215.34,0.0009148905919592594,0,0 days 00:15:00
2026-01-13 04:15:00+05:30,91304.0,91304.0,91173.0,91212.5,11155.0,32.25322532253226,-53.0573639828508,7.373813642978501,212.82142857142856,91229.01,-0.0010628856700227952,0,0 days 00:15:00
2026-01-13 04:30:00+05:30,91212.5,91253.0,91032.0,91126.5,25051.0,31.396028037383175,-67.51384579736623,-7.603718245090445,218.07142857142856,91241.43,-0.000943297993045645,1,0 days 00:15:00
2026-01-13 04:45:00+05:30,91126.5,91257.0,91098.0,91241.5,14438.0,33.2291074474133,-68.89697148342384,-19.862368892757125,218.03571428571428,91258.08,0.0012611863401821315,1,0 days 00:15:00
2026-01-13 05:00:00+05:30,91238.5,91290.0,91157.5,91243.5,11705.0,33.03876852907639,-69.03592213222873,-29.697079540651448,210.8571428571429,91271.91,2.1919609831761e-05,1,0 days 00:15:00
2026-01-13 05:15:00+05:30,91225.0,91270.0,91189.5,91262.5,8927.0,36.5273115654562,-66.8423829296371,-37.126140218448576,203.57142857142856,91283.96,0.0002082123334973401,1,0 days 00:15:00
2026-01-13 05:30:00+05:30,91261.5,91382.0,91224.0,91299.5,25070.0,45.007082152974505,-61.410494575146,-41.983011089788064,193.8571428571429,91298.65,0.0004053417524633456,1,0 days 00:15:00
2026-01-13 05:45:00+05:30,91291.5,91500.0,91264.5,91412.0,35836.0,48.28504828504828,-47.48054792046605,-43.08251845592366,203.3571428571429,91315.22,0.0012314497359706296,0,0 days 00:15:00
2026-01-13 06:00:00+05:30,91412.0,91530.0,91222.0,91285.0,36728.0,45.25593008739076,-46.15673731728748,-43.697362228196425,203.9642857142857,91326.24,-0.0013902803051643925,1,0 days 00:15:00
2026-01-13 06:15:00+05:30,91284.0,91489.5,91277.0,91445.0,16016.0,54.3778801843318,-31.83002829979523,-41.32389544251619,207.4642857142857,91340.15,0.0017512180910655276,1,0 days 00:15:00
2026-01-13 06:30:00+05:30,91446.0,91524.0,91365.0,91449.0,22278.0,55.99999999999999,-19.92357504334359,-37.04383136268167,211.2142857142857,91355.1,4.374118342477866e-05,0,0 days 00:15:00
2026-01-13 06:45:00+05:30,91434.0,91434.0,91261.5,91304.5,20875.0,59.744623655913976,-21.89517348865047,-34.01409978787542,198.03571428571428,91366.16,-0.0015813653923212516,0,0 days 00:15:00
2026-01-13 07:00:00+05:30,91304.5,91319.5,91019.5,91069.0,54359.0,38.97623400365631,-41.97668026501197,-35.60661588330274,191.6071428571429,91377.1,-0.002582613492603094,1,0 days 00:15:00
2026-01-13 07:15:00+05:30,91066.0,91188.0,91066.0,91166.0,21303.0,47.72727272727273,-49.493796055438,-38.38405191772979,188.0,91387.15,0.0010645595978898445,1,0 days 00:15:00
2026-01-13 07:30:00+05:30,91166.0,91354.5,91166.0,91267.0,40208.0,48.41121495327103,-46.76226231796318,-40.05969399777647,185.75,91400.02,0.001107255927589562,0,0 days 00:15:00
2026-01-13 07:45:00+05:30,91262.0,91288.5,91223.0,91246.0,12727.0,51.327784383670235,-45.764482183847576,-41.20065163499069,180.67857142857144,91412.81,-0.00023012059516499194,0,0 days 00:15:00
2026-01-13 08:00:00+05:30,91246.0,91285.5,91088.5,91095.0,28158.0,48.81266490765172,-56.50679709661927,-44.26188072731641,178.96428571428572,91422.39,-0.001656237867705408,1,0 days 00:15:00
2026-01-13 08:15:00+05:30,91095.0,91214.5,91094.0,91103.5,19001.0,44.34426229508197,-63.60112590750214,-48.12972976335355,176.21428571428572,91439.43,9.330482969031695e-05,1,0 days 00:15:00
2026-01-13 08:30:00+05:30,91102.5,91260.5,91093.5,91244.5,33659.0,50.03679175864606,-57.18669832733576,-49.94112347615,178.67857142857142,91448.9,0.0015464938261105614,1,0 days 00:15:00
2026-01-13 08:45:00+05:30,91243.5,91445.5,91240.0,91366.0,49224.0,53.540882654806715,-41.81714169529732,-48.31632711997947,187.6071428571429,91458.97,0.0013307013334830481,0,0 days 00:15:00
2026-01-13 09:00:00+05:30,91366.0,91399.5,91286.0,91306.5,25921.0,50.23584905660378,-34.04535639444657,-45.462132974872894,184.42857142857144,91467.15,-0.0006514390737979853,1,0 days 00:15:00
2026-01-13 09:15:00+05:30,91306.5,91390.5,91263.0,91389.5,17017.0,49.22653832932279,-20.94728692634089,-40.559163765166495,176.71428571428572,91469.14,0.0009086132779070596,1,0 days 00:15:00
2026-01-13 09:30:00+05:30,91390.5,91458.5,91364.5,91435.5,34431.0,55.478704040771746,-6.777035497740144,-33.80273811168123,161.42857142857142,91468.16,0.0005032134661090624,1,0 days 00:15:00
2026-01-13 09:45:00+05:30,91435.0,91630.0,91370.5,91446.0,82617.0,50.040849673202615,5.239851353690028,-25.99422021860698,164.78571428571428,91464.53,0.00011482845461717655,0,0 days 00:15:00
2026-01-13 10:00:00+05:30,91446.0,91454.5,91325.0,91340.0,30604.0,45.88989441930619,6.139237332972698,-19.567528708291047,162.67857142857142,91456.33,-0.0011598263749146966,1,0 days 00:15:00
2026-01-13 10:15:00+05:30,91339.0,91509.5,91329.5,91488.0,33926.0,56.901090635577276,18.580189455402436,-11.937985075552351,162.14285714285714,91442.51,0.0016190083830482933,1,0 days 00:15:00
2026-01-13 10:30:00+05:30,91489.0,91727.5,91451.0,91721.0,84528.0,74.56669178598342,46.7025287028373,-0.2098823198744206,160.46428571428572,91434.21,0.0025435445378603054,1,0 days 00:15:00
2026-01-13 10:45:00+05:30,91721.0,92231.5,91667.0,92060.0,232802.0,78.48948374760994,95.24621297130945,18.88133673836235,192.07142857142856,91433.66,0.003689177711333882,0,0 days 00:15:00
2026-01-13 11:00:00+05:30,92056.0,92096.5,91824.0,91915.0,97756.0,70.08679479231246,120.62663554094615,39.23039649887912,198.07142857142856,91433.05,-0.0015763014542603765,0,0 days 00:15:00
2026-01-13 11:15:00+05:30,91915.0,92088.5,91875.5,91892.5,80734.0,70.02167853824713,137.3420476904721,58.85272673719771,208.6071428571429,91437.16,-0.0002448213496444311,1,0 days 00:15:00
2026-01-13 11:30:00+05:30,91893.5,92057.0,91773.0,91902.0,68850.0,77.39307535641548,149.63085153764405,77.00835169728698,214.82142857142856,91449.27,0.00010337632528142013,0,0 days 00:15:00
2026-01-13 11:45:00+05:30,91902.0,92027.5,91860.5,91860.5,48794.0,75.132802124834,154.24309555994114,92.4553004698178,218.14285714285717,91456.89,-0.00045166996210342343,1,0 days 00:15:00
2026-01-13 12:00:00+05:30,91862.5,92109.5,91862.5,91967.0,62759.0,74.5497791369351,164.59464747985476,106.8831698718252,224.0,91462.83,0.0011586951018248163,1,0 days 00:15:00
2026-01-13 12:15:00+05:30,91967.0,92259.5,91966.0,92155.5,87764.0,75.65810854728632,185.86615228913436,122.67976635528704,230.28571428571428,91468.23,0.002047550580256111,0,0 days 00:15:00
2026-01-13 12:30:00+05:30,92161.5,92187.5,92001.5,92001.5,57817.0,71.27985303123086,188.12882811077,135.76957870638364,235.4642857142857,91475.72,-0.0016724863664974914,0,0 days 00:15:00
2026-01-13 12:45:00+05:30,92001.5,92042.0,91875.0,91994.5,75880.0,69.42838792549776,187.1992569954164,146.0555143641902,238.28571428571428,91482.45,-7.608861065863078e-05,0,0 days 00:15:00
2026-01-13 13:00:00+05:30,91994.5,92009.5,91909.0,91918.0,25523.0,65.19685039370079,178.2350715688808,152.49142580512833,238.75,91487.91,-0.0008319173999815749,0,0 days 00:15:00
2026-01-13 13:15:00+05:30,91917.5,91941.5,91880.5,91917.0,41605.0,64.92395437262357,169.1009083820827,155.8133223205192,224.57142857142856,91490.17,-1.0879321130468597e-05,1,0 days 00:15:00
2026-01-13 13:30:00+05:30,91917.0,91996.5,91890.0,91952.5,34247.0,70.31509121061359,162.84934567582968,157.2205269915813,222.92857142857144,91493.95,0.0003861434380481652,0,0 days 00:15:00
2026-01-13 13:45:00+05:30,91951.5,92051.0,91909.0,91925.5,40003.0,65.77713667508114,153.94171853357693,156.56476529998042,220.2142857142857,91495.83,-0.0002936729809335884,1,0 days 00:15:00
2026-01-13 14:00:00+05:30,91925.5,92168.5,91925.5,92112.0,47857.0,64.58955223880596,160.08597967817332,157.269008175619,217.82142857142856,91501.3,0.0020267615441577395,1,0 days 00:15:00
2026-01-13 14:15:00+05:30,92112.0,92244.5,92095.5,92147.5,65549.0,54.2209358417752,165.90742667547602,158.9966918755904,188.14285714285717,91510.17,0.00038532613449234393,1,0 days 00:15:00
2026-01-13 14:30:00+05:30,92147.5,92409.5,92135.5,92408.0,167890.0,71.39756944444444,189.3583332782,165.06902015611234,188.25,91529.52,0.0028230009184331624,1,0 days 00:15:00
2026-01-13 14:45:00+05:30,92408.0,92666.0,92322.5,92528.5,210077.0,75.44,215.18615659054197,175.09244744299826,197.57142857142856,91550.82,0.001303150184552671,0,0 days 00:15:00
2026-01-13 15:00:00+05:30,92523.5,92559.5,91898.5,92107.0,199813.0,56.16726835138388,199.34543517894053,179.9430449901867,224.5,91564.22,-0.004565760454749066,1,0 days 00:15:00
2026-01-13 15:15:00+05:30,92107.0,92302.5,92095.0,92249.5,94035.0,61.032331253545095,196.0303920766601,183.1605144074814,227.39285714285717,91583.16,0.001545918135564822,0,0 days 00:15:00
2026-01-13 15:30:00+05:30,92249.5,92327.0,92165.5,92201.5,63229.0,56.8788501026694,187.37011167370656,184.00243386072643,221.14285714285717,91602.02,-0.0005204634410605562,1,0 days 00:15:00
2026-01-13 15:45:00+05:30,92201.5,92227.0,92095.5,92221.5,61953.0,52.14843750000001,180.04516136742313,183.21097936206576,209.57142857142856,91626.16,0.00021689268777101977,0,0 days 00:15:00
2026-01-13 16:00:00+05:30,92224.0,92259.5,92017.5,92024.5,60624.0,50.72830905636479,156.53934376144025,177.87665224194066,213.57142857142856,91639.24,-0.0021384461543004557,1,0 days 00:15:00
2026-01-13 16:15:00+05:30,92022.0,92115.0,91988.5,92101.5,70090.0,53.24439053972104,142.4816308933805,170.79764797222865,210.67857142857144,91656.75,0.0008363838294286999,1,0 days 00:15:00
2026-01-13 16:30:00+05:30,92101.5,92236.5,91998.5,92187.0,62759.0,58.11218335343788,136.66454382133088,163.97102714204908,220.5,91674.3,0.0009278930170305606,0,0 days 00:15:00
2026-01-13 16:45:00+05:30,92187.0,92221.0,92078.5,92177.5,35993.0,57.81578157815781,129.79173151335272,157.13516801630982,226.32142857142856,91693.6,-0.00010305671654155566,0,0 days 00:15:00
2026-01-13 17:00:00+05:30,92176.5,92180.0,92030.0,92032.0,29293.0,52.23754573599775,111.321103847411,147.97235518253007,229.42857142857144,91711.71,-0.0015797234155485885,0,0 days 00:15:00
2026-01-13 17:15:00+05:30,92031.0,92068.5,91937.5,91972.0,74259.0,51.284885327438516,90.79487301116752,136.53685874825757,228.64285714285717,91726.32,-0.0006521597587721945,0,0 days 00:15:00
2026-01-13 17:30:00+05:30,91971.0,92037.0,91877.0,91913.5,99405.0,44.09753196550699,69.01170215074671,123.0318274287554,222.7142857142857,91739.72,-0.0006362655236390672,1,0 days 00:15:00
2026-01-13 17:45:00+05:30,91913.5,92097.5,91880.0,92048.0,57852.0,47.205841055883184,61.888001879444346,110.8030623188932,227.6071428571429,91755.43,0.0014622627448220907,1,0 days 00:15:00
2026-01-13 18:00:00+05:30,92048.0,92134.0,92048.0,92113.0,50961.0,40.694006309148264,60.78666403863463,100.79978266284152,214.17857142857144,91771.7,0.0007059041023791063,0,0 days 00:15:00
2026-01-13 18:15:00+05:30,92113.0,92117.5,92035.5,92085.0,42295.0,35.14237855946399,56.997448761205305,92.03931588251427,195.5,91785.16,-0.0003040206757474604,0,0 days 00:15:00
2026-01-13 18:30:00+05:30,92086.0,92086.0,91952.0,91980.5,62022.0,44.619310931518505,45.04296444116335,82.64004559424409,157.85714285714286,91799.07,-0.0011354654862263081,1,0 days 00:15:00
2026-01-13 18:45:00+05:30,91980.5,92112.5,91962.5,92109.0,48820.0,43.95178648299613,45.414317587099504,75.19489999281517,153.75,91812.35,0.00139606029534947,1,0 days 00:15:00
2026-01-13 19:00:00+05:30,92110.0,92564.5,91845.0,92163.0,404550.0,48.35117773019272,49.495414010976674,70.05500279644747,193.6071428571429,91826.63,0.0005860901444143051,0,0 days 00:15:00
2026-01-13 19:15:00+05:30,92164.5,92222.0,92012.0,92030.0,96031.0,42.522452167122225,41.51911731730797,64.34782570061957,199.2142857142857,91841.14,-0.0014441376503414114,0,0 days 00:15:00
2026-01-13 19:30:00+05:30,92019.5,92031.0,91738.5,91937.5,241194.0,46.30102040816327,27.417812302985112,56.96182302109268,202.82142857142856,91858.51,-0.001005612489109236,1,0 days 00:15:00
2026-01-13 19:45:00+05:30,91938.5,92404.0,91933.5,92391.0,185408.0,59.32367149758454,52.23396578403481,56.0162515736811,227.39285714285717,91883.01,0.004920572944638647,1,0 days 00:15:00
2026-01-13 20:00:00+05:30,92393.0,92892.5,92281.5,92662.0,518679.0,63.66513233601842,92.69979582435916,63.352960423816725,254.03571428571428,91910.91,0.0029288927359095445,0,0 days 00:15:00
2026-01-13 20:15:00+05:30,92662.0,92740.0,92357.5,92423.0,267604.0,56.23888182973316,104.28185872406176,71.53874008386573,271.17857142857144,91934.45,-0.002582598620530909,1,0 days 00:15:00
2026-01-13 20:30:00+05:30,92420.5,92569.5,92077.5,92556.0,358700.0,63.40153452685422,122.77741388791765,81.78647484467612,295.60714285714283,91963.67,0.0014380013181891141,0,0 days 00:15:00
2026-01-13 20:45:00+05:30,92556.0,92557.0,92157.0,92363.5,145331.0,59.37724550898204,120.51293529677788,89.53176693509647,314.82142857142856,91988.87,-0.0020819877788484046,1,0 days 00:15:00
2026-01-13 21:00:00+05:30,92363.5,93134.5,92329.0,92898.0,443156.0,69.20226253169494,160.00358101259917,103.62612975059702,360.9285714285714,92021.94,0.005770238101740675,1,0 days 00:15:00
2026-01-13 21:15:00+05:30,92892.5,93417.5,92787.5,93416.5,365780.0,73.21458863443596,230.48196633395852,128.99729706726933,390.3928571428572,92062.95,0.005565872098492977,0,0 days 00:15:00
2026-01-13 21:30:00+05:30,93414.5,93675.0,93247.0,93250.5,411373.0,68.65671641791045,269.83133413463656,157.1641044807428,414.82142857142856,92101.83,-0.0017785687214031012,0,0 days 00:15:00
2026-01-13 21:45:00+05:30,93250.5,93445.0,93018.5,93158.5,285523.0,67.24497991967871,290.246578603721,183.78059930533848,439.4285714285714,92137.21,-0.0009870768843756276,1,0 days 00:15:00
2026-01-13 22:00:00+05:30,93158.5,93631.5,93096.5,93507.5,282483.0,72.74352100089365,330.7742307820299,213.17932560067675,468.07142857142856,92178.65,0.0037393034259523457,0,0 days 00:15:00
2026-01-13 22:15:00+05:30,93508.5,93716.5,93323.5,93350.5,277922.0,68.33554866341751,346.2329413971456,239.79004875997052,485.4285714285714,92216.74,-0.0016804208216388394,0,0 days 00:15:00
2026-01-13 22:30:00+05:30,93351.5,93461.0,93196.0,93285.5,219160.0,66.5243633151774,349.213607076832,261.67476042334283,452.9642857142857,92255.65,-0.0006965430316553667,1,0 days 00:15:00
2026-01-13 22:45:00+05:30,93285.5,93421.0,93059.0,93371.5,191459.0,70.02537692192865,354.4296430700051,280.22573695267533,463.82142857142856,92293.32,0.0009214763559399792,0,0 days 00:15:00
2026-01-13 23:00:00+05:30,93371.5,93424.5,93123.5,93350.0,126541.0,71.54186365716029,352.76209698978346,294.733008960097,464.4285714285714,92325.9,-0.00023028949633567802,0,0 days 00:15:00
2026-01-13 23:15:00+05:30,93343.0,93424.0,93186.5,93199.5,81053.0,63.58595194085028,335.4298361350375,302.8723743950851,447.7857142857143,92348.69,-0.001613513117443751,1,0 days 00:15:00
2026-01-13 23:30:00+05:30,93199.5,93627.0,93147.5,93528.0,151082.0,64.27629409825255,344.2329954524175,311.1444986065516,438.3928571428572,92380.95,0.0035184998342299655,1,0 days 00:15:00
2026-01-13 23:45:00+05:30,93529.0,93694.5,93496.0,93530.0,121504.0,69.79613733905579,347.366718616162,318.3889426084737,425.25,92413.7,2.138374194176642e-05,1,0 days 00:15:00
2026-01-14 00:00:00+05:30,93537.0,93706.0,93463.0,93581.0,100505.0,68.88356669123066,349.93169581149414,324.6974932490778,407.4642857142857,92447.28,0.0005451309785417189,1,0 days 00:15:00
2026-01-14 00:15:00+05:30,93579.0,93850.5,93442.5,93591.0,176056.0,74.24451905984594,348.751188533628,329.50823230598786,408.0357142857143,92481.89,0.00010685358931362202,0,0 days 00:15:00
2026-01-14 00:30:00+05:30,93595.0,93631.5,93429.5,93508.0,65529.0,64.66346153846155,337.2308345292113,331.0527527506325,364.9285714285714,92512.71,-0.0008872308825236877,1,0 days 00:15:00
2026-01-14 00:45:00+05:30,93516.0,93834.0,93440.0,93818.5,97664.0,60.73717948717949,349.13106048555346,334.6684142976168,348.07142857142856,92545.97,0.003315070578463289,1,0 days 00:15:00
2026-01-14 01:00:00+05:30,93820.5,94080.5,93760.0,93989.5,235762.0,69.68566862013851,368.11692343726463,341.3581161255464,340.3928571428572,92585.73,0.001821009192942352,1,0 days 00:15:00
2026-01-14 01:15:00+05:30,93989.5,94195.5,93966.0,94188.5,112955.0,75.95766129032258,394.6714665084146,352.02078620212006,326.32142857142856,92629.61,0.002115019547262151,1,0 days 00:15:00
2026-01-14 01:30:00+05:30,94188.5,94399.0,94132.5,94298.5,157483.0,72.6647564469914,419.7535561908298,365.567340199862,307.1428571428572,92677.22,0.0011671893816341849,1,0 days 00:15:00
2026-01-14 01:45:00+05:30,94299.5,94471.5,94209.0,94299.5,104879.0,79.86154814348646,434.70102182588016,379.39407652506566,297.82142857142856,92724.87,1.060456632636494e-05,0,0 days 00:15:00
2026-01-14 02:00:00+05:30,94299.5,94320.5,94049.0,94250.0,87901.0,80.64823641563393,437.5094234279677,391.0171459056461,298.2857142857143,92770.82,-0.000525061070299534,1,0 days 00:15:00
2026-01-14 02:15:00+05:30,94250.0,94406.0,94165.5,94389.5,55340.0,81.28457283343577,445.8520808264439,401.98413288980566,289.60714285714283,92820.1,0.0014790118233924112,0,0 days 00:15:00
2026-01-14 02:30:00+05:30,94356.0,94449.5,94302.0,94339.5,33343.0,79.88523104802175,443.3188114853547,410.2510686089155,278.6428571428572,92864.65,-0.0005298602882418909,0,0 days 00:15:00
2026-01-14 02:45:00+05:30,94336.0,94481.5,94270.5,94274.5,47141.0,84.23566878980891,431.0968048906361,414.4202158652597,276.75,92907.19,-0.0006892383659026442,0,0 days 00:15:00
2026-01-14 03:00:00+05:30,94274.5,94330.5,94095.0,94109.5,42635.0,70.67188055456808,403.4459814344882,412.2253689791054,259.32142857142856,92941.22,-0.0017517415724608112,0,0 days 00:15:00
2026-01-14 03:15:00+05:30,94109.5,94144.5,94024.0,94045.0,45414.0,67.52893124574541,372.03925671603065,404.18814652649047,253.75,92971.55,-0.0006856068021392687,1,0 days 00:15:00
2026-01-14 03:30:00+05:30,94050.0,96756.0,94046.5,95585.0,503596.0,83.87423935091277,466.0420877005381,416.5589347613,430.0357142857143,93041.11,0.016242512858213716,0,0 days 00:15:00
2026-01-14 03:45:00+05:30,95600.0,95681.0,95000.0,95291.0,79177.0,76.21838371375694,510.9270169595984,435.4325512009597,449.5357142857143,93101.94,-0.003080536395332289,1,0 days 00:15:00
2026-01-14 04:00:00+05:30,95291.0,95615.5,95100.0,95557.0,65528.0,79.91240875912409,561.4901151886879,460.64406399850543,471.9285714285714,93169.05,0.0027875604905046986,1,0 days 00:15:00
2026-01-14 04:15:00+05:30,95547.5,96018.0,95468.5,95724.5,74399.0,79.03717245581961,608.0681537990604,490.1288819586165,483.0357142857143,93239.11,0.0017513459776631332,0,0 days 00:15:00
2026-01-14 04:30:00+05:30,95740.0,96097.5,95635.5,95692.5,75222.0,77.09195036589246,635.0786609291536,519.118837752724,493.1428571428572,93312.47,-0.0003343485719461168,0,0 days 00:15:00
2026-01-14 04:45:00+05:30,95701.0,95710.0,95315.5,95359.5,48083.0,67.8669514800122,622.4392729435494,539.7829247908891,504.9285714285714,93377.63,-0.003485965467167966,0,0 days 00:15:00
2026-01-14 05:00:00+05:30,95341.0,95411.0,95083.5,95170.0,50504.0,62.9822732012513,590.32648437428,549.8916367075673,509.2857142857143,93437.29,-0.001989193930450877,1,0 days 00:15:00
2026-01-14 05:15:00+05:30,95170.0,95449.5,95035.0,95384.5,55937.0,65.19607843137254,575.5506359582068,555.0234365576953,520.1428571428571,93501.43,0.0022513253751428076,1,0 days 00:15:00
2026-01-14 05:30:00+05:30,95385.5,95608.0,95334.5,95475.5,49329.0,66.96663436245328,564.6743941968016,556.9536280855166,520.2857142857143,93570.3,0.0009535786115017906,0,0 days 00:15:00
2026-01-14 05:45:00+05:30,95480.5,95586.0,95401.0,95427.0,26596.0,64.73512285186763,545.8491404612432,554.7327305606619,516.3214285714286,93639.4,-0.0005081127910160785,0,0 days 00:15:00
2026-01-14 06:00:00+05:30,95428.0,95428.0,95130.0,95262.0,48886.0,62.6873882547105,511.7171138540725,546.129607219344,527.0714285714286,93706.37,-0.0017305669564511364,0,0 days 00:15:00
2026-01-14 06:15:00+05:30,95262.0,95318.0,95158.0,95206.5,28868.0,62.851627137341424,474.7166130780242,531.8470083910801,523.4285714285714,93769.54,-0.0005827735459749194,1,0 days 00:15:00
2026-01-14 06:30:00+05:30,95205.5,95470.0,95111.0,95450.0,46779.0,68.09286003509246,459.7422422355157,517.4260551599673,532.25,93836.28,0.00255433339430213,0,0 days 00:15:00
2026-01-14 06:45:00+05:30,95450.0,95550.0,95373.0,95440.5,34117.0,69.11905740512398,442.0131227180245,502.3434686715788,536.2857142857143,93903.39,-9.953350227324112e-05,0,0 days 00:15:00
2026-01-14 07:00:00+05:30,95439.5,95509.0,95145.5,95238.0,48367.0,42.49567474048443,406.9317541761993,483.2611257725029,368.6071428571428,93968.54,-0.002123994851323982,0,0 days 00:15:00
2026-01-14 07:15:00+05:30,95238.0,95310.0,95091.5,95200.5,45961.0,47.79858915105814,371.81749957305146,460.9724005326127,335.57142857142856,94030.37,-0.0003938279337916857,1,0 days 00:15:00
2026-01-14 07:30:00+05:30,95200.5,95515.5,95163.0,95446.5,46023.0,47.28567919430115,359.6930265982519,440.7165257457405,323.92857142857144,94096.04,0.0025806872023047055,1,0 days 00:15:00
2026-01-14 07:45:00+05:30,95447.5,95535.0,95336.5,95495.5,35803.0,44.02712571726656,350.00356171374733,422.5739329393419,298.85714285714283,94165.35,0.0005132448709622799,0,0 days 00:15:00
2026-01-14 08:00:00+05:30,95495.5,95495.5,95310.5,95455.0,22475.0,43.83277070890678,335.192686813185,405.0976837141105,279.07142857142856,94235.7,-0.00042419371101202986,0,0 days 00:15:00
2026-01-14 08:15:00+05:30,95454.0,95503.0,95223.5,95310.0,33860.0,48.57553956834533,308.2019137507596,385.7185297214404,270.85714285714283,94294.08,-0.0015201952970881108,1,0 days 00:15:00
2026-01-14 08:30:00+05:30,95310.0,95456.0,95244.0,95392.5,31033.0,56.8230604109169,290.1242207389005,366.5996679249324,262.60714285714283,94348.69,0.000865222062077647,0,0 days 00:15:00
2026-01-14 08:45:00+05:30,95381.5,95459.5,95322.0,95333.0,19314.0,48.25482887156896,267.9080883707502,346.861352014096,242.82142857142856,94406.89,-0.0006239333694785682,1,0 days 00:15:00
2026-01-14 09:00:00+05:30,95333.0,95558.5,95333.0,95509.0,54888.0,51.07337391861583,261.48908906953875,329.7868994251845,239.39285714285717,94465.95,0.0018444582418585581,1,0 days 00:15:00
2026-01-14 09:15:00+05:30,95510.0,95680.0,95494.5,95676.0,65457.0,57.41512805241215,266.8019632458745,317.1899121893225,239.42857142857144,94532.2,0.00174699942436668,0,0 days 00:15:00
2026-01-14 09:30:00+05:30,95676.0,95765.0,95335.0,95388.5,101805.0,53.51096308631696,244.9895203555789,302.7498338225738,248.8571428571429,94582.01,-0.003009457193634417,1,0 days 00:15:00
2026-01-14 09:45:00+05:30,95389.5,95492.0,95377.5,95429.0,25437.0,56.227260005597536,228.33886543747207,287.8676401455535,245.6071428571429,94622.26,0.0004244893744875938,0,0 days 00:15:00
2026-01-14 10:00:00+05:30,95420.5,95422.5,95235.5,95244.5,71077.0,44.05209840810419,197.97337949949724,269.88878801634223,233.78571428571428,94662.14,-0.0019352459317323895,0,0 days 00:15:00
2026-01-14 10:15:00+05:30,95242.0,95290.5,95182.0,95201.5,43359.0,43.21408290743895,168.49645029453677,249.6103204719812,228.89285714285717,94703.0,-0.00045157158176810743,1,0 days 00:15:00
2026-01-14 10:30:00+05:30,95202.5,95221.0,95067.0,95210.5,72850.0,49.122807017543856,144.19975134142442,228.52820664586983,213.92857142857144,94737.06,9.45318573062745e-05,0,0 days 00:15:00
2026-01-14 10:45:00+05:30,95210.5,95247.0,94918.5,95003.5,144654.0,44.32930339666091,107.00775357085512,204.22411603086687,221.78571428571428,94770.12,-0.0021764968058674,0,0 days 00:15:00
2026-01-14 11:00:00+05:30,95003.5,95191.0,94948.5,94985.5,71099.0,34.72498343273692,75.21336496347794,178.42196581738915,213.92857142857144,94804.12,-0.00018948465494172498,0,0 days 00:15:00
2026-01-14 11:15:00+05:30,94951.5,95106.0,94950.0,94972.0,41640.0,32.2361723786902,48.369175997999264,152.41140785351118,210.89285714285717,94836.13,-0.0001421370572125594,0,0 days 00:15:00
2026-01-14 11:30:00+05:30,94972.0,94981.0,94665.5,94832.0,171985.0,30.197075651621105,15.618097167520318,125.052745716313,220.2142857142857,94865.77,-0.0014752062695136787,0,0 days 00:15:00
2026-01-14 11:45:00+05:30,94837.5,94853.0,94633.0,94665.5,91304.0,29.789902790843527,-23.50161527421733,95.34187351820697,215.9642857142857,94895.09,-0.0017572795719884217,1,0 days 00:15:00
2026-01-14 12:00:00+05:30,94666.5,94876.0,94429.0,94854.0,114388.0,34.166421640693926,-38.846100916329306,68.50427863129971,232.75,94921.61,0.001989241868611644,1,0 days 00:15:00
2026-01-14 12:15:00+05:30,94854.0,94995.5,94853.0,94994.5,88923.0,40.49957900645524,-39.21746601011546,46.95992970301669,233.1071428571429,94950.9,0.0014801278456279931,1,0 days 00:15:00
2026-01-14 12:30:00+05:30,94994.5,95107.5,94880.5,95016.5,99928.0,34.86943164362519,-37.30651312335976,30.1066411377414,233.2142857142857,94979.61,0.00023156554197710592,0,0 days 00:15:00
2026-01-14 12:45:00+05:30,95015.5,95156.5,94886.5,94904.5,63208.0,25.468998410174876,-44.31865529900824,15.221581850391471,239.25,95005.88,-0.0011794379029528414,1,0 days 00:15:00
2026-01-14 13:00:00+05:30,94903.5,95020.0,94823.5,94998.5,140801.0,35.85931834662799,-41.8088674844912,3.815491983414937,222.57142857142856,95035.69,0.0009899791754436457,1,0 days 00:15:00
2026-01-14 13:15:00+05:30,94998.5,95225.0,94987.5,95177.0,90288.0,41.69413315754779,-25.126738940525684,-1.972954201373187,231.3571428571429,95062.86,0.0018772139672932808,1,0 days 00:15:00
2026-01-14 13:30:00+05:30,95177.0,95298.0,95143.5,95239.5,77808.0,49.82078853046595,-6.784595620440086,-2.9352824851865678,228.57142857142856,95087.86,0.0006564557403844076,0,0 days 00:15:00
2026-01-14 13:45:00+05:30,95243.5,95259.0,95136.5,95141.5,37157.0,47.93103448275862,-0.1543170007644221,-2.379089388302138,229.57142857142856,95106.92,-0.0010295145908031556,0,0 days 00:15:00
2026-01-14 14:00:00+05:30,95141.5,95172.0,94916.5,94928.0,82685.0,41.46267754608643,-11.98923469761212,-4.301118450164134,236.82142857142856,95119.51,-0.0022465476027885537,0,0 days 00:15:00
2026-01-14 14:15:00+05:30,94928.0,94955.0,94864.5,94876.0,61082.0,45.748582860953654,-25.27312480541877,-8.495519721215063,219.82142857142856,95131.04,-0.0005479336715875722,1,0 days 00:15:00
2026-01-14 14:30:00+05:30,94876.0,95106.5,94851.0,95056.0,65460.0,52.12157688835389,-21.03374383796472,-11.003164544564996,220.75,95147.16,0.0018954157686858536,0,0 days 00:15:00
2026-01-14 14:45:00+05:30,95055.5,95163.0,95020.0,95043.5,50367.0,52.152965974104184,-18.46974172569753,-12.496479980791504,219.82142857142856,95160.24,-0.0001315100778068114,0,0 days 00:15:00
2026-01-14 15:00:00+05:30,95042.5,95114.5,94964.0,94986.0,35421.0,54.87959442332066,-20.83732136167237,-14.164648256967675,208.03571428571428,95173.17,-0.0006051692158833827,1,0 days 00:15:00
2026-01-14 15:15:00+05:30,94987.0,95080.5,94941.0,95062.0,31278.0,63.32773109243698,-16.39212225752999,-14.61014305708014,202.28571428571428,95188.92,0.0007997979884164228,1,0 days 00:15:00
2026-01-14 15:30:00+05:30,95062.0,95157.5,95034.5,95150.5,40916.0,60.68468468468469,-5.662782534825965,-12.820670952629303,179.14285714285714,95209.74,0.0009305382809860589,0,0 days 00:15:00
2026-01-14 15:45:00+05:30,95154.5,95263.5,94850.5,95006.5,117864.0,50.431344356577995,-8.679251042281976,-11.992386970559838,198.4642857142857,95228.97,-0.001514538276538998,1,0 days 00:15:00
2026-01-14 16:00:00+05:30,95006.5,95146.5,94875.0,95073.0,57162.0,51.96795541623127,-5.638828920840751,-10.721675360616022,201.64285714285717,95218.73,0.0006997072563127823,0,0 days 00:15:00
2026-01-14 16:15:00+05:30,95069.5,95160.0,95058.5,95062.5,33417.0,55.92203898050975,-4.030078496143688,-9.383355987721556,189.6071428571429,95214.16,-0.00011044754935999588,0,0 days 00:15:00
2026-01-14 16:30:00+05:30,95060.0,95068.5,94859.0,94901.0,47603.0,46.52158401712451,-15.606925559448428,-10.628069902066931,190.53571428571428,95201.04,-0.0017003270513498748,1,0 days 00:15:00
2026-01-14 16:45:00+05:30,94901.0,94981.0,94787.0,94946.0,86931.0,40.89116719242902,-20.90950459126907,-12.68435683990736,187.42857142857144,95185.47,0.00047406596725540676,0,0 days 00:15:00
2026-01-14 17:00:00+05:30,94947.5,94989.5,94889.0,94896.0,29682.0,36.32019115890084,-28.81426588864997,-15.910338649655882,183.57142857142856,95169.54,-0.0005267538390464028,0,0 days 00:15:00
2026-01-14 17:15:00+05:30,94902.0,94915.0,94709.0,94772.5,86172.0,35.597189695550355,-44.53093908872688,-21.634458737470084,189.53571428571428,95157.8,-0.0013022723061949669,1,0 days 00:15:00
2026-01-14 17:30:00+05:30,94773.5,94999.5,94652.0,94996.5,117563.0,52.651955090979484,-38.46815097951912,-25.00119718587989,196.1071428571429,95154.33,0.002360766026414877,1,0 days 00:15:00
2026-01-14 17:45:00+05:30,94997.5,95099.0,94950.0,95053.0,76266.0,56.8287037037037,-28.772597321527428,-25.7554772130094,200.28571428571428,95147.7,0.0005945819553802696,0,0 days 00:15:00
2026-01-14 18:00:00+05:30,95052.5,95142.0,95007.0,95038.0,75836.0,49.20424403183024,-22.045054172733217,-25.013392604954163,191.67857142857144,95138.95,-0.00015781915010320782,1,0 days 00:15:00
2026-01-14 18:15:00+05:30,95038.0,95068.5,95027.5,95051.5,29417.0,50.35335689045936,-15.446038267866244,-23.099921737536583,184.39285714285717,95131.44,0.00014203835585552155,0,0 days 00:15:00
2026-01-14 18:30:00+05:30,95051.5,95059.5,94910.0,94942.5,66020.0,48.162230671736374,-18.79500257865584,-22.23893790576044,184.32142857142856,95125.05,-0.0011474047807673259,1,0 days 00:15:00
2026-01-14 18:45:00+05:30,94941.5,95212.0,94939.5,95163.0,100804.0,53.8027108433735,-3.614903362569749,-18.514130997122297,193.82142857142856,95124.18,0.0023197655920697224,0,0 days 00:15:00
2026-01-14 19:00:00+05:30,95163.0,95180.0,95017.0,95042.0,56864.0,46.012495406100705,-1.332889408498886,-15.077882679397616,196.67857142857144,95116.02,-0.001272311625064167,0,0 days 00:15:00
2026-01-14 19:15:00+05:30,95041.0,95067.0,94854.0,94973.0,103023.0,48.6970050563983,-5.0340706193237565,-13.069120267382845,182.39285714285717,95106.67,-0.0007262584852021494,1,0 days 00:15:00
2026-01-14 19:30:00+05:30,94972.5,95503.0,94953.5,95444.5,292039.0,60.98787341023366,29.73604747041827,-4.5080867198226215,202.25,95110.8,0.004952286041284176,1,0 days 00:15:00
2026-01-14 19:45:00+05:30,95438.0,95778.5,95398.5,95598.0,377204.0,64.6032178892828,68.88373489148216,10.170277602438336,222.14285714285717,95118.75,0.0016069726163832876,1,0 days 00:15:00
2026-01-14 20:00:00+05:30,95593.0,96007.5,95319.5,95820.5,434081.0,74.26761678543151,116.51928788644727,31.440079659240126,256.32142857142856,95126.23,0.0023247502222382916,1,0 days 00:15:00
2026-01-14 20:15:00+05:30,95820.5,96792.0,95812.0,96459.0,712926.0,80.40594855305466,203.4472078923427,65.84150530586065,312.4642857142857,95145.5,0.0066413980369240296,1,0 days 00:15:00
2026-01-14 20:30:00+05:30,96458.0,97066.0,96140.5,96909.5,515505.0,84.8537303098494,305.1719633625762,113.70759691720376,371.3928571428572,95174.59,0.00465950571128794,0,0 days 00:15:00
2026-01-14 20:45:00+05:30,96909.5,96963.5,96674.0,96698.0,249870.0,82.34503611624392,364.5213078094821,163.87033909565946,377.3571428571428,95202.35,-0.002184833584782534,0,0 days 00:15:00
2026-01-14 21:00:00+05:30,96699.0,96910.0,96284.0,96376.5,355189.0,72.44632400780742,381.21926932418137,207.34012514136384,397.25,95222.03,-0.00333032375738727,1,0 days 00:15:00
2026-01-14 21:15:00+05:30,96375.5,96783.0,96243.5,96702.0,252283.0,74.66347591983248,415.9231506325741,249.0567302396059,425.1428571428572,95249.41,0.003371688803928701,1,0 days 00:15:00
2026-01-14 21:30:00+05:30,96702.0,97440.0,96676.0,97339.0,424488.0,79.01639344262296,489.1877510806662,297.082934407818,470.07142857142856,95286.01,0.0065656463149477255,0,0 days 00:15:00
2026-01-14 21:45:00+05:30,97340.0,97425.0,97047.5,97201.0,237016.0,76.2807189142927,530.0054551231151,343.6674385508774,494.1071428571428,95316.51,-0.0014187316042684757,1,0 days 00:15:00
2026-01-14 22:00:00+05:30,97200.0,97507.0,96958.5,97464.5,397104.0,79.71253534401508,576.9651325908635,390.3269773588746,522.6071428571429,95358.03,0.002707209658950845,0,0 days 00:15:00
2026-01-14 22:15:00+05:30,97464.5,97668.0,97075.5,97241.5,336972.0,74.47309549040386,589.3926276714046,430.1401074213807,545.4642857142857,95394.28,-0.0022906340585993556,1,0 days 00:15:00
2026-01-14 22:30:00+05:30,97234.5,97676.5,97142.0,97611.5,248173.0,78.57857857857857,621.9282135302783,468.4977286431602,572.0,95441.62,0.00379773926707439,0,0 days 00:15:00
2026-01-14 22:45:00+05:30,97611.5,97744.0,97482.5,97483.0,164697.0,77.55214050493963,630.0808438923123,500.8143516929906,575.4642857142857,95487.25,-0.0013173105195917135,0,0 days 00:15:00
2026-01-14 23:00:00+05:30,97483.0,97483.0,96704.5,97115.0,478960.0,68.76333820060654,599.9316985190526,520.637821058203,591.8214285714286,95525.34,-0.003782160543053233,0,0 days 00:15:00
2026-01-14 23:15:00+05:30,97115.5,97384.5,96847.5,96904.5,234797.0,64.48929799268049,552.6817219614459,527.0466012388516,603.0357142857143,95563.36,-0.0021698858371787854,0,0 days 00:15:00
2026-01-14 23:30:00+05:30,96900.0,97051.0,96635.0,96715.5,183835.0,60.0,494.2872192799841,520.4947248470781,583.6071428571429,95597.96,-0.0019522782773411928,1,0 days 00:15:00
2026-01-14 23:45:00+05:30,96716.5,97009.0,96548.0,96985.5,158106.0,56.41056861073907,464.4420992956002,509.2841997367826,546.5357142857143,95638.23,0.0027878036237973633,0,0 days 00:15:00
2026-01-15 00:00:00+05:30,96985.5,97076.0,96280.0,96337.0,267321.0,43.349982576373556,384.0341893443401,484.2341976582942,537.2857142857143,95668.33,-0.006709021789664359,1,0 days 00:15:00
2026-01-15 00:15:00+05:30,96337.0,96869.0,96190.0,96775.0,187150.0,50.849702052527036,351.60025203958503,457.7074085345524,565.1071428571429,95710.52,0.004536235460002723,1,0 days 00:15:00
2026-01-15 00:30:00+05:30,96770.5,96961.0,96641.0,96960.0,108320.0,56.638980543861635,336.9400418772857,433.5539352030991,543.25,95752.64,0.0019098258572924304,1,0 days 00:15:00
2026-01-15 00:45:00+05:30,96960.0,97548.0,96936.5,97525.0,197952.0,58.88001726370306,366.6855747486843,420.18026311221615,548.3928571428571,95803.25,0.005810233071715978,0,0 days 00:15:00
2026-01-15 01:00:00+05:30,97526.0,97622.0,97080.0,97323.5,117353.0,49.81541026557103,369.73765235734754,410.09174096124246,532.5357142857143,95849.39,-0.002068274293419631,0,0 days 00:15:00
2026-01-15 01:15:00+05:30,97320.5,97481.0,97179.0,97230.0,57446.0,50.34906114588348,360.4566572945332,400.1647242279007,527.1428571428571,95895.9,-0.0009611752777347957,1,0 days 00:15:00
2026-01-15 01:30:00+05:30,97231.0,97920.0,97166.5,97587.5,169805.0,51.447740112994346,377.5959727604786,395.6509739344162,541.7857142857143,95947.68,0.0036701056248437352,0,0 days 00:15:00
2026-01-15 01:45:00+05:30,97586.5,97601.0,97259.5,97306.0,81921.0,50.748867990247305,364.2652829088765,389.3738357293083,523.8571428571429,95990.26,-0.0028887592019037306,1,0 days 00:15:00
2026-01-15 02:00:00+05:30,97307.0,97737.5,97288.0,97521.0,65073.0,48.910032518366855,366.8208360689168,384.86323579723006,517.7857142857143,96035.89,0.0022070871827444423,1,0 days 00:15:00
2026-01-15 02:15:00+05:30,97522.0,97635.5,97344.5,97611.5,37583.0,51.56193022973137,371.8621288744471,382.26301441267344,519.8928571428571,96085.29,0.0009275749194912511,0,0 days 00:15:00
2026-01-15 02:30:00+05:30,97589.0,97589.0,97393.5,97464.5,34930.0,54.48940269749519,359.84761892010283,377.7799353141593,479.8571428571428,96136.02,-0.0015071052084750414,1,0 days 00:15:00
2026-01-15 02:45:00+05:30,97463.5,97570.0,97409.5,97541.0,22649.0,58.46747372622057,352.4362778570503,372.7112038227376,452.9642857142857,96189.32,0.0007845932953108078,0,0 days 00:15:00
2026-01-15 03:00:00+05:30,97534.0,97677.5,97456.5,97456.5,44077.0,60.139573070607554,335.87256303150207,365.3434756644905,439.0357142857143,96237.33,-0.0008666778321692802,1,0 days 00:15:00
2026-01-15 03:15:00+05:30,97456.5,97571.0,97337.5,97525.5,41577.0,57.819287576020855,324.5719595296541,357.1891724375232,422.7857142857143,96286.97,0.0007077576687109576,0,0 days 00:15:00
2026-01-15 03:30:00+05:30,97521.0,97546.0,97266.5,97293.5,16319.0,65.7500411658159,293.5122620905313,344.4537903681248,385.8928571428572,96333.12,-0.0023816990095230296,0,0 days 00:15:00
2026-01-15 03:45:00+05:30,97294.5,97447.5,97281.5,97281.5,13497.0,59.70120666538977,264.87560726399533,328.5381537472989,349.25,96377.51,-0.00012334575372181694,0,0 days 00:15:00
2026-01-15 04:00:00+05:30,97281.5,97334.5,96857.5,96991.5,83193.0,50.58000368256306,216.287053114851,306.08793362080934,360.4642857142857,96414.33,-0.0029854917091036706,0,0 days 00:15:00
2026-01-15 04:15:00+05:30,96998.5,97261.0,96740.5,96835.0,45108.0,35.045513654096226,163.26995737844845,277.5243383723372,353.9642857142857,96450.9,-0.0016148466180747581,1,0 days 00:15:00
2026-01-15 04:30:00+05:30,96852.0,97221.5,96852.0,97205.5,24040.0,47.61712439418417,149.42727601941442,251.90492590175265,342.85714285714283,96493.55,0.0038187950480035177,0,0 days 00:15:00
2026-01-15 04:45:00+05:30,97210.5,97340.0,96946.0,96952.5,24333.0,44.735344336937956,116.69665927349706,224.8632725761016,349.42857142857144,96531.35,-0.0026061263836232897,1,0 days 00:15:00
2026-01-15 05:00:00+05:30,96950.0,97066.0,96815.0,97005.0,19881.0,37.50268182793392,93.91117140391724,198.6728523416647,313.5357142857143,96573.43,0.0005413557225904833,0,0 days 00:15:00
2026-01-15 05:15:00+05:30,96997.5,97050.0,96886.5,96917.0,18926.0,40.89845577912963,67.96913764394412,172.53210940212062,300.82142857142856,96612.85,-0.0009075814610049131,1,0 days 00:15:00
2026-01-15 05:30:00+05:30,96917.0,96963.5,96736.0,96949.0,40139.0,35.36335721596724,49.42231190443272,147.91014990258304,284.9642857142857,96653.91,0.0003301249346520296,0,0 days 00:15:00
2026-01-15 05:45:00+05:30,96943.0,96962.5,96624.0,96689.0,28146.0,28.278785024723334,13.58736510675226,121.04559294341688,288.35714285714283,96692.24,-0.00268542492950046,0,0 days 00:15:00
2026-01-15 06:00:00+05:30,96700.0,96710.0,96458.5,96564.5,43099.0,28.581627796287478,-24.574913610587828,91.92149163261595,290.75,96723.6,-0.0012884632591278263,1,0 days 00:15:00
2026-01-15 06:15:00+05:30,96564.5,96644.0,96469.0,96623.5,22413.0,27.981761459083273,-49.48752612575481,63.6396880809418,291.7857142857143,96755.01,0.0006108040026742958,1,0 days 00:15:00
2026-01-15 06:30:00+05:30,96625.0,96949.0,96625.0,96709.5,51026.0,32.086330935251794,-61.581595462426776,38.59543137226808,299.25,96788.44,0.0008896567649840609,0,0 days 00:15:00
2026-01-15 06:45:00+05:30,96709.5,96735.0,96347.5,96365.5,48854.0,25.423728813559322,-97.79681678929774,11.316981739954915,310.25,96814.72,-0.003563385875967337,1,0 days 00:15:00
2026-01-15 07:00:00+05:30,96365.5,96558.0,96266.5,96449.5,61995.0,30.922242314647377,-118.35521735265502,-14.61745807856707,311.10714285714283,96844.86,0.0008713015617473854,0,0 days 00:15:00
2026-01-15 07:15:00+05:30,96454.0,96524.5,96359.5,96411.5,36612.0,30.56300268096514,-136.14478796663752,-38.92292405618117,311.0357142857143,96869.83,-0.00039406619784973317,0,0 days 00:15:00
2026-01-15 07:30:00+05:30,96412.5,96563.0,96345.5,96349.0,38176.0,34.021387714498886,-153.51673317170935,-61.8416858792868,292.5,96895.97,-0.0006484731279509414,1,0 days 00:15:00
2026-01-15 07:45:00+05:30,96350.0,96560.0,96342.0,96500.5,29521.0,41.66043380703067,-153.2922830255702,-80.13180530854349,270.8928571428572,96926.52,0.0015711736993447919,0,0 days 00:15:00
2026-01-15 08:00:00+05:30,96500.5,96582.0,96052.5,96294.5,105207.0,25.258011950027154,-167.80255960024078,-97.66595616688296,281.10714285714283,96943.52,-0.0021369856935619827,1,0 days 00:15:00
2026-01-15 08:15:00+05:30,96293.5,96312.5,96119.0,96307.5,61676.0,29.856339787632734,-176.22169298950757,-113.37710353140788,266.7857142857143,96957.71,0.00013499340629633046,0,0 days 00:15:00
2026-01-15 08:30:00+05:30,96307.5,96369.0,96165.0,96245.0,51848.0,26.412166356300432,-185.7954106820689,-127.8607649615401,263.42857142857144,96966.2,-0.0006491736248028955,0,0 days 00:15:00
2026-01-15 08:45:00+05:30,96240.0,96352.5,95877.5,95877.5,104213.0,22.507273208146003,-220.4950993507955,-146.3876318393912,285.67857142857144,96954.57,-0.0038256887998456184,0,0 days 00:15:00
2026-01-15 09:00:00+05:30,95877.5,96074.5,95742.5,95874.5,133632.0,21.138866505506314,-245.40801669126083,-166.19170880976512,293.1428571428572,96933.87,-3.129041679086258e-05,1,0 days 00:15:00
2026-01-15 09:15:00+05:30,95875.0,95997.0,95802.0,95953.5,51003.0,28.116631954775357,-255.8280172663799,-184.11897050108809,282.8928571428572,96918.98,0.0008236545704086122,1,0 days 00:15:00
2026-01-15 09:30:00+05:30,95952.5,96098.0,95920.0,96043.0,64879.0,34.15375265876634,-253.93681524098795,-198.0825394490681,277.6428571428572,96912.31,0.0009323087294067308,1,0 days 00:15:00
2026-01-15 09:45:00+05:30,96043.0,96356.5,95980.0,96207.0,105829.0,38.103399028848905,-236.4786163294484,-205.76175482514412,292.0357142857143,96902.41,0.0017061122473986192,0,0 days 00:15:00
2026-01-15 10:00:00+05:30,96207.0,96273.0,96138.5,96206.0,58910.0,34.884419093365366,-220.1853993323166,-208.64648372657865,278.3928571428572,96879.75,-1.039430807698922e-05,1,0 days 00:15:00
2026-01-15 10:15:00+05:30,96209.5,96283.5,96119.5,96283.5,48824.0,47.06933523945675,-198.72848687779333,-206.6628843568216,262.42857142857144,96861.4,0.0008052387708176617,0,0 days 00:15:00
2026-01-15 10:30:00+05:30,96283.5,96460.0,96226.5,96228.0,111324.0,41.91900766143743,-184.08015390769287,-202.14633826699588,258.2857142857143,96836.67,-0.0005765889470250034,0,0 days 00:15:00
2026-01-15 10:45:00+05:30,96227.0,96384.5,96207.0,96210.5,47875.0,42.55555555555556,-171.9017716216331,-196.0974249379233,259.17857142857144,96816.05,-0.00018187628825048314,1,0 days 00:15:00
2026-01-15 11:00:00+05:30,96209.5,96410.0,96199.5,96404.0,63529.0,51.85685347738015,-144.96541203430388,-185.87102235719948,258.67857142857144,96791.9,0.002009195206949004,0,0 days 00:15:00
2026-01-15 11:15:00+05:30,96406.0,96491.5,96351.5,96395.5,80028.0,46.0762331838565,-122.88746179312876,-173.27431024438536,253.1071428571429,96770.15,-8.817450258437646e-05,1,0 days 00:15:00
2026-01-15 11:30:00+05:30,96371.5,96484.0,96335.0,96415.0,69691.0,55.23230568823274,-102.63393995982187,-159.14623618747265,225.92857142857144,96756.15,0.0002022711425620158,1,0 days 00:15:00
2026-01-15 11:45:00+05:30,96406.5,96543.0,96366.5,96460.5,80415.0,56.46114864864865,-81.96654889428464,-143.71029872883506,224.7142857142857,96747.27,0.0004718069515728122,0,0 days 00:15:00
2026-01-15 12:00:00+05:30,96467.5,96486.0,96161.0,96167.0,137113.0,47.24381625441696,-88.25316217461659,-132.61887141799136,233.3571428571429,96736.3,-0.0030473346445977793,1,0 days 00:15:00
2026-01-15 12:15:00+05:30,96166.0,96317.0,96132.5,96204.5,80549.0,65.06912442396313,-89.18138440650364,-123.93137401569382,212.6071428571429,96720.68,0.0003898706458595772,0,0 days 00:15:00
2026-01-15 12:30:00+05:30,96204.5,96288.5,96143.0,96166.0,42109.0,63.00758589915216,-91.9635370450851,-117.53780662157207,199.28571428571428,96717.26,-0.00040026927739985507,1,0 days 00:15:00
2026-01-15 12:45:00+05:30,96166.0,96460.0,96159.5,96443.0,91775.0,68.56276071293136,-70.99840265030798,-108.22992582731928,206.82142857142856,96710.62,0.0028762954064465566,1,0 days 00:15:00
2026-01-15 13:00:00+05:30,96443.0,96725.5,96417.5,96560.0,179812.0,69.20505200594354,-44.43029561564617,-95.46999978498464,216.1071428571429,96702.62,0.001212416535826291,1,0 days 00:15:00
2026-01-15 13:15:00+05:30,96567.0,96649.0,96482.5,96602.5,85040.0,66.14944875459372,-19.718185595731484,-80.31963694713403,201.1071428571429,96684.17,0.0004400440115013057,0,0 days 00:15:00
2026-01-15 13:30:00+05:30,96611.5,96618.0,96415.0,96447.5,70835.0,58.759521218715996,-12.49680953344796,-66.7550714643968,206.0,96666.65,-0.0016058019508615965,0,0 days 00:15:00
2026-01-15 13:45:00+05:30,96446.5,96539.0,96329.5,96333.5,85100.0,51.76678445229681,-15.790639575425304,-56.56218508660251,209.25,96648.72,-0.001182689303283656,1,0 days 00:15:00
2026-01-15 14:00:00+05:30,96334.5,96418.0,96253.0,96402.5,81765.0,56.10780539026951,-12.68705183538259,-47.78715843635853,204.3571428571429,96625.02,0.0007160053435561942,1,0 days 00:15:00
2026-01-15 14:15:00+05:30,96402.5,96639.0,96402.5,96615.5,74524.0,62.4692118226601,6.880568779568421,-36.85361299317314,208.57142857142856,96611.21,0.002207048943221801,0,0 days 00:15:00
2026-01-15 14:30:00+05:30,96606.5,96666.5,96547.5,96549.5,70742.0,54.86134313397928,16.867957366455812,-26.10929892124735,202.03571428571428,96591.78,-0.0006833536362006003,1,0 days 00:15:00
2026-01-15 14:45:00+05:30,96545.0,96795.0,96517.5,96709.5,96277.0,59.52669902912621,37.26413979359495,-13.434611178278892,211.8571428571429,96573.74,0.0016558094221336198,1,0 days 00:15:00
2026-01-15 15:00:00+05:30,96709.5,97060.5,96663.0,97038.0,196995.0,65.91722023505365,79.02452044399979,5.057215146176844,229.6071428571429,96565.21,0.003391014746353362,0,0 days 00:15:00
2026-01-15 15:15:00+05:30,97038.0,97165.0,96942.0,97003.0,156787.0,63.93526843051631,108.05018026477774,25.655808169897025,232.92857142857144,96554.45,-0.0003607485055176259,0,0 days 00:15:00
2026-01-15 15:30:00+05:30,97003.5,97030.0,96814.5,96824.5,117483.0,67.94976794976795,115.32042450878362,43.58873143767435,225.1071428571429,96541.81,-0.0018418444282860662,0,0 days 00:15:00
2026-01-15 15:45:00+05:30,96823.5,96893.5,96737.0,96752.5,88961.0,64.68381564844587,113.9587021984189,57.66272558982327,223.1071428571429,96526.35,-0.0007438900625615293,0,0 days 00:15:00
2026-01-15 16:00:00+05:30,96750.0,96801.5,96697.5,96739.0,58590.0,65.56219445953286,110.5162279985816,68.23342607157494,220.14285714285717,96515.26,-0.00013954101365590732,1,0 days 00:15:00
2026-01-15 16:15:00+05:30,96739.0,96832.5,96734.5,96772.5,47125.0,60.31298904538341,109.2320533064194,76.43315151854384,205.67857142857144,96505.08,0.0003462326562984916,0,0 days 00:15:00
2026-01-15 16:30:00+05:30,96772.5,96823.0,96682.5,96712.5,50503.0,54.94969165855242,102.19479902274908,81.58548101938489,193.7142857142857,96499.5,-0.0006202031364008985,1,0 days 00:15:00
2026-01-15 16:45:00+05:30,96712.5,96838.0,96676.5,96838.0,49570.0,57.25284878349245,105.5280636264506,86.37399754079803,193.3571428571429,96499.56,0.0012968193581335081,0,0 days 00:15:00
2026-01-15 17:00:00+05:30,96837.0,96894.5,96632.0,96650.0,105647.0,56.11228493812254,91.93984571052717,87.48716717474386,197.6071428571429,96488.45,-0.0019432735793664198,0,0 days 00:15:00
2026-01-15 17:15:00+05:30,96649.0,96681.5,96543.0,96559.0,79992.0,56.9023569023569,72.98679924409953,84.58709358861499,192.53571428571428,96480.58,-0.0009419851738683014,1,0 days 00:15:00
2026-01-15 17:30:00+05:30,96558.5,96670.0,96481.5,96653.0,100649.0,57.55200482363582,64.80436341720633,80.63054755433326,194.2142857142857,96473.54,0.0009730245265967706,0,0 days 00:15:00
2026-01-15 17:45:00+05:30,96653.0,96661.0,96516.0,96604.0,64481.0,49.61525593844095,53.746279924118426,75.2536940282903,187.67857142857144,96467.28,-0.0005070967783833895,1,0 days 00:15:00
2026-01-15 18:00:00+05:30,96603.5,96756.0,96566.5,96710.0,59065.0,55.2297165200391,52.92588653296116,70.78813252922447,192.7142857142857,96462.5,0.00109666150018678,1,0 days 00:15:00
2026-01-15 18:15:00+05:30,96709.0,96973.5,96701.5,96941.5,131156.0,57.222914072229145,70.14722063923546,70.65995015122667,192.32142857142856,96467.55,0.0023908940574008594,0,0 days 00:15:00
2026-01-15 18:30:00+05:30,96941.5,96960.5,96819.0,96826.5,74494.0,42.40574506283662,73.66653117106762,71.26126635519486,174.03571428571428,96472.79,-0.0011869866386845119,1,0 days 00:15:00
2026-01-15 18:45:00+05:30,96830.0,96958.0,96830.0,96890.5,57323.0,46.04291241646148,80.68973422396812,73.14695992894951,167.5,96478.13,0.0006607577272880675,0,0 days 00:15:00
2026-01-15 19:00:00+05:30,96890.0,96906.5,96572.0,96741.0,188377.0,47.001795332136446,73.34677668164659,73.18692327948892,176.0,96478.76,-0.0015441705477303638,1,0 days 00:15:00
2026-01-15 19:15:00+05:30,96741.0,96998.0,96741.0,96811.0,139924.0,52.10355987055016,72.34193214928382,73.0179250534479,183.17857142857144,96487.67,0.0007233198628994915,1,0 days 00:15:00
2026-01-15 19:30:00+05:30,96810.0,97104.5,96810.0,97092.0,176283.0,60.64535585042219,93.14620572478452,77.04358118771522,196.78571428571428,96500.52,0.0028983584236576395,0,0 days 00:15:00
2026-01-15 19:45:00+05:30,97092.0,97110.0,96681.0,96750.0,209290.0,49.4279176201373,81.10230376000982,77.85532570217414,220.42857142857144,96507.29,-0.0035286507038116773,0,0 days 00:15:00
2026-01-15 20:00:00+05:30,96743.0,96869.0,95776.5,95786.5,751132.0,33.86759581881533,-6.1184434062452056,61.06057188049027,288.42857142857144,96496.04,-0.010008575443408118,1,0 days 00:15:00
2026-01-15 20:15:00+05:30,95785.5,96389.5,95560.0,96023.0,657365.0,36.33009057363301,-55.51796391078096,37.74486472223603,336.1428571428572,96486.49,0.00246598963918284,1,0 days 00:15:00
2026-01-15 20:30:00+05:30,96021.0,96360.0,95861.5,96218.0,402671.0,42.7710843373494,-78.03305303642992,14.589281170502842,353.0,96484.96,0.0020287042501773048,0,0 days 00:15:00
2026-01-15 20:45:00+05:30,96218.0,96417.5,95789.0,95853.5,405671.0,39.184424344626706,-123.860737644427,-13.100722592483123,388.0,96475.88,-0.0037954661422322767,0,0 days 00:15:00
2026-01-15 21:00:00+05:30,95853.5,96048.5,95544.5,95842.0,336573.0,37.2444164831708,-159.27147928722843,-42.334873931432185,410.5357142857143,96467.82,-0.00011998195068523544,1,0 days 00:15:00
2026-01-15 21:15:00+05:30,95841.0,96795.5,95413.5,96739.0,639820.0,51.676185746213065,-113.64432269071403,-56.59676368328856,498.8928571428572,96485.05,0.009315628092749466,0,0 days 00:15:00
2026-01-15 21:30:00+05:30,96739.0,96963.5,96237.0,96340.5,393305.0,45.722884593124206,-108.39063222116964,-66.95553739086478,537.25,96494.37,-0.0041278392148157185,1,0 days 00:15:00
2026-01-15 21:45:00+05:30,96339.5,96581.5,96298.5,96388.0,150676.0,43.30794341675734,-99.25009829523331,-73.41444957173849,538.0357142857143,96503.06,0.0004929213993962233,1,0 days 00:15:00
2026-01-15 22:00:00+05:30,96373.5,96859.5,96329.5,96755.0,183830.0,49.18518518518518,-61.68130278863828,-71.06782021511845,565.7857142857143,96517.3,0.0038002976208550273,0,0 days 00:15:00
2026-01-15 22:15:00+05:30,96756.0,96818.5,96562.5,96694.0,119847.0,47.75915155661991,-36.41023733145266,-64.13630363838529,574.6785714285714,96527.04,-0.0006306571966956527,0,0 days 00:15:00
2026-01-15 22:30:00+05:30,96694.0,96815.5,96398.5,96458.5,178657.0,46.84039816575328,-34.98236282989092,-58.30551547668641,580.5714285714286,96532.09,-0.0024384889317478876,1,0 days 00:15:00
2026-01-15 22:45:00+05:30,96460.0,96695.0,96377.5,96695.0,102852.0,48.749191287470346,-14.59890146451653,-49.56419267425243,584.8928571428571,96540.32,0.002448830781594747,1,0 days 00:15:00
2026-01-15 23:00:00+05:30,96695.0,97052.0,96617.0,96905.5,258844.0,47.95795466987846,18.32943893816264,-35.98546635176942,594.9285714285714,96553.87,0.002174582017620398,0,0 days 00:15:00
2026-01-15 23:15:00+05:30,96905.5,97037.0,96546.5,96597.5,213871.0,48.31770546056261,19.34931316888833,-24.91851044763787,599.3214285714286,96561.61,-0.0031834158654848854,0,0 days 00:15:00
2026-01-15 23:30:00+05:30,96594.5,96601.0,96086.5,96217.0,258339.0,55.450056969236606,-10.425421415799065,-22.01989264127011,558.0357142857143,96557.87,-0.003946803730308838,0,0 days 00:15:00
2026-01-15 23:45:00+05:30,96231.5,96249.5,96015.5,96155.0,134852.0,51.74834437086092,-38.58026564694592,-25.331967242405277,515.5,96553.06,-0.0006445844732777657,0,0 days 00:15:00
2026-01-16 00:00:00+05:30,96150.5,96221.5,95709.0,96005.0,206521.0,47.14477211796247,-72.16505510840216,-34.69858481560465,516.5,96544.86,-0.0015611993179307604,0,0 days 00:15:00
2026-01-16 00:15:00+05:30,96004.0,96006.5,95794.5,95817.0,80408.0,49.486421837624874,-112.65268155133526,-50.28940416275077,486.75,96531.99,-0.0019601511838511433,0,0 days 00:15:00
2026-01-16 00:30:00+05:30,95817.0,95910.5,95538.5,95763.5,154388.0,48.908357669308856,-147.35777142485313,-69.70307761517124,477.32142857142856,96523.92,-0.0005585119716329096,0,0 days 00:15:00
2026-01-16 00:45:00+05:30,95760.0,95874.5,95420.5,95485.0,139423.0,28.938528720188117,-195.0856022781809,-94.77958254777316,411.0357142857143,96509.53,-0.002912443202018405,0,0 days 00:15:00
2026-01-16 01:00:00+05:30,95485.0,95556.0,95158.0,95376.5,181467.0,32.06177893561592,-238.9112748580956,-123.60592100983766,387.57142857142856,96493.74,-0.0011369502145562296,1,0 days 00:15:00
2026-01-16 01:15:00+05:30,95356.0,95688.5,95343.5,95479.5,102992.0,33.43664539653601,-262.30846819154976,-151.34643044618008,392.0,96474.47,0.0010793478853116185,1,0 days 00:15:00
2026-01-16 01:30:00+05:30,95479.5,95629.5,95404.5,95512.0,66026.0,24.190199335548172,-275.0577396842418,-176.08869229379243,370.2142857142857,96453.51,0.0003403292849545323,0,0 days 00:15:00
2026-01-16 01:45:00+05:30,95512.0,95546.0,95133.5,95175.5,116743.0,21.706726290292522,-308.7552288630104,-202.62199960763604,381.3928571428572,96424.97,-0.0035293383078948337,1,0 days 00:15:00
2026-01-16 02:00:00+05:30,95179.0,95370.5,95100.0,95240.0,77674.0,25.751243781094516,-326.4925183465384,-227.39610335541653,370.9285714285714,96400.82,0.0006774658834697816,0,0 days 00:15:00
2026-01-16 02:15:00+05:30,95241.0,95288.0,95109.5,95231.0,50991.0,17.964989059080963,-337.386491379526,-249.39418096023843,361.0,96378.77,-9.45025752655169e-05,1,0 days 00:15:00
2026-01-16 02:30:00+05:30,95236.0,95439.5,95164.5,95302.0,35223.0,12.631088324399911,-336.4129774722678,-266.7979402626443,349.57142857142856,96356.76,0.0007452777554160699,1,0 days 00:15:00
2026-01-16 02:45:00+05:30,95301.0,95464.0,95298.5,95416.5,28166.0,19.748975409836063,-322.6825836421194,-277.9748689385393,326.35714285714283,96332.78,0.0012007226751108325,1,0 days 00:15:00
2026-01-16 03:00:00+05:30,95416.0,95489.0,95365.5,95463.0,21636.0,26.699629171817065,-304.5384564687265,-283.28758644457673,298.42857142857144,96311.05,0.00048721838562929004,1,0 days 00:15:00
2026-01-16 03:15:00+05:30,95463.0,95608.5,95463.0,95555.5,25183.0,31.816803154382768,-279.4735311167024,-282.5247753790019,292.10714285714283,96287.97,0.0009684926562635941,0,0 days 00:15:00
2026-01-16 03:30:00+05:30,95554.5,95706.5,95462.5,95530.5,48278.0,34.427305546439115,-258.64518753757875,-277.74885781071725,272.92857142857144,96257.82,-0.0002616622896772638,1,0 days 00:15:00
2026-01-16 03:45:00+05:30,95535.0,95727.5,95457.0,95675.5,17543.0,45.22120905099628,-227.81220966178807,-267.76152818093146,277.10714285714283,96231.27,0.0015166890975789695,0,0 days 00:15:00
2026-01-16 04:00:00+05:30,95675.5,95843.5,95627.5,95635.5,32793.0,45.6373551465576,-204.25005081707783,-255.0592327081608,265.9642857142857,96207.49,-0.0004181672834587041,0,0 days 00:15:00
2026-01-16 04:15:00+05:30,95636.5,95687.0,95522.0,95546.5,17944.0,52.40704500978473,-190.56174914882288,-242.1597359962932,245.32142857142856,96183.37,-0.0009310500615033281,1,0 days 00:15:00
2026-01-16 04:30:00+05:30,95537.0,95597.5,95372.0,95569.5,26333.0,58.09563758389262,-175.8308945751196,-228.8939677120585,233.0,96159.98,0.00024069151835566632,0,0 days 00:15:00
2026-01-16 04:45:00+05:30,95565.5,95685.5,95531.0,95532.0,15037.0,52.33022636484687,-165.27730885981873,-216.17063594161056,219.39285714285717,96135.17,-0.00039246160267015075,0,0 days 00:15:00
2026-01-16 05:00:00+05:30,95531.0,95532.0,95433.5,95483.0,10398.0,48.73140857392826,-159.0341598366067,-204.7433407206098,210.3571428571429,96110.58,-0.0005130487247055508,1,0 days 00:15:00
2026-01-16 05:15:00+05:30,95491.0,95603.5,95488.0,95577.5,7802.0,72.3085460599334,-144.79198712798825,-192.7530700020855,189.5,96085.37,0.0009892155385970575,1,0 days 00:15:00
2026-01-16 05:30:00+05:30,95583.5,95706.0,95538.0,95639.0,17273.0,72.21603563474387,-127.07755566533888,-179.6179671347362,182.17857142857144,96065.15,0.0006432499509255552,1,0 days 00:15:00
2026-01-16 05:45:00+05:30,95638.0,95738.5,95595.0,95661.5,10359.0,73.61492046077893,-109.9556785289169,-165.68550941357236,179.67857142857142,96047.2,0.00023523200518298359,1,0 days 00:15:00
2026-01-16 06:00:00+05:30,95661.5,95796.0,95643.5,95774.0,16335.0,74.76390346274921,-86.31368728494272,-149.81114498784643,170.92857142857142,96029.62,0.0011753307296780645,0,0 days 00:15:00
2026-01-16 06:15:00+05:30,95776.5,95776.5,95573.0,95591.5,12001.0,58.570029382957884,-81.36553246663243,-136.12202248360364,173.64285714285714,96009.37,-0.0019073454235732674,0,0 days 00:15:00
2026-01-16 06:30:00+05:30,95599.0,95600.0,95391.0,95450.0,32253.0,49.41756272401434,-87.84927974609309,-126.46747393610154,179.75,95984.17,-0.0014813537987896925,1,0 days 00:15:00
2026-01-16 06:45:00+05:30,95443.0,95631.0,95434.5,95624.5,26910.0,52.879799666110195,-78.00777941237902,-116.77553503135704,183.39285714285717,95957.83,0.0018265132031034543,0,0 days 00:15:00
2026-01-16 07:00:00+05:30,95624.5,95835.0,95609.0,95618.5,43154.0,53.73197625106022,-69.88685716332111,-107.39779945774988,182.1071428571429,95933.67,-6.274739469643283e-05,1,0 days 00:15:00
2026-01-16 07:15:00+05:30,95618.5,95738.0,95618.5,95633.0,16888.0,47.97329518359562,-61.57118466433894,-98.23247649906769,171.32142857142858,95908.52,0.00015163279794174614,0,0 days 00:15:00
2026-01-16 07:30:00+05:30,95633.0,95633.0,95409.5,95432.5,53577.0,41.60463192721257,-70.348692710264,-92.65571974130695,171.85714285714286,95882.35,-0.00209875747946731,1,0 days 00:15:00
2026-01-16 07:45:00+05:30,95432.5,95658.5,95359.5,95647.0,50767.0,53.76545522667665,-59.31285208859481,-85.98714621076454,181.42857142857144,95859.07,0.0022451397465625303,0,0 days 00:15:00
2026-01-16 08:00:00+05:30,95646.0,95649.5,95409.0,95460.0,25840.0,46.346346346346344,-64.90798719026498,-81.77131440666463,182.5,95826.43,-0.001957019467450164,1,0 days 00:15:00
2026-01-16 08:15:00+05:30,95459.0,95526.5,95453.0,95478.5,17035.0,48.191956742142615,-67.07616441018763,-78.83228440736923,176.71428571428572,95801.0,0.00019377967311864295,1,0 days 00:15:00
2026-01-16 08:30:00+05:30,95478.5,95560.0,95478.5,95552.0,17435.0,52.2938829787234,-62.14723015902564,-75.49527355770051,175.5,95796.31,0.0007695106658560263,0,0 days 00:15:00
2026-01-16 08:45:00+05:30,95550.0,95550.5,95462.0,95472.0,16254.0,46.458543135280294,-63.95906537353585,-73.18803192086759,173.32142857142858,95785.29,-0.0008375911369991603,0,0 days 00:15:00
2026-01-16 09:00:00+05:30,95472.0,95473.0,95365.0,95416.0,31808.0,42.48652291105121,-69.1169526171143,-72.37381606011692,169.03571428571428,95769.25,-0.0005867315033581394,0,0 days 00:15:00
2026-01-16 09:15:00+05:30,95416.0,95416.5,95294.0,95330.0,41405.0,39.2891760904685,-79.23077364706842,-73.74520757750722,167.53571428571428,95758.78,-0.000901722770881067,1,0 days 00:15:00
2026-01-16 09:30:00+05:30,95329.0,95423.5,95311.0,95406.5,31678.0,37.84320211710221,-80.14922860047955,-75.02601178210169,164.67857142857142,95750.07,0.0008021537996346192,0,0 days 00:15:00
2026-01-16 09:45:00+05:30,95406.5,95556.5,95364.5,95370.5,50862.0,41.904761904761905,-82.82722916395869,-76.5862552584731,163.85714285714286,95722.7,-0.0003774039892366818,0,0 days 00:15:00
2026-01-16 10:00:00+05:30,95369.5,95422.0,95160.0,95203.5,87532.0,41.13628191298094,-97.30341502808731,-80.72968721239596,167.64285714285714,95699.96,-0.0017526004884879786,1,0 days 00:15:00
2026-01-16 10:15:00+05:30,95204.5,95260.0,95121.0,95243.5,69117.0,34.8328025477707,-104.34540207231476,-85.45283018437972,163.53571428571428,95677.07,0.00042006438104239755,1,0 days 00:15:00
2026-01-16 10:30:00+05:30,95241.5,95419.5,95220.5,95374.0,76610.0,41.144512857660274,-98.2632505876245,-88.01491426502868,161.60714285714286,95649.45,0.0013692344132987429,0,0 days 00:15:00
2026-01-16 10:45:00+05:30,95374.0,95404.0,95233.0,95274.5,36447.0,37.768679631525075,-100.3155450017366,-90.47504041237028,165.28571428571428,95621.06,-0.001043805841997428,1,0 days 00:15:00
2026-01-16 11:00:00+05:30,95275.5,95631.0,95265.0,95562.5,77446.0,54.18544752092724,-77.80591190737323,-87.94121471137088,175.46428571428572,95603.14,0.0030182849095408727,1,0 days 00:15:00
2026-01-16 11:15:00+05:30,95561.5,95664.5,95537.0,95626.0,58033.0,49.251069900142646,-54.21795535870479,-81.19656284083766,163.21428571428572,95581.76,0.0006642659190793813,0,0 days 00:15:00
2026-01-16 11:30:00+05:30,95625.0,95800.0,95557.0,95580.0,105352.0,54.75812846946867,-38.78900985351356,-72.71505224337284,163.39285714285714,95555.25,-0.0004811564583481376,1,0 days 00:15:00
2026-01-16 11:45:00+05:30,95581.0,95661.5,95495.5,95629.5,46531.0,55.84365325077399,-22.310046738610254,-62.634051142420326,170.0,95535.89,0.0005177567129855639,1,0 days 00:15:00
2026-01-16 12:00:00+05:30,95630.0,95710.0,95601.0,95669.0,32902.0,54.650238473767885,-5.993935503414832,-51.30602801461923,171.96428571428572,95524.93,0.0004129671749791601,1,0 days 00:15:00
2026-01-16 12:15:00+05:30,95663.0,95730.0,95634.5,95712.5,25738.0,59.844453540728615,10.327734957259963,-38.97927542024339,172.35714285714286,95516.08,0.0004545894012650311,0,0 days 00:15:00
2026-01-16 12:30:00+05:30,95712.5,95760.0,95661.5,95661.5,24488.0,60.09042334566379,18.92929745541187,-27.39756084511234,171.67857142857142,95509.21,-0.0005329877748003869,0,0 days 00:15:00
2026-01-16 12:45:00+05:30,95660.5,95660.5,95536.5,95557.0,37069.0,59.19028340080971,17.11651254707249,-18.494746166675377,171.85714285714286,95504.01,-0.0010929905882874804,0,0 days 00:15:00
2026-01-16 13:00:00+05:30,95558.0,95558.0,95442.0,95460.0,60920.0,52.13062524890482,7.763287760797539,-13.243139381180796,172.10714285714286,95497.94,-0.0010156164984034782,1,0 days 00:15:00
2026-01-16 13:15:00+05:30,95460.0,95644.0,95459.0,95618.5,41956.0,58.99854862119014,12.990666771438557,-7.996378150656925,171.60714285714286,95500.61,0.0016590044024130095,1,0 days 00:15:00
2026-01-16 13:30:00+05:30,95619.0,95685.0,95538.5,95677.5,32021.0,68.66141732283465,21.644702557314304,-2.06816200906268,163.35714285714286,95506.63,0.0006168451182541458,1,0 days 00:15:00
2026-01-16 13:45:00+05:30,95678.5,95795.0,95646.5,95769.0,44224.0,69.88270904275444,35.47741204701015,5.440952802151887,164.03571428571428,95512.42,0.0009558806973962256,0,0 days 00:15:00
2026-01-16 14:00:00+05:30,95776.5,95815.5,95630.5,95745.5,66424.0,65.2943598188555,44.036060085418285,13.159974258805168,163.03571428571428,95517.09,-0.00024541222850435934,0,0 days 00:15:00
2026-01-16 14:15:00+05:30,95740.5,95748.5,95632.0,95637.5,21205.0,64.84055600981193,41.6243335048639,18.85284610801692,159.14285714285714,95526.33,-0.001128627009339293,1,0 days 00:15:00
2026-01-16 14:30:00+05:30,95637.5,95751.0,95624.0,95654.5,30525.0,54.831932773109244,40.61657810976613,23.20559250836676,142.07142857142858,95534.62,0.00017773874542327192,1,0 days 00:15:00
2026-01-16 14:45:00+05:30,95654.5,95691.0,95551.5,95690.0,37970.0,53.46320346320346,42.19606800696056,27.00368760808552,142.92857142857142,95543.8,0.00037105848777802116,0,0 days 00:15:00
2026-01-16 15:00:00+05:30,95700.0,95702.0,95605.5,95626.5,14637.0,52.469463621879974,37.887166154250735,29.18038331731856,132.46428571428572,95550.29,-0.0006638214929900618,0,0 days 00:15:00
2026-01-16 15:15:00+05:30,95592.5,95604.0,95567.5,95577.5,21092.0,47.23698193411265,30.170651413180167,29.37843693649089,124.82142857142856,95553.51,-0.0005125415898483954,0,0 days 00:15:00
2026-01-16 15:30:00+05:30,95567.0,95568.0,95453.0,95531.0,61608.0,42.721518987341774,20.071722184002283,27.517093985993167,125.92857142857144,95554.87,-0.0004866345653663235,0,0 days 00:15:00
2026-01-16 15:45:00+05:30,95532.0,95532.0,95385.5,95392.0,77074.0,34.64302827024437,0.84239903082198,22.18215499495893,129.57142857142858,95551.6,-0.0014560846473057384,0,0 days 00:15:00
2026-01-16 16:00:00+05:30,95392.5,95398.5,95287.0,95351.5,75907.0,34.99515972894483,-17.463679212043644,14.252988153558418,130.5,95548.02,-0.0004246540575025803,0,0 days 00:15:00
2026-01-16 16:15:00+05:30,95352.5,95386.5,95263.5,95282.0,59151.0,36.22244488977957,-37.15119146258803,3.972152230329129,130.35714285714286,95540.15,-0.0007291478473528938,0,0 days 00:15:00
2026-01-16 16:30:00+05:30,95282.0,95350.0,95220.0,95275.0,76217.0,39.81277533039648,-52.71090970488149,-7.364460156712996,131.35714285714286,95532.94,-7.346883088158361e-05,1,0 days 00:15:00
2026-01-16 16:45:00+05:30,95278.0,95349.0,95222.0,95324.0,48654.0,31.559173450219163,-60.392046108914656,-17.96997734715333,127.21428571428572,95528.49,0.0005141685011935781,0,0 days 00:15:00
2026-01-16 17:00:00+05:30,95323.0,95381.5,95275.5,95275.5,37935.0,24.492385786802032,-69.59074789429724,-28.294131456582114,124.32142857142856,95522.61,-0.0005089205485511778,1,0 days 00:15:00
2026-01-16 17:15:00+05:30,95275.5,95446.0,95266.0,95393.0,57137.0,26.904176904176907,-66.63143165328074,-35.96159149592184,126.57142857142856,95519.83,0.0012325057875236967,1,0 days 00:15:00
2026-01-16 17:30:00+05:30,95392.0,95459.5,95376.0,95443.0,40062.0,32.00475907198097,-59.56494249973912,-40.682261696685295,119.32142857142856,95519.03,0.0005240101568269159,1,0 days 00:15:00
2026-01-16 17:45:00+05:30,95442.0,95546.0,95432.0,95541.0,59699.0,44.19024683925346,-45.53205279255053,-41.652219915858346,119.14285714285714,95518.3,0.0010262640703020396,0,0 days 00:15:00
2026-01-16 18:00:00+05:30,95540.0,95541.0,95398.5,95463.5,51969.0,39.28170594837261,-40.20107592461864,-41.3619911176104,120.25,95514.79,-0.000811499250049244,0,0 days 00:15:00
2026-01-16 18:15:00+05:30,95463.0,95480.0,95324.0,95424.0,55056.0,35.13966480446928,-38.71724987794005,-40.83304286967633,121.42857142857144,95510.04,-0.00041385633489655915,1,0 days 00:15:00
2026-01-16 18:30:00+05:30,95425.0,95503.5,95358.5,95502.5,42966.0,43.18681318681318,-30.85137762053637,-38.836709819848345,124.89285714285714,95504.61,0.0008223060122443314,0,0 days 00:15:00
2026-01-16 18:45:00+05:30,95502.5,95529.0,95441.5,95485.0,55964.0,44.73534433693796,-25.73308593602269,-36.215985043083215,126.92857142857144,95502.48,-0.0001832580671402341,0,0 days 00:15:00
2026-01-16 19:00:00+05:30,95483.0,95545.5,95247.5,95380.5,111894.0,41.96476241324079,-29.765956144037773,-34.92597926327413,139.32142857142858,95501.09,-0.0010950120419011267,1,0 days 00:15:00
2026-01-16 19:15:00+05:30,95379.5,95454.5,95362.5,95409.5,47745.0,51.05868118572292,-30.27300880108669,-33.99538517083664,135.42857142857142,95496.79,0.00030399916372286285,1,0 days 00:15:00
2026-01-16 19:30:00+05:30,95409.5,95532.0,95396.5,95415.0,50329.0,54.011370814908396,-29.886534286823007,-33.17361499403392,137.14285714285714,95492.72,5.7644589678164315e-05,1,0 days 00:15:00
2026-01-16 19:45:00+05:30,95415.0,95680.0,95310.5,95679.0,150829.0,70.131845841785,-8.183324518802692,-28.17555689898768,154.75,95493.64,0.002763039843810321,0,0 days 00:15:00
2026-01-16 20:00:00+05:30,95680.0,95773.0,95178.0,95179.0,406041.0,46.75456389452333,-30.972167868429096,-28.734879092875964,187.9642857142857,95488.57,-0.005239509413825249,0,0 days 00:15:00
2026-01-16 20:15:00+05:30,95179.5,95461.5,95139.5,95146.0,225166.0,43.91660970608339,-51.10619422078889,-33.20914211845855,201.89285714285717,95478.55,-0.00034677525633200967,1,0 days 00:15:00
2026-01-16 20:30:00+05:30,95146.0,95646.0,95012.5,95545.0,518322.0,57.43038323683485,-34.469249690911965,-33.46116363294924,239.57142857142856,95480.25,0.004184786720804462,0,0 days 00:15:00
2026-01-16 20:45:00+05:30,95545.0,95565.0,94647.5,94682.0,620266.0,36.10785463071512,-89.88509942175006,-44.7459507907094,292.25,95464.32,-0.009073432485273107,0,0 days 00:15:00
2026-01-16 21:00:00+05:30,94683.0,94790.0,94356.0,94498.0,494674.0,32.4545116969922,-146.9558067673206,-65.18792198603164,317.2857142857143,95443.24,-0.0019452379534895558,1,0 days 00:15:00
2026-01-16 21:15:00+05:30,94498.0,94644.0,94243.5,94546.5,298607.0,31.18971061093248,-186.12566800080825,-89.37547118898696,337.75,95424.73,0.0005131067136477145,1,0 days 00:15:00
2026-01-16 21:30:00+05:30,94547.5,94834.5,94464.5,94770.0,229568.0,37.56945689191612,-196.86415565667264,-110.87320808252412,354.0,95411.81,0.002361126513883896,1,0 days 00:15:00
2026-01-16 21:45:00+05:30,94770.0,94909.5,94558.5,94834.5,165415.0,39.527447148694264,-197.8887353795726,-128.27631354193383,367.9285714285714,95401.9,0.0006803636252098529,1,0 days 00:15:00
2026-01-16 22:00:00+05:30,94836.0,94938.0,94654.0,94859.5,182691.0,38.35566823614633,-194.4420245028741,-141.5094557341219,377.8571428571428,95390.96,0.00026358240265637477,0,0 days 00:15:00
2026-01-16 22:15:00+05:30,94859.0,94959.5,94737.5,94836.5,109901.0,38.279414422555575,-191.36050430599423,-151.47966544849638,387.4642857142857,95380.28,-0.00024249325354997874,0,0 days 00:15:00
2026-01-16 22:30:00+05:30,94835.5,94836.5,94620.0,94765.0,141845.0,38.74154014999085,-192.4691650713503,-159.67756537306715,381.6428571428572,95371.51,-0.0007542134781563317,0,0 days 00:15:00
2026-01-16 22:45:00+05:30,94765.0,94882.5,94515.0,94729.0,162190.0,37.58438241196862,-194.0161880063388,-166.5452898997215,401.32142857142856,95361.22,-0.00037995926449499646,1,0 days 00:15:00
2026-01-16 23:00:00+05:30,94728.0,94902.5,94707.5,94901.5,93641.0,41.16938950988822,-179.25654856218898,-169.087541632215,405.57142857142856,95351.77,0.0018193280888949268,1,0 days 00:15:00
2026-01-16 23:15:00+05:30,94902.5,95105.5,94750.5,95047.5,156399.0,38.680767162573936,-154.0031951678975,-166.0706723393515,404.5357142857143,95347.23,0.001537255039528538,0,0 days 00:15:00
2026-01-16 23:30:00+05:30,95052.0,95182.0,95014.0,95025.0,146113.0,46.66955017301038,-134.2576539596339,-159.708068663408,374.0357142857143,95336.48,-0.00023675176687943362,1,0 days 00:15:00
2026-01-16 23:45:00+05:30,95025.0,95165.0,94983.0,95114.5,38185.0,49.335022165927796,-110.11789769721508,-149.79003447016942,364.0357142857143,95326.25,0.0009414141365685067,0,0 days 00:15:00
